taxonomy_id	name	rank	lineage	barcode35_barcode35_diamond.diamond	barcode33_barcode33_diamond.diamond	barcode36_barcode36_diamond.diamond	barcode34_barcode34_diamond.diamond	barcode37_barcode37_diamond.diamond	barcode38_barcode38_diamond.diamond
9606	Homo sapiens	species	cellular organisms;Eukaryota;Opisthokonta;Metazoa;Eumetazoa;Bilateria;Deuterostomia;Chordata;Craniata;Vertebrata;Gnathostomata;Teleostomi;Euteleostomi;Sarcopterygii;Dipnotetrapodomorpha;Tetrapoda;Amniota;Mammalia;Theria;Eutheria;Boreoeutheria;Euarchontoglires;Primates;Haplorrhini;Simiiformes;Catarrhini;Hominoidea;Hominidae;Homininae;Homo;Homo sapiens	531444	448082	677729	616905	312253	33499
131567	cellular organisms	cellular root	cellular organisms	5861	7465	7843	14621	5219	9693
0				639034	646311	877322	1119492	1261357	5744376
1428	Bacillus thuringiensis	species	cellular organisms;Bacteria;Bacillati;Bacillota;Bacilli;Bacillales;Bacillaceae;Bacillus;Bacillus cereus group;Bacillus thuringiensis	155	159	322	286	92	20
1884475	Vibrio sp. 10N.261.54.E10	species	cellular organisms;Bacteria;Pseudomonadati;Pseudomonadota;Gammaproteobacteria;Vibrionales;Vibrionaceae;Vibrio;unclassified Vibrio;Vibrio sp. 10N.261.54.E10	409	433	693	414	436	810
76775	Malassezia restricta	species	cellular organisms;Eukaryota;Opisthokonta;Fungi;Dikarya;Basidiomycota;Ustilaginomycotina;Malasseziomycetes;Malasseziales;Malasseziaceae;Malassezia;Malassezia restricta	9	8	9	11	4	2
2082949	Microvirga sp. 17 mud 1-3	species	cellular organisms;Bacteria;Pseudomonadati;Pseudomonadota;Alphaproteobacteria;Hyphomicrobiales;Methylobacteriaceae;Microvirga;unclassified Microvirga;Microvirga sp. 17 mud 1-3	1	0	0	0	0	0
32008	Burkholderia	genus	cellular organisms;Bacteria;Pseudomonadati;Pseudomonadota;Betaproteobacteria;Burkholderiales;Burkholderiaceae;Burkholderia	146	123	168	1830	118	85
28211	Alphaproteobacteria	class	cellular organisms;Bacteria;Pseudomonadati;Pseudomonadota;Alphaproteobacteria	93	149	141	264	191	36
91347	Enterobacterales	order	cellular organisms;Bacteria;Pseudomonadati;Pseudomonadota;Gammaproteobacteria;Enterobacterales	30	78	101	440	3382	2813
1236	Gammaproteobacteria	class	cellular organisms;Bacteria;Pseudomonadati;Pseudomonadota;Gammaproteobacteria	91	549	2177	9338	2603	930398
2851642	Microbacterium aurugineum	species	cellular organisms;Bacteria;Bacillati;Actinomycetota;Actinomycetes;Micrococcales;Microbacteriaceae;Microbacterium;Microbacterium aurugineum	8	9	10	23	2	3
562	Escherichia coli	species	cellular organisms;Bacteria;Pseudomonadati;Pseudomonadota;Gammaproteobacteria;Enterobacterales;Enterobacteriaceae;Escherichia;Escherichia coli	107	1002	4159	40995	742	1801885
2759	Eukaryota	domain	cellular organisms;Eukaryota	110	212	192	829	1513	100
1280	Staphylococcus aureus	species	cellular organisms;Bacteria;Bacillati;Bacillota;Bacilli;Bacillales;Staphylococcaceae;Staphylococcus;Staphylococcus aureus	94	81	175	200	45333	169
543	Enterobacteriaceae	family	cellular organisms;Bacteria;Pseudomonadati;Pseudomonadota;Gammaproteobacteria;Enterobacterales;Enterobacteriaceae	95	781	1608	21760	4839	376724
158836	Enterobacter hormaechei	species	cellular organisms;Bacteria;Pseudomonadati;Pseudomonadota;Gammaproteobacteria;Enterobacterales;Enterobacteriaceae;Enterobacter;Enterobacter cloacae complex;Enterobacter hormaechei	26	15	27	59	41	41
2	Bacteria	domain	cellular organisms;Bacteria	96	286	491	1214	114486	51596
356	Hyphomicrobiales	order	cellular organisms;Bacteria;Pseudomonadati;Pseudomonadota;Alphaproteobacteria;Hyphomicrobiales	21	51	37	56	697	109
1279	Staphylococcus	genus	cellular organisms;Bacteria;Bacillati;Bacillota;Bacilli;Bacillales;Staphylococcaceae;Staphylococcus	100	68	201	125	2098398	220
482957	Burkholderia lata	species	cellular organisms;Bacteria;Pseudomonadati;Pseudomonadota;Betaproteobacteria;Burkholderiales;Burkholderiaceae;Burkholderia;Burkholderia cepacia complex;Burkholderia lata	2	0	0	0	0	0
33154	Opisthokonta	clade	cellular organisms;Eukaryota;Opisthokonta	63	87	78	163	27	7
12022	Escherichia phage MS2	no rank	Viruses;Riboviria;Orthornavirae;Lenarviricota;Leviviricetes;Norzivirales;Fiersviridae;Emesvirus;Emesvirus zinderi;Escherichia phage MS2	27	108	179	360	562	246
119060	Burkholderiaceae	family	cellular organisms;Bacteria;Pseudomonadati;Pseudomonadota;Betaproteobacteria;Burkholderiales;Burkholderiaceae	2	347	1666	257	88	13
3342640	Roseomonas sp. CCTCC AB2023176	species	cellular organisms;Bacteria;Pseudomonadati;Pseudomonadota;Alphaproteobacteria;Acetobacterales;Roseomonadaceae;Roseomonas;unclassified Roseomonas;Roseomonas sp. CCTCC AB2023176	2	1	1	3	0	0
672	Vibrio vulnificus	species	cellular organisms;Bacteria;Pseudomonadati;Pseudomonadota;Gammaproteobacteria;Vibrionales;Vibrionaceae;Vibrio;Vibrio vulnificus	6	70	402	1580	15	180025
1783272	Bacillati	kingdom	cellular organisms;Bacteria;Bacillati	6	10	7	45	67869	419
11250	human respiratory syncytial virus	no rank	Viruses;Riboviria;Orthornavirae;Negarnaviricota;Haploviricotina;Monjiviricetes;Mononegavirales;Pneumoviridae;Orthopneumovirus;Orthopneumovirus hominis;human respiratory syncytial virus	40	43	95	69	790931	140476
1224	Pseudomonadota	phylum	cellular organisms;Bacteria;Pseudomonadati;Pseudomonadota	33	509	224	572	567	79655
90241	Lwoffella lincolnii	species	cellular organisms;Bacteria;Pseudomonadati;Pseudomonadota;Gammaproteobacteria;Moraxellales;Moraxellaceae;Lwoffella;Lwoffella lincolnii	34	43	65	72	63	858633
1760	Actinomycetes	class	cellular organisms;Bacteria;Bacillati;Actinomycetota;Actinomycetes	45	72	54	143	2230	40
468	Moraxellaceae	family	cellular organisms;Bacteria;Pseudomonadati;Pseudomonadota;Gammaproteobacteria;Moraxellales;Moraxellaceae	34	175	230	1121	58	684457
85015	Nocardioidaceae	family	cellular organisms;Bacteria;Bacillati;Actinomycetota;Actinomycetes;Propionibacteriales;Nocardioidaceae	6	17	13	30	5	3
475	Moraxella	genus	cellular organisms;Bacteria;Pseudomonadati;Pseudomonadota;Gammaproteobacteria;Moraxellales;Moraxellaceae;Moraxella	8	1114	477	7233	3	67941
3379134	Pseudomonadati	kingdom	cellular organisms;Bacteria;Pseudomonadati	7	16	19	148	47	16627
2560525	Human orthorubulavirus 2	no rank	Viruses;Riboviria;Orthornavirae;Negarnaviricota;Haploviricotina;Monjiviricetes;Mononegavirales;Paramyxoviridae;Rubulavirinae;Orthorubulavirus;Orthorubulavirus laryngotracheitidis;Human orthorubulavirus 2	10	358147	18	18	17	32
208893	Human respiratory syncytial virus A	no rank	Viruses;Riboviria;Orthornavirae;Negarnaviricota;Haploviricotina;Monjiviricetes;Mononegavirales;Pneumoviridae;Orthopneumovirus;Orthopneumovirus hominis;human respiratory syncytial virus;Human respiratory syncytial virus A	4	9	13	8	158868	670
28100	Phyllobacterium	genus	cellular organisms;Bacteria;Pseudomonadati;Pseudomonadota;Alphaproteobacteria;Hyphomicrobiales;Phyllobacteriaceae;Phyllobacterium	23	54	59	116	2203	220
2211106	Thiomicrorhabdus aquaedulcis	species	cellular organisms;Bacteria;Pseudomonadati;Pseudomonadota;Gammaproteobacteria;Thiotrichales;Piscirickettsiaceae;Thiomicrorhabdus;Thiomicrorhabdus aquaedulcis	1	0	0	0	1	0
3423955	Dankookia sp. P2	species	cellular organisms;Bacteria;Pseudomonadati;Pseudomonadota;Alphaproteobacteria;Acetobacterales;Roseomonadaceae;Dankookia;unclassified Dankookia;Dankookia sp. P2	19	11	18	43	10	1
349221	Micavibrio aeruginosavorus	species	cellular organisms;Bacteria;Pseudomonadati;Bdellovibrionota;Bdellovibrionia;Bdellovibrionales;Pseudobdellovibrionaceae;Micavibrio;Micavibrio aeruginosavorus	2	0	0	0	0	0
3077918	Wolbachia endosymbiont (group B) of Agriphila inquinatella	species	cellular organisms;Bacteria;Pseudomonadati;Pseudomonadota;Alphaproteobacteria;Rickettsiales;Anaplasmataceae;Wolbachieae;Wolbachia;unclassified Wolbachia;Wolbachia endosymbiont (group B) of Agriphila inquinatella	2	2	2	0	0	0
1868215	Orthopneumovirus	genus	Viruses;Riboviria;Orthornavirae;Negarnaviricota;Haploviricotina;Monjiviricetes;Mononegavirales;Pneumoviridae;Orthopneumovirus	18	20	33	28	355989	26773
1385	Bacillales	order	cellular organisms;Bacteria;Bacillati;Bacillota;Bacilli;Bacillales	5	2	3	3	80314	10
1	root	no rank		22	178	64	466	50199	4283
3416391	Sphingomonas sp. CJ99	species	cellular organisms;Bacteria;Pseudomonadati;Pseudomonadota;Alphaproteobacteria;Sphingomonadales;Sphingomonadaceae;Sphingomonas;unclassified Sphingomonas;Sphingomonas sp. CJ99	1	0	0	1	0	1
90964	Staphylococcaceae	family	cellular organisms;Bacteria;Bacillati;Bacillota;Bacilli;Bacillales;Staphylococcaceae	4	6	5	11	93411	8
80864	Comamonadaceae	family	cellular organisms;Bacteria;Pseudomonadati;Pseudomonadota;Betaproteobacteria;Burkholderiales;Comamonadaceae	1	2	0	1	0	20
69277	Phyllobacteriaceae	family	cellular organisms;Bacteria;Pseudomonadati;Pseudomonadota;Alphaproteobacteria;Hyphomicrobiales;Phyllobacteriaceae	2	7	1	7	168	8
1300323	Scheffersomyces segobiensis virus L	no rank	Viruses;Riboviria;Orthornavirae;Duplornaviricota;Chrymotiviricetes;Ghabrivirales;Alphatotivirineae;Orthototiviridae;Totivirus;Totivirus roku;Scheffersomyces segobiensis virus L	2	0	18	0	5	0
2884875	Haladaptatus halobius	species	cellular organisms;Archaea;Methanobacteriati;Methanobacteriota;Stenosarchaea group;Halobacteria;Halobacteriales;Haladaptataceae;Haladaptatus;Haladaptatus halobius	1	0	0	0	0	0
2560195	Orthorubulavirus	genus	Viruses;Riboviria;Orthornavirae;Negarnaviricota;Haploviricotina;Monjiviricetes;Mononegavirales;Paramyxoviridae;Rubulavirinae;Orthorubulavirus	2	82176	10	3	5	3
555317	Phyllobacterium meliloti	species	cellular organisms;Bacteria;Pseudomonadati;Pseudomonadota;Alphaproteobacteria;Hyphomicrobiales;Phyllobacteriaceae;Phyllobacterium;Phyllobacterium meliloti	3	15	12	7	43	17
550	Enterobacter cloacae	species	cellular organisms;Bacteria;Pseudomonadati;Pseudomonadota;Gammaproteobacteria;Enterobacterales;Enterobacteriaceae;Enterobacter;Enterobacter cloacae complex;Enterobacter cloacae	9	221	1145	39	27	298055
3400908	Parablastomonas sp. CN1-191	species	cellular organisms;Bacteria;Pseudomonadati;Pseudomonadota;Alphaproteobacteria;Sphingomonadales;Sphingomonadaceae;Parablastomonas;unclassified Parablastomonas;Parablastomonas sp. CN1-191	2	6	4	7	1	1
33882	Microbacterium	genus	cellular organisms;Bacteria;Bacillati;Actinomycetota;Actinomycetes;Micrococcales;Microbacteriaceae;Microbacterium	1	1	2	2	0	19
564305	Kwoniella shivajii	species	cellular organisms;Eukaryota;Opisthokonta;Fungi;Dikarya;Basidiomycota;Agaricomycotina;Tremellomycetes;Tremellales;Cryptococcaceae;Kwoniella;Kwoniella shivajii	1	1	1	3	0	2
497	Psychrobacter	genus	cellular organisms;Bacteria;Pseudomonadati;Pseudomonadota;Gammaproteobacteria;Moraxellales;Moraxellaceae;Psychrobacter	2	0	0	0	0	2371
196159	unclassified Sphingomonas	no rank	cellular organisms;Bacteria;Pseudomonadati;Pseudomonadota;Alphaproteobacteria;Sphingomonadales;Sphingomonadaceae;Sphingomonas;unclassified Sphingomonas	1	0	0	0	0	0
204457	Sphingomonadales	order	cellular organisms;Bacteria;Pseudomonadati;Pseudomonadota;Alphaproteobacteria;Sphingomonadales	2	7	4	12	2	2
41297	Sphingomonadaceae	family	cellular organisms;Bacteria;Pseudomonadati;Pseudomonadota;Alphaproteobacteria;Sphingomonadales;Sphingomonadaceae	5	2	1	7	0	1
11646	Lentivirus	genus	Viruses;Riboviria;Pararnavirae;Artverviricota;Revtraviricetes;Ortervirales;Retroviridae;Orthoretrovirinae;Lentivirus	7	136	76	529	4391	191
1414719	Corynebacterium jeddahense	species	cellular organisms;Bacteria;Bacillati;Actinomycetota;Actinomycetes;Mycobacteriales;Corynebacteriaceae;Corynebacterium;Corynebacterium jeddahense	1	0	0	0	4058	0
670	Vibrio parahaemolyticus	species	cellular organisms;Bacteria;Pseudomonadati;Pseudomonadota;Gammaproteobacteria;Vibrionales;Vibrionaceae;Vibrio;Vibrio harveyi group;Vibrio parahaemolyticus	2	33	58	1097	309	22781
44689	Dictyostelium discoideum	species	cellular organisms;Eukaryota;Amoebozoa;Evosea;Eumycetozoa;Dictyostelia;Dictyosteliales;Dictyosteliaceae;Dictyostelium;Dictyostelium discoideum	2	2	3	4	0	0
82115	Rhizobiaceae	family	cellular organisms;Bacteria;Pseudomonadati;Pseudomonadota;Alphaproteobacteria;Hyphomicrobiales;Rhizobiaceae	1	1	0	2	1	1
2617991	unclassified Magnetospirillum	no rank	cellular organisms;Bacteria;Pseudomonadati;Pseudomonadota;Alphaproteobacteria;Rhodospirillales;Rhodospirillaceae;Magnetospirillum;unclassified Magnetospirillum	1	0	0	0	0	0
161879	Corynebacterium kroppenstedtii	species	cellular organisms;Bacteria;Bacillati;Actinomycetota;Actinomycetes;Mycobacteriales;Corynebacteriaceae;Corynebacterium;Corynebacterium kroppenstedtii	1	0	0	0	0	0
208215	Parvularcula	genus	cellular organisms;Bacteria;Pseudomonadati;Pseudomonadota;Alphaproteobacteria;Parvularculales;Parvularculaceae;Parvularcula	1	0	0	0	0	0
563835	Chitinophagaceae	family	cellular organisms;Bacteria;Pseudomonadati;FCB group;Bacteroidota/Chlorobiota group;Bacteroidota;Chitinophagia;Chitinophagales;Chitinophagaceae	1	0	1	1	306	1
284811	Eremothecium gossypii ATCC 10895	strain	cellular organisms;Eukaryota;Opisthokonta;Fungi;Dikarya;Ascomycota;saccharomyceta;Saccharomycotina;Saccharomycetes;Saccharomycetales;Saccharomycetaceae;Eremothecium;Eremothecium gossypii;Eremothecium gossypii ATCC 10895	1	2	1	6	0	2
573658	Candidatus Hodgkinia cicadicola	species	cellular organisms;Bacteria;Pseudomonadati;Pseudomonadota;Alphaproteobacteria;Hyphomicrobiales;Hyphomicrobiales incertae sedis;Candidatus Hodgkinia;Candidatus Hodgkinia cicadicola	2	0	3	6	0	0
2593676	unclassified Streptomyces	no rank	cellular organisms;Bacteria;Bacillati;Actinomycetota;Actinomycetes;Kitasatosporales;Streptomycetaceae;Streptomyces;unclassified Streptomyces	3	1	3	7	3	1
1881061	Stappia sp. ES.058	species	cellular organisms;Bacteria;Pseudomonadati;Pseudomonadota;Alphaproteobacteria;Hyphomicrobiales;Stappiaceae;Stappia;unclassified Stappia;Stappia sp. ES.058	1	0	0	0	0	0
399	Neorhizobium galegae	species	cellular organisms;Bacteria;Pseudomonadati;Pseudomonadota;Alphaproteobacteria;Hyphomicrobiales;Rhizobiaceae;Rhizobium/Agrobacterium group;Neorhizobium;Neorhizobium galegae	1	0	0	0	0	0
11158	Paramyxoviridae	family	Viruses;Riboviria;Orthornavirae;Negarnaviricota;Haploviricotina;Monjiviricetes;Mononegavirales;Paramyxoviridae	2	18448	0	0	1	4
1716	Corynebacterium	genus	cellular organisms;Bacteria;Bacillati;Actinomycetota;Actinomycetes;Mycobacteriales;Corynebacteriaceae;Corynebacterium	3	4	5	112	9308	51
188144	Enterovibrio norvegicus	species	cellular organisms;Bacteria;Pseudomonadati;Pseudomonadota;Gammaproteobacteria;Vibrionales;Vibrionaceae;Enterovibrio;Enterovibrio norvegicus	3	0	3	1	1	0
1282	Staphylococcus epidermidis	species	cellular organisms;Bacteria;Bacillati;Bacillota;Bacilli;Bacillales;Staphylococcaceae;Staphylococcus;Staphylococcus epidermidis	4	7	14	13	159674	16
94643	Besnoitia besnoiti	species	cellular organisms;Eukaryota;Sar;Alveolata;Apicomplexa;Conoidasida;Coccidia;Eucoccidiorida;Eimeriorina;Sarcocystidae;Besnoitia;Besnoitia besnoiti	5	21	12	83	63	105
4893	Saccharomycetaceae	family	cellular organisms;Eukaryota;Opisthokonta;Fungi;Dikarya;Ascomycota;saccharomyceta;Saccharomycotina;Saccharomycetes;Saccharomycetales;Saccharomycetaceae	1	0	1	1	0	0
11244	Pneumoviridae	family	Viruses;Riboviria;Orthornavirae;Negarnaviricota;Haploviricotina;Monjiviricetes;Mononegavirales;Pneumoviridae	3	1	6	2	21444	841
147550	Sordariomycetes	class	cellular organisms;Eukaryota;Opisthokonta;Fungi;Dikarya;Ascomycota;saccharomyceta;Pezizomycotina;leotiomyceta;sordariomyceta;Sordariomycetes	1	3	1	0	0	45
2953748	Halorussus aquaticus	species	cellular organisms;Archaea;Methanobacteriati;Methanobacteriota;Stenosarchaea group;Halobacteria;Halobacteriales;Haladaptataceae;Halorussus;Halorussus aquaticus	1	0	0	0	0	0
553611	Photobacterium leiognathi	species	cellular organisms;Bacteria;Pseudomonadati;Pseudomonadota;Gammaproteobacteria;Vibrionales;Vibrionaceae;Photobacterium;Photobacterium leiognathi	7	2	8	5	4	9
198214	Shigella flexneri 2a str. 301	strain	cellular organisms;Bacteria;Pseudomonadati;Pseudomonadota;Gammaproteobacteria;Enterobacterales;Enterobacteriaceae;Shigella;Shigella flexneri;Shigella flexneri 2a;Shigella flexneri 2a str. 301	1	1	4	23	7	28
1239	Bacillota	phylum	cellular organisms;Bacteria;Bacillati;Bacillota	2	18	10	141	70018	1014
3080828	Methylocapsa polymorpha	species	cellular organisms;Bacteria;Pseudomonadati;Pseudomonadota;Alphaproteobacteria;Hyphomicrobiales;Beijerinckiaceae;Methylocapsa;Methylocapsa polymorpha	1	0	0	0	1	0
199306	Coccidioides posadasii	species	cellular organisms;Eukaryota;Opisthokonta;Fungi;Dikarya;Ascomycota;saccharomyceta;Pezizomycotina;leotiomyceta;Eurotiomycetes;Eurotiomycetidae;Onygenales;Onygenaceae;Coccidioides;Coccidioides posadasii	1	0	0	0	0	0
451864	Dikarya	subkingdom	cellular organisms;Eukaryota;Opisthokonta;Fungi;Dikarya	2	2	4	3	1	2
32615	Puma lentivirus 14	no rank	Viruses;Riboviria;Pararnavirae;Artverviricota;Revtraviricetes;Ortervirales;Retroviridae;Orthoretrovirinae;Lentivirus;Lentivirus pum;Puma lentivirus;Puma lentivirus 14	2	12	7	47	331	15
4896	Schizosaccharomyces pombe	species	cellular organisms;Eukaryota;Opisthokonta;Fungi;Dikarya;Ascomycota;Taphrinomycotina;Schizosaccharomycetes;Schizosaccharomycetales;Schizosaccharomycetaceae;Schizosaccharomyces;Schizosaccharomyces pombe	1	0	0	1	0	1
1929291	Reyranella sp.	species	cellular organisms;Bacteria;Pseudomonadati;Pseudomonadota;Alphaproteobacteria;Hyphomicrobiales;Reyranellaceae;Reyranella;unclassified Reyranella;Reyranella sp.	2	2	0	0	0	0
470	Acinetobacter baumannii	species	cellular organisms;Bacteria;Pseudomonadati;Pseudomonadota;Gammaproteobacteria;Moraxellales;Moraxellaceae;Acinetobacter;Acinetobacter calcoaceticus/baumannii complex;Acinetobacter baumannii	1	4	6	1284	1	7135
485	Neisseria gonorrhoeae	species	cellular organisms;Bacteria;Pseudomonadati;Pseudomonadota;Betaproteobacteria;Neisseriales;Neisseriaceae;Neisseria;Neisseria gonorrhoeae	1	0	0	6	107	0
1069201	Aspergillus luchuensis	species	cellular organisms;Eukaryota;Opisthokonta;Fungi;Dikarya;Ascomycota;saccharomyceta;Pezizomycotina;leotiomyceta;Eurotiomycetes;Eurotiomycetidae;Eurotiales;Aspergillaceae;Aspergillus;Aspergillus subgen. Circumdati;Aspergillus luchuensis	1	0	0	0	0	1
91061	Bacilli	class	cellular organisms;Bacteria;Bacillati;Bacillota;Bacilli	3	12	3	115	55099	291
546367	Hafnia paralvei	species	cellular organisms;Bacteria;Pseudomonadati;Pseudomonadota;Gammaproteobacteria;Enterobacterales;Hafniaceae;Hafnia;Hafnia paralvei	1	0	2	2	1	0
3077948	Candidatus Mesenet endosymbiont of Agriotes lineatus	species	cellular organisms;Bacteria;Pseudomonadati;Pseudomonadota;Alphaproteobacteria;Rickettsiales;Anaplasmataceae;Candidatus Mesenet;unclassified Candidatus Mesenet;Candidatus Mesenet endosymbiont of Agriotes lineatus	1	0	0	0	0	0
61645	Enterobacter asburiae	species	cellular organisms;Bacteria;Pseudomonadati;Pseudomonadota;Gammaproteobacteria;Enterobacterales;Enterobacteriaceae;Enterobacter;Enterobacter cloacae complex;Enterobacter asburiae	2	0	0	2	51	0
2705399	Hypericibacter	genus	cellular organisms;Bacteria;Pseudomonadati;Pseudomonadota;Alphaproteobacteria;Rhodospirillales;Dongiaceae;Hypericibacter	1	0	0	3	0	0
166486	Roseburia intestinalis	species	cellular organisms;Bacteria;Bacillati;Bacillota;Clostridia;Lachnospirales;Lachnospiraceae;Roseburia;Roseburia intestinalis	1	8	2	150	312	4542
2509457	Xylanimonas protaetiae	species	cellular organisms;Bacteria;Bacillati;Actinomycetota;Actinomycetes;Micrococcales;Promicromonosporaceae;Xylanimonas;Xylanimonas protaetiae	1	0	1	0	0	0
2169971	Visna-maedi virus	no rank	Viruses;Riboviria;Pararnavirae;Artverviricota;Revtraviricetes;Ortervirales;Retroviridae;Orthoretrovirinae;Lentivirus;Lentivirus ovivismae;Visna-maedi virus	1	0	1	1	8	0
1301	Streptococcus	genus	cellular organisms;Bacteria;Bacillati;Bacillota;Bacilli;Lactobacillales;Streptococcaceae;Streptococcus	1	173	0	920	0	7926
82367	Paracoccus pantotrophus	species	cellular organisms;Bacteria;Pseudomonadati;Pseudomonadota;Alphaproteobacteria;Rhodobacterales;Paracoccaceae;Paracoccus;Paracoccus pantotrophus	1	0	0	26	1	0
68287	Mesorhizobium	genus	cellular organisms;Bacteria;Pseudomonadati;Pseudomonadota;Alphaproteobacteria;Hyphomicrobiales;Phyllobacteriaceae;Mesorhizobium	1	0	0	1	23	1
28901	Salmonella enterica	species	cellular organisms;Bacteria;Pseudomonadati;Pseudomonadota;Gammaproteobacteria;Enterobacterales;Enterobacteriaceae;Salmonella;Salmonella enterica	1	2	25	425	104	4135
3066369	Coralliovum pocilloporae	species	cellular organisms;Bacteria;Pseudomonadati;Pseudomonadota;Alphaproteobacteria;Hyphomicrobiales;Coralliovaceae;Coralliovum;Coralliovum pocilloporae	1	0	0	0	0	0
40989	Saccharomonospora cyanea	species	cellular organisms;Bacteria;Bacillati;Actinomycetota;Actinomycetes;Pseudonocardiales;Pseudonocardiaceae;Saccharomonospora;Saccharomonospora cyanea	1	0	0	0	0	0
1847725	Lawsonella	genus	cellular organisms;Bacteria;Bacillati;Actinomycetota;Actinomycetes;Mycobacteriales;Lawsonellaceae;Lawsonella	1	0	0	2	1	3
204441	Rhodospirillales	order	cellular organisms;Bacteria;Pseudomonadati;Pseudomonadota;Alphaproteobacteria;Rhodospirillales	1	3	1	2	1	0
386585	Escherichia coli O157:H7 str. Sakai	strain	cellular organisms;Bacteria;Pseudomonadati;Pseudomonadota;Gammaproteobacteria;Enterobacterales;Enterobacteriaceae;Escherichia;Escherichia coli;Escherichia coli O157:H7;Escherichia coli O157:H7 str. Sakai	1	0	0	3	2	3
85007	Mycobacteriales	order	cellular organisms;Bacteria;Bacillati;Actinomycetota;Actinomycetes;Mycobacteriales	1	2	5	1	348	17
2842664	Emesvirus	genus	Viruses;Riboviria;Orthornavirae;Lenarviricota;Leviviricetes;Norzivirales;Fiersviridae;Emesvirus	1	8	7	20	25	9
2638441	unclassified Phyllobacterium	no rank	cellular organisms;Bacteria;Pseudomonadati;Pseudomonadota;Alphaproteobacteria;Hyphomicrobiales;Phyllobacteriaceae;Phyllobacterium;unclassified Phyllobacterium	1	0	0	0	1	0
573	Klebsiella pneumoniae	species	cellular organisms;Bacteria;Pseudomonadati;Pseudomonadota;Gammaproteobacteria;Enterobacterales;Enterobacteriaceae;Klebsiella;Klebsiella pneumoniae complex;Klebsiella pneumoniae	1	15	2	107	223	8
1528099	Lawsonella clevelandensis	species	cellular organisms;Bacteria;Bacillati;Actinomycetota;Actinomycetes;Mycobacteriales;Lawsonellaceae;Lawsonella;Lawsonella clevelandensis	1	1	31	6	119	41
5866	Babesia bigemina	species	cellular organisms;Eukaryota;Sar;Alveolata;Apicomplexa;Aconoidasida;Piroplasmida;Babesiidae;Babesia;Babesia bigemina	1	0	0	3	1	1
1822464	Paraburkholderia	genus	cellular organisms;Bacteria;Pseudomonadati;Pseudomonadota;Betaproteobacteria;Burkholderiales;Burkholderiaceae;Paraburkholderia	3	1	4	24	65	9
869886	Halosimplex pelagicum	species	cellular organisms;Archaea;Methanobacteriati;Methanobacteriota;Stenosarchaea group;Halobacteria;Halobacteriales;Haloarculaceae;Halosimplex;Halosimplex pelagicum	1	0	0	0	0	0
85025	Nocardiaceae	family	cellular organisms;Bacteria;Bacillati;Actinomycetota;Actinomycetes;Mycobacteriales;Nocardiaceae	1	1	4	3	2	14
283734	Staphylococcus pseudintermedius	species	cellular organisms;Bacteria;Bacillati;Bacillota;Bacilli;Bacillales;Staphylococcaceae;Staphylococcus;Staphylococcus intermedius group;Staphylococcus pseudintermedius	1	0	0	1	1206	1
2718938	Phyllobacterium sp. 628	species	cellular organisms;Bacteria;Pseudomonadati;Pseudomonadota;Alphaproteobacteria;Hyphomicrobiales;Phyllobacteriaceae;Phyllobacterium;unclassified Phyllobacterium;Phyllobacterium sp. 628	3	3	4	2	19	3
1543704	Niveispirillum	genus	cellular organisms;Bacteria;Pseudomonadati;Pseudomonadota;Alphaproteobacteria;Rhodospirillales;Azospirillaceae;Niveispirillum	1	0	0	0	0	0
2768161	Roseomonas marmotae	species	cellular organisms;Bacteria;Pseudomonadati;Pseudomonadota;Alphaproteobacteria;Acetobacterales;Roseomonadaceae;Roseomonas;Roseomonas marmotae	2	0	2	1	0	0
327045	Orthoretrovirinae	subfamily	Viruses;Riboviria;Pararnavirae;Artverviricota;Revtraviricetes;Ortervirales;Retroviridae;Orthoretrovirinae	1	1	4	14	262	3
1912216	Cutibacterium	genus	cellular organisms;Bacteria;Bacillati;Actinomycetota;Actinomycetes;Propionibacteriales;Propionibacteriaceae;Cutibacterium	1	1	11	2	3790	21
3080057	Allobosea sp. 685	species	cellular organisms;Bacteria;Pseudomonadati;Pseudomonadota;Alphaproteobacteria;Hyphomicrobiales;Alloboseaceae;Allobosea;unclassified Allobosea;Allobosea sp. 685	1	0	0	0	0	0
5144	Podospora	genus	cellular organisms;Eukaryota;Opisthokonta;Fungi;Dikarya;Ascomycota;saccharomyceta;Pezizomycotina;leotiomyceta;sordariomyceta;Sordariomycetes;Sordariomycetidae;Sordariales;Podosporaceae;Podospora	1	0	0	0	0	0
334542	Rhodococcus qingshengii	species	cellular organisms;Bacteria;Bacillati;Actinomycetota;Actinomycetes;Mycobacteriales;Nocardiaceae;Rhodococcus;Rhodococcus erythropolis group;Rhodococcus qingshengii	1	2	0	2	2	18
2867010	Aliiroseovarius sp. M344	species	cellular organisms;Bacteria;Pseudomonadati;Pseudomonadota;Alphaproteobacteria;Rhodobacterales;Paracoccaceae;Aliiroseovarius;unclassified Aliiroseovarius;Aliiroseovarius sp. M344	1	0	0	0	0	0
28216	Betaproteobacteria	class	cellular organisms;Bacteria;Pseudomonadati;Pseudomonadota;Betaproteobacteria	1	0	0	3	1	8
469	Acinetobacter	genus	cellular organisms;Bacteria;Pseudomonadati;Pseudomonadota;Gammaproteobacteria;Moraxellales;Moraxellaceae;Acinetobacter	1	0	1	3	0	138
74315	Brevundimonas intermedia	species	cellular organisms;Bacteria;Pseudomonadati;Pseudomonadota;Alphaproteobacteria;Caulobacterales;Caulobacteraceae;Brevundimonas;Brevundimonas intermedia	1	0	0	0	0	0
887464	Streptomyces laculatispora	species	cellular organisms;Bacteria;Bacillati;Actinomycetota;Actinomycetes;Kitasatosporales;Streptomycetaceae;Streptomyces;Streptomyces laculatispora	1	5	0	6	3	6
1894969	Micromonospora globbae	species	cellular organisms;Bacteria;Bacillati;Actinomycetota;Actinomycetes;Micromonosporales;Micromonosporaceae;Micromonospora;Micromonospora globbae	1	0	0	0	0	0
11673	Feline immunodeficiency virus	no rank	Viruses;Riboviria;Pararnavirae;Artverviricota;Revtraviricetes;Ortervirales;Retroviridae;Orthoretrovirinae;Lentivirus;Lentivirus felimdef;Feline immunodeficiency virus	1	22	14	74	307	24
13687	Sphingomonas	genus	cellular organisms;Bacteria;Pseudomonadati;Pseudomonadota;Alphaproteobacteria;Sphingomonadales;Sphingomonadaceae;Sphingomonas	1	0	1	2	0	0
2560080	Rubulavirinae	subfamily	Viruses;Riboviria;Orthornavirae;Negarnaviricota;Haploviricotina;Monjiviricetes;Mononegavirales;Paramyxoviridae;Rubulavirinae	0	3012	1	0	1	2
478	Moraxella nonliquefaciens	species	cellular organisms;Bacteria;Pseudomonadati;Pseudomonadota;Gammaproteobacteria;Moraxellales;Moraxellaceae;Moraxella;Moraxella nonliquefaciens	0	2218	1	6	1	7193
3052561	Orthorubulavirus simiae	species	Viruses;Riboviria;Orthornavirae;Negarnaviricota;Haploviricotina;Monjiviricetes;Mononegavirales;Paramyxoviridae;Rubulavirinae;Orthorubulavirus;Orthorubulavirus simiae	0	741	0	0	0	0
11157	Mononegavirales	order	Viruses;Riboviria;Orthornavirae;Negarnaviricota;Haploviricotina;Monjiviricetes;Mononegavirales	0	585	1	0	1228	54
482	Neisseria	genus	cellular organisms;Bacteria;Pseudomonadati;Pseudomonadota;Betaproteobacteria;Neisseriales;Neisseriaceae;Neisseria	0	5	0	0	0	26
3708	Brassica napus	species	cellular organisms;Eukaryota;Viridiplantae;Streptophyta;Streptophytina;Embryophyta;Tracheophyta;Euphyllophyta;Spermatophyta;Magnoliopsida;Mesangiospermae;eudicotyledons;Gunneridae;Pentapetalae;rosids;malvids;Brassicales;Brassicaceae;Brassiceae;Brassica;Brassica napus	0	4	0	5	0	0
1703338	Croceicoccus sp. Ery15	species	cellular organisms;Bacteria;Pseudomonadati;Pseudomonadota;Alphaproteobacteria;Sphingomonadales;Erythrobacteraceae;Croceicoccus;unclassified Croceicoccus;Croceicoccus sp. Ery15	0	5	0	4	0	0
44933	Halomonas cupida	species	cellular organisms;Bacteria;Pseudomonadati;Pseudomonadota;Gammaproteobacteria;Oceanospirillales;Halomonadaceae;Halomonas;Halomonas cupida	0	13	0	0	0	0
186826	Lactobacillales	order	cellular organisms;Bacteria;Bacillati;Bacillota;Bacilli;Lactobacillales	0	16	1	258	1	679
2602016	Hypericibacter adhaerens	species	cellular organisms;Bacteria;Pseudomonadati;Pseudomonadota;Alphaproteobacteria;Rhodospirillales;Dongiaceae;Hypericibacter;Hypericibacter adhaerens	0	5	2	2	4	0
942	Anaplasmataceae	family	cellular organisms;Bacteria;Pseudomonadati;Pseudomonadota;Alphaproteobacteria;Rickettsiales;Anaplasmataceae	0	1	0	2	0	0
367743	Ureibacillus thermophilus	species	cellular organisms;Bacteria;Bacillati;Bacillota;Bacilli;Bacillales;Caryophanaceae;Ureibacillus;Ureibacillus thermophilus	0	10	0	15	69	126
248026	Cupriavidus pinatubonensis	species	cellular organisms;Bacteria;Pseudomonadati;Pseudomonadota;Betaproteobacteria;Burkholderiales;Burkholderiaceae;Cupriavidus;Cupriavidus pinatubonensis	0	2	3	3	1	14
32207	Rothia	genus	cellular organisms;Bacteria;Bacillati;Actinomycetota;Actinomycetes;Micrococcales;Micrococcaceae;Rothia	0	8	0	0	0	0
620	Shigella	genus	cellular organisms;Bacteria;Pseudomonadati;Pseudomonadota;Gammaproteobacteria;Enterobacterales;Enterobacteriaceae;Shigella	0	1	0	7	2	2
76892	Caulobacteraceae	family	cellular organisms;Bacteria;Pseudomonadati;Pseudomonadota;Alphaproteobacteria;Caulobacterales;Caulobacteraceae	0	1	0	0	5	0
279826	Mesobacillus foraminis	species	cellular organisms;Bacteria;Bacillati;Bacillota;Bacilli;Bacillales;Bacillaceae;Mesobacillus;Mesobacillus foraminis	0	3	1	90	104	1411
11224	Human parainfluenza virus 4a	no rank	Viruses;Riboviria;Orthornavirae;Negarnaviricota;Haploviricotina;Monjiviricetes;Mononegavirales;Paramyxoviridae;Rubulavirinae;Orthorubulavirus;Orthorubulavirus hominis;Human orthorubulavirus 4;Human parainfluenza virus 4a	0	4	0	0	0	0
570	Klebsiella	genus	cellular organisms;Bacteria;Pseudomonadati;Pseudomonadota;Gammaproteobacteria;Enterobacterales;Enterobacteriaceae;Klebsiella	0	1	0	2	2	1
1295327	Croceicoccus	genus	cellular organisms;Bacteria;Pseudomonadati;Pseudomonadota;Alphaproteobacteria;Sphingomonadales;Erythrobacteraceae;Croceicoccus	0	1	1	0	0	0
2842319	Fiersviridae	family	Viruses;Riboviria;Orthornavirae;Lenarviricota;Leviviricetes;Norzivirales;Fiersviridae	0	3	3	8	16	11
2495433	Alston virus	no rank	Viruses;Riboviria;Orthornavirae;Negarnaviricota;Haploviricotina;Monjiviricetes;Mononegavirales;Paramyxoviridae;Rubulavirinae;Orthorubulavirus;unclassified Orthorubulavirus;Orthorubulavirus sp. 'alstonvillense';Alston virus	0	6	0	0	0	0
2905673	parainfluenza virus 5	no rank	Viruses;Riboviria;Orthornavirae;Negarnaviricota;Haploviricotina;Monjiviricetes;Mononegavirales;Paramyxoviridae;Rubulavirinae;Orthorubulavirus;Orthorubulavirus mammalis;parainfluenza virus 5	0	13	0	0	0	0
1639133	Citrobacter portucalensis	species	cellular organisms;Bacteria;Pseudomonadati;Pseudomonadota;Gammaproteobacteria;Enterobacterales;Enterobacteriaceae;Citrobacter;Citrobacter freundii complex;Citrobacter portucalensis	0	4	1	13	86	6
3052562	Orthorubulavirus suis	species	Viruses;Riboviria;Orthornavirae;Negarnaviricota;Haploviricotina;Monjiviricetes;Mononegavirales;Paramyxoviridae;Rubulavirinae;Orthorubulavirus;Orthorubulavirus suis	0	5	0	0	0	0
140052	Betaretrovirus	genus	Viruses;Riboviria;Pararnavirae;Artverviricota;Revtraviricetes;Ortervirales;Retroviridae;Orthoretrovirinae;Betaretrovirus	0	1	0	2	22	1
2602015	Hypericibacter terrae	species	cellular organisms;Bacteria;Pseudomonadati;Pseudomonadota;Alphaproteobacteria;Rhodospirillales;Dongiaceae;Hypericibacter;Hypericibacter terrae	0	1	1	0	0	0
1433402	Glycocaulis	genus	cellular organisms;Bacteria;Pseudomonadati;Pseudomonadota;Alphaproteobacteria;Maricaulales;Maricaulaceae;Glycocaulis	0	1	0	0	0	0
335406	Sphingosinicella microcystinivorans	species	cellular organisms;Bacteria;Pseudomonadati;Pseudomonadota;Alphaproteobacteria;Sphingomonadales;Sphingosinicellaceae;Sphingosinicella;Sphingosinicella microcystinivorans	0	1	0	0	0	0
390876	Nisaea	genus	cellular organisms;Bacteria;Pseudomonadati;Pseudomonadota;Alphaproteobacteria;Rhodospirillales;Thalassobaculaceae;Nisaea	0	1	0	0	0	0
1867719	Phyllobacterium zundukense	species	cellular organisms;Bacteria;Pseudomonadati;Pseudomonadota;Alphaproteobacteria;Hyphomicrobiales;Phyllobacteriaceae;Phyllobacterium;Phyllobacterium zundukense	0	2	0	1	2	0
1651941	Kwoniella newhampshirensis	species	cellular organisms;Eukaryota;Opisthokonta;Fungi;Dikarya;Basidiomycota;Agaricomycotina;Tremellomycetes;Tremellales;Cryptococcaceae;Kwoniella;Kwoniella newhampshirensis	0	1	0	0	0	0
451871	Eurotiomycetidae	subclass	cellular organisms;Eukaryota;Opisthokonta;Fungi;Dikarya;Ascomycota;saccharomyceta;Pezizomycotina;leotiomyceta;Eurotiomycetes;Eurotiomycetidae	0	1	0	0	0	0
134537	Paraburkholderia fungorum	species	cellular organisms;Bacteria;Pseudomonadati;Pseudomonadota;Betaproteobacteria;Burkholderiales;Burkholderiaceae;Paraburkholderia;Paraburkholderia fungorum	0	2	0	10	13	4
3243376	Microbulbifer sp. SSSA002	species	cellular organisms;Bacteria;Pseudomonadati;Pseudomonadota;Gammaproteobacteria;Cellvibrionales;Microbulbiferaceae;Microbulbifer;unclassified Microbulbifer;Microbulbifer sp. SSSA002	0	1	0	0	0	0
2235	Halobacteriales	order	cellular organisms;Archaea;Methanobacteriati;Methanobacteriota;Stenosarchaea group;Halobacteria;Halobacteriales	0	1	2	1	0	2
216816	Bifidobacterium longum	species	cellular organisms;Bacteria;Bacillati;Actinomycetota;Actinomycetes;Bifidobacteriales;Bifidobacteriaceae;Bifidobacterium;Bifidobacterium longum	0	2	0	0	0	0
1463165	Klebsiella quasipneumoniae	species	cellular organisms;Bacteria;Pseudomonadati;Pseudomonadota;Gammaproteobacteria;Enterobacterales;Enterobacteriaceae;Klebsiella;Klebsiella pneumoniae complex;Klebsiella quasipneumoniae	0	3	0	3	256	895
254245	Aquicella	genus	cellular organisms;Bacteria;Pseudomonadati;Pseudomonadota;Gammaproteobacteria;Legionellales;Coxiellaceae;Aquicella	0	1	0	0	0	0
31271	Plasmodium chabaudi chabaudi	subspecies	cellular organisms;Eukaryota;Sar;Alveolata;Apicomplexa;Aconoidasida;Haemosporida;Plasmodiidae;Plasmodium;Plasmodium (Vinckeia);Plasmodium chabaudi;Plasmodium chabaudi chabaudi	0	1	0	0	0	0
123899	Bordetella trematum	species	cellular organisms;Bacteria;Pseudomonadati;Pseudomonadota;Betaproteobacteria;Burkholderiales;Alcaligenaceae;Bordetella;Bordetella trematum	0	1	0	0	0	0
118882	Brucellaceae	family	cellular organisms;Bacteria;Pseudomonadati;Pseudomonadota;Alphaproteobacteria;Hyphomicrobiales;Brucellaceae	0	2	0	0	0	0
1497974	Georgenia sp. SUBG003	species	cellular organisms;Bacteria;Bacillati;Actinomycetota;Actinomycetes;Allobogoriellales;Allobogoriellaceae;Georgenia;unclassified Georgenia;Georgenia sp. SUBG003	0	2	0	2	3	0
65700	Erwinia tracheiphila	species	cellular organisms;Bacteria;Pseudomonadati;Pseudomonadota;Gammaproteobacteria;Enterobacterales;Erwiniaceae;Erwinia;Erwinia tracheiphila	0	1	0	0	0	0
408	Methylorubrum extorquens	species	cellular organisms;Bacteria;Pseudomonadati;Pseudomonadota;Alphaproteobacteria;Hyphomicrobiales;Methylobacteriaceae;Methylorubrum;Methylorubrum extorquens	0	1	1	1	0	0
57706	Citrobacter braakii	species	cellular organisms;Bacteria;Pseudomonadati;Pseudomonadota;Gammaproteobacteria;Enterobacterales;Enterobacteriaceae;Citrobacter;Citrobacter freundii complex;Citrobacter braakii	0	1	0	2	1	2
204455	Rhodobacterales	order	cellular organisms;Bacteria;Pseudomonadati;Pseudomonadota;Alphaproteobacteria;Rhodobacterales	0	2	0	5	0	0
476	Moraxella bovis	species	cellular organisms;Bacteria;Pseudomonadati;Pseudomonadota;Gammaproteobacteria;Moraxellales;Moraxellaceae;Moraxella;Moraxella bovis	0	14	0	38	0	840
2051906	Exiguobacterium sp. N4-1P	species	cellular organisms;Bacteria;Bacillati;Bacillota;Bacilli;Bacillales;Bacillales incertae sedis;Bacillales Family XII. Incertae Sedis;Exiguobacterium;unclassified Exiguobacterium;Exiguobacterium sp. N4-1P	0	2	0	154	92	80
94	Allostella humosa	species	cellular organisms;Bacteria;Pseudomonadati;Pseudomonadota;Alphaproteobacteria;Rhodospirillales;Allostellaceae;Allostella;Allostella humosa	0	3	2	2	0	0
5820	Plasmodium	genus	cellular organisms;Eukaryota;Sar;Alveolata;Apicomplexa;Aconoidasida;Haemosporida;Plasmodiidae;Plasmodium	0	1	0	0	0	0
1309795	Faucicola mancuniensis	species	cellular organisms;Bacteria;Pseudomonadati;Pseudomonadota;Gammaproteobacteria;Moraxellales;Moraxellaceae;Faucicola;Faucicola mancuniensis	0	1	0	3	0	670
1766	Mycolicibacterium fortuitum	species	cellular organisms;Bacteria;Bacillati;Actinomycetota;Actinomycetes;Mycobacteriales;Mycobacteriaceae;Mycolicibacterium;Mycolicibacterium fortuitum	0	1	0	0	0	2
544	Citrobacter	genus	cellular organisms;Bacteria;Pseudomonadati;Pseudomonadota;Gammaproteobacteria;Enterobacterales;Enterobacteriaceae;Citrobacter	0	1	1	7	18	4
11660	Caprine arthritis encephalitis virus	no rank	Viruses;Riboviria;Pararnavirae;Artverviricota;Revtraviricetes;Ortervirales;Retroviridae;Orthoretrovirinae;Lentivirus;Lentivirus capartenc;Caprine arthritis encephalitis virus	0	1	0	2	6	0
1452514	Sosuga virus	no rank	Viruses;Riboviria;Orthornavirae;Negarnaviricota;Haploviricotina;Monjiviricetes;Mononegavirales;Paramyxoviridae;Rubulavirinae;Pararubulavirus;Pararubulavirus sosugaense;Sosuga virus	0	2	0	0	0	0
1889013	Terriglobus sp.	species	cellular organisms;Bacteria;Pseudomonadati;Acidobacteriota;Terriglobia;Terriglobales;Acidobacteriaceae;Terriglobus;unclassified Terriglobus;Terriglobus sp.	0	1	0	1	0	0
43765	Corynebacterium amycolatum	species	cellular organisms;Bacteria;Bacillati;Actinomycetota;Actinomycetes;Mycobacteriales;Corynebacteriaceae;Corynebacterium;Corynebacterium amycolatum	0	5	2	22	12	3
1148196	Luteimonas dalianensis	species	cellular organisms;Bacteria;Pseudomonadati;Pseudomonadota;Gammaproteobacteria;Lysobacterales;Lysobacteraceae;Luteimonas;Luteimonas dalianensis	0	2	0	0	0	0
5763	Naegleria fowleri	species	cellular organisms;Eukaryota;Discoba;Heterolobosea;Tetramitia;Eutetramitea;Acrasida;Naegleriidae;Naegleria;Naegleria fowleri	0	1	0	0	1	1
80840	Burkholderiales	order	cellular organisms;Bacteria;Pseudomonadati;Pseudomonadota;Betaproteobacteria;Burkholderiales	0	3	6	24	3	30
222	Achromobacter	genus	cellular organisms;Bacteria;Pseudomonadati;Pseudomonadota;Betaproteobacteria;Burkholderiales;Alcaligenaceae;Achromobacter	0	2	0	0	5	54
1774	Mycobacteroides chelonae	species	cellular organisms;Bacteria;Bacillati;Actinomycetota;Actinomycetes;Mycobacteriales;Mycobacteriaceae;Mycobacteroides;Mycobacteroides chelonae	0	1	0	0	0	0
106589	Cupriavidus	genus	cellular organisms;Bacteria;Pseudomonadati;Pseudomonadota;Betaproteobacteria;Burkholderiales;Burkholderiaceae;Cupriavidus	0	1	0	0	0	0
145971	Colletotrichum lupini	species	cellular organisms;Eukaryota;Opisthokonta;Fungi;Dikarya;Ascomycota;saccharomyceta;Pezizomycotina;leotiomyceta;sordariomyceta;Sordariomycetes;Hypocreomycetidae;Glomerellales;Glomerellaceae;Colletotrichum;Colletotrichum acutatum species complex;Colletotrichum lupini	0	1	1	2	1	3
322104	Scheffersomyces stipitis CBS 6054	strain	cellular organisms;Eukaryota;Opisthokonta;Fungi;Dikarya;Ascomycota;saccharomyceta;Saccharomycotina;Pichiomycetes;Serinales;Debaryomycetaceae;Scheffersomyces;Scheffersomyces stipitis;Scheffersomyces stipitis CBS 6054	0	1	1	1	0	1
2854170	Roseobacteraceae	family	cellular organisms;Bacteria;Pseudomonadati;Pseudomonadota;Alphaproteobacteria;Rhodobacterales;Roseobacteraceae	0	3	2	1	0	1
1335043	Paradevosia shaoguanensis	species	cellular organisms;Bacteria;Pseudomonadati;Pseudomonadota;Alphaproteobacteria;Hyphomicrobiales;Devosiaceae;Paradevosia;Paradevosia shaoguanensis	0	1	0	0	0	0
11709	Human immunodeficiency virus 2	no rank	Viruses;Riboviria;Pararnavirae;Artverviricota;Revtraviricetes;Ortervirales;Retroviridae;Orthoretrovirinae;Lentivirus;Lentivirus humimdef2;Human immunodeficiency virus 2	0	2	3	12	36	8
1484898	Methyloceanibacter	genus	cellular organisms;Bacteria;Pseudomonadati;Pseudomonadota;Alphaproteobacteria;Hyphomicrobiales;Hyphomicrobiaceae;Methyloceanibacter	0	1	1	1	1	0
1928005	avian paramyxovirus 14	no rank	Viruses;Riboviria;Orthornavirae;Negarnaviricota;Haploviricotina;Monjiviricetes;Mononegavirales;Paramyxoviridae;Avulavirinae;Metaavulavirus;Metaavulavirus japanense;Avian metaavulavirus 14;avian paramyxovirus 14	0	1	0	0	0	0
2560200	Pararubulavirus	genus	Viruses;Riboviria;Orthornavirae;Negarnaviricota;Haploviricotina;Monjiviricetes;Mononegavirales;Paramyxoviridae;Rubulavirinae;Pararubulavirus	0	2	0	0	0	0
3682651	Eikenella sp. KCOM 3110	species	cellular organisms;Bacteria;Pseudomonadati;Pseudomonadota;Betaproteobacteria;Neisseriales;Neisseriaceae;Eikenella;unclassified Eikenella;Eikenella sp. KCOM 3110	0	1	0	0	0	0
716545	saccharomyceta	clade	cellular organisms;Eukaryota;Opisthokonta;Fungi;Dikarya;Ascomycota;saccharomyceta	0	1	0	2	0	0
353	Azotobacter chroococcum	species	cellular organisms;Bacteria;Pseudomonadati;Pseudomonadota;Gammaproteobacteria;Pseudomonadales;Pseudomonadaceae;Azotobacter group;Azotobacter;Azotobacter chroococcum	0	1	0	0	0	0
374	Bradyrhizobium	genus	cellular organisms;Bacteria;Pseudomonadati;Pseudomonadota;Alphaproteobacteria;Hyphomicrobiales;Nitrobacteraceae;Bradyrhizobium	0	1	32	3	9	1
2560602	Mumps orthorubulavirus	no rank	Viruses;Riboviria;Orthornavirae;Negarnaviricota;Haploviricotina;Monjiviricetes;Mononegavirales;Paramyxoviridae;Rubulavirinae;Orthorubulavirus;Orthorubulavirus parotitidis;Mumps orthorubulavirus	0	1	0	0	0	0
2881234	Abyssibius alkaniclasticus	species	cellular organisms;Bacteria;Pseudomonadati;Pseudomonadota;Alphaproteobacteria;Rhodobacterales;Paracoccaceae;Abyssibius;Abyssibius alkaniclasticus	0	1	0	0	0	0
561	Escherichia	genus	cellular organisms;Bacteria;Pseudomonadati;Pseudomonadota;Gammaproteobacteria;Enterobacterales;Enterobacteriaceae;Escherichia	0	3	8	11	26	6
2937801	Conexibacter sp. DBS9H8	species	cellular organisms;Bacteria;Bacillati;Actinomycetota;Thermoleophilia;Solirubrobacterales;Conexibacteraceae;Conexibacter;unclassified Conexibacter;Conexibacter sp. DBS9H8	0	1	0	0	0	0
1107	Chloroflexus	genus	cellular organisms;Bacteria;Bacillati;Chloroflexota;Chloroflexia;Chloroflexales;Chloroflexineae;Chloroflexaceae;Chloroflexus	0	2	1	1	0	0
871740	Halomarina	genus	cellular organisms;Archaea;Methanobacteriati;Methanobacteriota;Stenosarchaea group;Halobacteria;Halobacteriales;Natronomonadaceae;Halomarina	0	1	0	0	0	0
29388	Staphylococcus capitis	species	cellular organisms;Bacteria;Bacillati;Bacillota;Bacilli;Bacillales;Staphylococcaceae;Staphylococcus;Staphylococcus capitis	0	1	0	0	5578	2
2908651	Ornithinimicrobium sp. INDO-MA30-4	species	cellular organisms;Bacteria;Bacillati;Actinomycetota;Actinomycetes;Micrococcales;Ornithinimicrobiaceae;Ornithinimicrobium;unclassified Ornithinimicrobium;Ornithinimicrobium sp. INDO-MA30-4	0	1	0	0	0	0
2005262	Candidatus Legionella polyplacis	species	cellular organisms;Bacteria;Pseudomonadati;Pseudomonadota;Gammaproteobacteria;Legionellales;Legionellaceae;Legionella;Candidatus Legionella polyplacis	0	1	0	1	0	0
1969806	Acidibrevibacterium fodinaquatile	species	cellular organisms;Bacteria;Pseudomonadati;Pseudomonadota;Alphaproteobacteria;Acetobacterales;Acetobacteraceae;Acidibrevibacterium;Acidibrevibacterium fodinaquatile	0	1	0	0	0	0
325217	unclassified Mesorhizobium	no rank	cellular organisms;Bacteria;Pseudomonadati;Pseudomonadota;Alphaproteobacteria;Hyphomicrobiales;Phyllobacteriaceae;Mesorhizobium;unclassified Mesorhizobium	0	1	0	0	0	0
848	Fusobacterium	genus	cellular organisms;Bacteria;Fusobacteriati;Fusobacteriota;Fusobacteriia;Fusobacteriales;Fusobacteriaceae;Fusobacterium	0	1	0	0	0	0
1884633	Cryptococcaceae	family	cellular organisms;Eukaryota;Opisthokonta;Fungi;Dikarya;Basidiomycota;Agaricomycotina;Tremellomycetes;Tremellales;Cryptococcaceae	0	1	0	2	0	0
162145	human metapneumovirus	no rank	Viruses;Riboviria;Orthornavirae;Negarnaviricota;Haploviricotina;Monjiviricetes;Mononegavirales;Pneumoviridae;Metapneumovirus;Metapneumovirus hominis;human metapneumovirus	0	0	74	0	0	0
29393	Dolosigranulum	genus	cellular organisms;Bacteria;Bacillati;Bacillota;Bacilli;Lactobacillales;Carnobacteriaceae;Dolosigranulum	0	0	5	1	1	2384
152480	Burkholderia ambifaria	species	cellular organisms;Bacteria;Pseudomonadati;Pseudomonadota;Betaproteobacteria;Burkholderiales;Burkholderiaceae;Burkholderia;Burkholderia cepacia complex;Burkholderia ambifaria	0	0	4	0	0	0
11657	Bovine immunodeficiency virus	no rank	Viruses;Riboviria;Pararnavirae;Artverviricota;Revtraviricetes;Ortervirales;Retroviridae;Orthoretrovirinae;Lentivirus;Lentivirus bovimdef;Bovine immunodeficiency virus	0	0	2	1	40	1
255474	Parvularculaceae	family	cellular organisms;Bacteria;Pseudomonadati;Pseudomonadota;Alphaproteobacteria;Parvularculales;Parvularculaceae	0	0	1	0	0	0
2047744	Nonomuraea glycinis	species	cellular organisms;Bacteria;Bacillati;Actinomycetota;Actinomycetes;Streptosporangiales;Streptosporangiaceae;Nonomuraea;Nonomuraea glycinis	0	0	1	0	2	0
162387	Metapneumovirus	genus	Viruses;Riboviria;Orthornavirae;Negarnaviricota;Haploviricotina;Monjiviricetes;Mononegavirales;Pneumoviridae;Metapneumovirus	0	0	14	0	0	0
41294	Nitrobacteraceae	family	cellular organisms;Bacteria;Pseudomonadati;Pseudomonadota;Alphaproteobacteria;Hyphomicrobiales;Nitrobacteraceae	0	0	19	1	537	1
622	Shigella dysenteriae	species	cellular organisms;Bacteria;Pseudomonadati;Pseudomonadota;Gammaproteobacteria;Enterobacterales;Enterobacteriaceae;Shigella;Shigella dysenteriae	0	0	4	0	1	3
3680951	Phyllobacterium sp. K27	species	cellular organisms;Bacteria;Pseudomonadati;Pseudomonadota;Alphaproteobacteria;Hyphomicrobiales;Phyllobacteriaceae;Phyllobacterium;unclassified Phyllobacterium;Phyllobacterium sp. K27	0	0	3	1	0	4
1458461	Candidatus Phaeomarinibacter ectocarpi	species	cellular organisms;Bacteria;Pseudomonadati;Pseudomonadota;Alphaproteobacteria;Hyphomicrobiales;Parvibaculaceae;Candidatus Phaeomarinibacter;Candidatus Phaeomarinibacter ectocarpi	0	0	1	0	0	0
1827	Rhodococcus	genus	cellular organisms;Bacteria;Bacillati;Actinomycetota;Actinomycetes;Mycobacteriales;Nocardiaceae;Rhodococcus	0	0	4	1	2	5
44935	Vreelandella venusta	species	cellular organisms;Bacteria;Pseudomonadati;Pseudomonadota;Gammaproteobacteria;Oceanospirillales;Halomonadaceae;Vreelandella;Vreelandella venusta	0	0	4	2	116	568
480	Moraxella catarrhalis	species	cellular organisms;Bacteria;Pseudomonadati;Pseudomonadota;Gammaproteobacteria;Moraxellales;Moraxellaceae;Moraxella;Moraxella catarrhalis	0	0	11	2	0	11890
396	Rhizobium phaseoli	species	cellular organisms;Bacteria;Pseudomonadati;Pseudomonadota;Alphaproteobacteria;Hyphomicrobiales;Rhizobiaceae;Rhizobium/Agrobacterium group;Rhizobium;Rhizobium phaseoli	0	0	1	0	79	2
2613784	unclassified Burkholderia	no rank	cellular organisms;Bacteria;Pseudomonadati;Pseudomonadota;Betaproteobacteria;Burkholderiales;Burkholderiaceae;Burkholderia;unclassified Burkholderia	0	0	4	0	0	0
11632	Retroviridae	family	Viruses;Riboviria;Pararnavirae;Artverviricota;Revtraviricetes;Ortervirales;Retroviridae	0	0	1	3	43	1
2224	Methanothrix thermoacetophila	species	cellular organisms;Archaea;Methanobacteriati;Methanobacteriota;Stenosarchaea group;Methanomicrobia;Methanotrichales;Methanotrichaceae;Methanothrix;Methanothrix thermoacetophila	0	0	3	0	0	0
31989	Paracoccaceae	family	cellular organisms;Bacteria;Pseudomonadati;Pseudomonadota;Alphaproteobacteria;Rhodobacterales;Paracoccaceae	0	0	1	0	0	0
154347	Thiorhodospira sibirica	species	cellular organisms;Bacteria;Pseudomonadati;Pseudomonadota;Gammaproteobacteria;Chromatiales;Ectothiorhodospiraceae;Thiorhodospira;Thiorhodospira sibirica	0	0	1	0	0	0
5863	Piroplasmida	order	cellular organisms;Eukaryota;Sar;Alveolata;Apicomplexa;Aconoidasida;Piroplasmida	0	0	1	2	0	0
186846	Salasvirus	genus	Viruses;Duplodnaviria;Heunggongvirae;Uroviricota;Caudoviricetes;Caudoviricetes incertae sedis;Salasmaviridae;Picovirinae;Salasvirus	0	0	1	0	0	0
543877	Pelagerythrobacter marensis	species	cellular organisms;Bacteria;Pseudomonadati;Pseudomonadota;Alphaproteobacteria;Sphingomonadales;Erythrobacteraceae;Pelagerythrobacter;Pelagerythrobacter marensis	0	0	1	0	0	0
2591463	Brevundimonas sp. M20	species	cellular organisms;Bacteria;Pseudomonadati;Pseudomonadota;Alphaproteobacteria;Caulobacterales;Caulobacteraceae;Brevundimonas;unclassified Brevundimonas;Brevundimonas sp. M20	0	0	1	0	0	0
279	Xanthobacter	genus	cellular organisms;Bacteria;Pseudomonadati;Pseudomonadota;Alphaproteobacteria;Hyphomicrobiales;Xanthobacteraceae;Xanthobacter	0	0	1	0	0	1
2630699	unclassified Hyphomonas	no rank	cellular organisms;Bacteria;Pseudomonadati;Pseudomonadota;Alphaproteobacteria;Hyphomonadales;Hyphomonadaceae;Hyphomonas;unclassified Hyphomonas	0	0	1	0	0	0
522	Acidiphilium	genus	cellular organisms;Bacteria;Pseudomonadati;Pseudomonadota;Alphaproteobacteria;Acetobacterales;Acidocellaceae;Acidiphilium	0	0	1	1	0	0
33988	Rickettsieae	tribe	cellular organisms;Bacteria;Pseudomonadati;Pseudomonadota;Alphaproteobacteria;Rickettsiales;Rickettsiaceae;Rickettsieae	0	0	1	0	0	0
2661800	Georhizobium	genus	cellular organisms;Bacteria;Pseudomonadati;Pseudomonadota;Alphaproteobacteria;Hyphomicrobiales;Rhizobiaceae;Georhizobium	0	0	1	0	0	0
2821403	Bradyrhizobium cenepequi	species	cellular organisms;Bacteria;Pseudomonadati;Pseudomonadota;Alphaproteobacteria;Hyphomicrobiales;Nitrobacteraceae;Bradyrhizobium;Bradyrhizobium cenepequi	0	0	1	0	0	0
1276936	Staphylococcus petrasii	species	cellular organisms;Bacteria;Bacillati;Bacillota;Bacilli;Bacillales;Staphylococcaceae;Staphylococcus;Staphylococcus petrasii	0	0	1	0	3918	1
2812896	Leptolyngbya sp. 7M	species	cellular organisms;Bacteria;Bacillati;Cyanobacteriota/Melainabacteria group;Cyanobacteriota;Cyanophyceae;Leptolyngbyales;Leptolyngbyaceae;Leptolyngbya group;Leptolyngbya;unclassified Leptolyngbya;Leptolyngbya sp. 7M	0	0	1	0	0	31
2903901	Phenylobacterium sp. LH3H17	species	cellular organisms;Bacteria;Pseudomonadati;Pseudomonadota;Alphaproteobacteria;Caulobacterales;Caulobacteraceae;Phenylobacterium;unclassified Phenylobacterium;Phenylobacterium sp. LH3H17	0	0	1	0	0	0
3422307	Humitalea sp. 24SJ18S-53	species	cellular organisms;Bacteria;Pseudomonadati;Pseudomonadota;Alphaproteobacteria;Acetobacterales;Roseomonadaceae;Humitalea;unclassified Humitalea;Humitalea sp. 24SJ18S-53	0	0	1	1	0	0
1396	Bacillus cereus	species	cellular organisms;Bacteria;Bacillati;Bacillota;Bacilli;Bacillales;Bacillaceae;Bacillus;Bacillus cereus group;Bacillus cereus	0	0	1	0	44	3
83984	Methanocorpusculum labreanum	species	cellular organisms;Archaea;Methanobacteriati;Methanobacteriota;Stenosarchaea group;Methanomicrobia;Methanomicrobiales;Methanocorpusculaceae;Methanocorpusculum;Methanocorpusculum labreanum	0	0	1	0	0	0
337701	Roseovarius pacificus	species	cellular organisms;Bacteria;Pseudomonadati;Pseudomonadota;Alphaproteobacteria;Rhodobacterales;Roseobacteraceae;Roseovarius;Roseovarius pacificus	0	0	1	2	0	0
670516	Mycobacteroides	genus	cellular organisms;Bacteria;Bacillati;Actinomycetota;Actinomycetes;Mycobacteriales;Mycobacteriaceae;Mycobacteroides	0	0	1	2	0	20
655352	Cohaesibacter	genus	cellular organisms;Bacteria;Pseudomonadati;Pseudomonadota;Alphaproteobacteria;Hyphomicrobiales;Cohaesibacteraceae;Cohaesibacter	0	0	1	2	0	0
85072	Allochromatium	genus	cellular organisms;Bacteria;Pseudomonadati;Pseudomonadota;Gammaproteobacteria;Chromatiales;Chromatiaceae;Allochromatium	0	0	1	0	0	0
3385906	Roseomonadaceae	family	cellular organisms;Bacteria;Pseudomonadati;Pseudomonadota;Alphaproteobacteria;Acetobacterales;Roseomonadaceae	0	0	1	0	0	0
45972	Staphylococcus pasteuri	species	cellular organisms;Bacteria;Bacillati;Bacillota;Bacilli;Bacillales;Staphylococcaceae;Staphylococcus;Staphylococcus pasteuri	0	0	1	0	761	0
191	Azospirillum	genus	cellular organisms;Bacteria;Pseudomonadati;Pseudomonadota;Alphaproteobacteria;Rhodospirillales;Azospirillaceae;Azospirillum	0	0	1	0	0	0
198251	Candidatus Pelagibacter	genus	cellular organisms;Bacteria;Pseudomonadati;Pseudomonadota;Alphaproteobacteria;Candidatus Pelagibacterales;Candidatus Pelagibacteraceae;Candidatus Pelagibacter	0	0	1	1	1	0
716546	leotiomyceta	clade	cellular organisms;Eukaryota;Opisthokonta;Fungi;Dikarya;Ascomycota;saccharomyceta;Pezizomycotina;leotiomyceta	0	0	1	0	0	0
2003368	Limnobacter sp.	species	cellular organisms;Bacteria;Pseudomonadati;Pseudomonadota;Betaproteobacteria;Burkholderiales;Burkholderiaceae;Limnobacter;unclassified Limnobacter;Limnobacter sp.	0	0	1	0	0	0
287	Pseudomonas aeruginosa	species	cellular organisms;Bacteria;Pseudomonadati;Pseudomonadota;Gammaproteobacteria;Pseudomonadales;Pseudomonadaceae;Pseudomonas;Pseudomonas aeruginosa group;Pseudomonas aeruginosa	0	0	1	1	2	26
4930	Saccharomyces	genus	cellular organisms;Eukaryota;Opisthokonta;Fungi;Dikarya;Ascomycota;saccharomyceta;Saccharomycotina;Saccharomycetes;Saccharomycetales;Saccharomycetaceae;Saccharomyces	0	0	1	0	0	0
1750527	Roseomonas fluvialis	species	cellular organisms;Bacteria;Pseudomonadati;Pseudomonadota;Alphaproteobacteria;Acetobacterales;Roseomonadaceae;Roseomonas;Roseomonas fluvialis	0	0	1	0	0	0
3402688	Legionella sp. D16C41	species	cellular organisms;Bacteria;Pseudomonadati;Pseudomonadota;Gammaproteobacteria;Legionellales;Legionellaceae;Legionella;unclassified Legionella;Legionella sp. D16C41	0	0	1	1	0	0
1592897	Coxiella-like endosymbiont	species	cellular organisms;Bacteria;Pseudomonadati;Pseudomonadota;Gammaproteobacteria;Legionellales;Coxiellaceae;unclassified Coxiellaceae;Coxiella-like endosymbiont	0	0	1	0	0	0
2780077	Moraxella sp. K1664	species	cellular organisms;Bacteria;Pseudomonadati;Pseudomonadota;Gammaproteobacteria;Moraxellales;Moraxellaceae;Moraxella;unclassified Moraxella;Moraxella sp. K1664	0	0	0	656	0	1614
518987	Influenza B virus (B/Lee/1940)	no rank	Viruses;Riboviria;Orthornavirae;Negarnaviricota;Polyploviricotina;Insthoviricetes;Articulavirales;Orthomyxoviridae;Betainfluenzavirus;Betainfluenzavirus influenzae;Influenza B virus;Influenza B virus (B/Lee/1940)	0	0	0	1913	0	0
1300	Streptococcaceae	family	cellular organisms;Bacteria;Bacillati;Bacillota;Bacilli;Lactobacillales;Streptococcaceae	0	0	0	106	0	406
11308	Orthomyxoviridae	family	Viruses;Riboviria;Orthornavirae;Negarnaviricota;Polyploviricotina;Insthoviricetes;Articulavirales;Orthomyxoviridae	0	0	0	33	0	0
265959	Komagataeibacter saccharivorans	species	cellular organisms;Bacteria;Pseudomonadati;Pseudomonadota;Alphaproteobacteria;Acetobacterales;Acetobacteraceae;Komagataeibacter;Komagataeibacter saccharivorans	0	0	0	1	0	0
1564	Desulforamulus ruminis	species	cellular organisms;Bacteria;Bacillati;Bacillota;Clostridia;Eubacteriales;Peptococcaceae;Desulforamulus;Desulforamulus ruminis	0	0	0	1	0	1
2698737	Sar	clade	cellular organisms;Eukaryota;Sar	0	0	0	1	0	0
328839	Azospirillum melinis	species	cellular organisms;Bacteria;Pseudomonadati;Pseudomonadota;Alphaproteobacteria;Rhodospirillales;Azospirillaceae;Azospirillum;Azospirillum melinis	0	0	0	1	0	0
3446116	Haloarchaeobius sp. DT45	species	cellular organisms;Archaea;Methanobacteriati;Methanobacteriota;Stenosarchaea group;Halobacteria;Halobacteriales;Halorubellaceae;Haloarchaeobius;unclassified Haloarchaeobius;Haloarchaeobius sp. DT45	0	0	0	1	0	0
1313	Streptococcus pneumoniae	species	cellular organisms;Bacteria;Bacillati;Bacillota;Bacilli;Lactobacillales;Streptococcaceae;Streptococcus;Streptococcus pneumoniae	0	0	0	48	0	1278
413503	Cronobacter malonaticus	species	cellular organisms;Bacteria;Pseudomonadati;Pseudomonadota;Gammaproteobacteria;Enterobacterales;Enterobacteriaceae;Cronobacter;Cronobacter malonaticus	0	0	0	1	0	0
2685852	unclassified Moraxella	no rank	cellular organisms;Bacteria;Pseudomonadati;Pseudomonadota;Gammaproteobacteria;Moraxellales;Moraxellaceae;Moraxella;unclassified Moraxella	0	0	0	4	0	46
1133968	Babesia microti strain RI	strain	cellular organisms;Eukaryota;Sar;Alveolata;Apicomplexa;Aconoidasida;Piroplasmida;Babesiidae;Babesia;Babesia microti;Babesia microti strain RI	0	0	0	2	0	1
210	Helicobacter pylori	species	cellular organisms;Bacteria;Pseudomonadati;Campylobacterota;Epsilonproteobacteria;Campylobacterales;Helicobacteraceae;Helicobacter;Helicobacter pylori	0	0	0	2	0	45
1160784	Candidatus Nasuia deltocephalincola	species	cellular organisms;Bacteria;Pseudomonadati;Pseudomonadota;Betaproteobacteria;Betaproteobacteria incertae sedis;Candidatus Nasuia;Candidatus Nasuia deltocephalincola	0	0	0	1	6	0
1156395	Dissulfuribacter thermophilus	species	cellular organisms;Bacteria;Pseudomonadati;Thermodesulfobacteriota;Dissulfuribacteria;Dissulfuribacterales;Dissulfuribacteraceae;Dissulfuribacter;Dissulfuribacter thermophilus	0	0	0	1	0	0
55518	Magnetospirillum gryphiswaldense	species	cellular organisms;Bacteria;Pseudomonadati;Pseudomonadota;Alphaproteobacteria;Rhodospirillales;Rhodospirillaceae;Magnetospirillum;Magnetospirillum gryphiswaldense	0	0	0	3	0	0
1003335	Kluyveromyces marxianus DMKU3-1042	strain	cellular organisms;Eukaryota;Opisthokonta;Fungi;Dikarya;Ascomycota;saccharomyceta;Saccharomycotina;Saccharomycetes;Saccharomycetales;Saccharomycetaceae;Kluyveromyces;Kluyveromyces marxianus;Kluyveromyces marxianus DMKU3-1042	0	0	0	1	0	0
2493670	Mesorhizobium sp. M2A.F.Ca.ET.043.02.1.1	species	cellular organisms;Bacteria;Pseudomonadati;Pseudomonadota;Alphaproteobacteria;Hyphomicrobiales;Phyllobacteriaceae;Mesorhizobium;unclassified Mesorhizobium;Mesorhizobium sp. M2A.F.Ca.ET.043.02.1.1	0	0	0	1	0	0
261302	Paraburkholderia phytofirmans	species	cellular organisms;Bacteria;Pseudomonadati;Pseudomonadota;Betaproteobacteria;Burkholderiales;Burkholderiaceae;Paraburkholderia;Paraburkholderia phytofirmans	0	0	0	1	0	0
663275	Fibrisoma limi	species	cellular organisms;Bacteria;Pseudomonadati;FCB group;Bacteroidota/Chlorobiota group;Bacteroidota;Cytophagia;Cytophagales;Spirosomataceae;Fibrisoma;Fibrisoma limi	0	0	0	1	0	0
234	Brucella	genus	cellular organisms;Bacteria;Pseudomonadati;Pseudomonadota;Alphaproteobacteria;Hyphomicrobiales;Brucellaceae;Brucella/Ochrobactrum group;Brucella	0	0	0	3	0	1
197222	Paraglaciecola mesophila	species	cellular organisms;Bacteria;Pseudomonadati;Pseudomonadota;Gammaproteobacteria;Alteromonadales;Alteromonadaceae;Paraglaciecola;Paraglaciecola mesophila	0	0	0	1	0	0
712	Pasteurellaceae	family	cellular organisms;Bacteria;Pseudomonadati;Pseudomonadota;Gammaproteobacteria;Pasteurellales;Pasteurellaceae	0	0	0	1	0	22
3066221	Candidatus Mesenet endosymbiont of Phosphuga atrata	species	cellular organisms;Bacteria;Pseudomonadati;Pseudomonadota;Alphaproteobacteria;Rickettsiales;Anaplasmataceae;Candidatus Mesenet;unclassified Candidatus Mesenet;Candidatus Mesenet endosymbiont of Phosphuga atrata	0	0	0	1	0	0
208962	Escherichia albertii	species	cellular organisms;Bacteria;Pseudomonadati;Pseudomonadota;Gammaproteobacteria;Enterobacterales;Enterobacteriaceae;Escherichia;Escherichia albertii	0	0	0	1	3	1
2735562	Candidatus Absconditicoccus praedator	species	cellular organisms;Bacteria;Bacteria incertae sedis;Bacteria candidate phyla;Candidatus Absconditibacteriota;Candidatus Absconditabacterales;Candidatus Absconditicoccaceae;Candidatus Absconditicoccus;Candidatus Absconditicoccus praedator	0	0	0	1	0	1
464988	Hemiselmis andersenii	species	cellular organisms;Eukaryota;Cryptophyceae;Cryptomonadales;Hemiselmidaceae;Hemiselmis;Hemiselmis andersenii	0	0	0	1	1	0
1351	Enterococcus faecalis	species	cellular organisms;Bacteria;Bacillati;Bacillota;Bacilli;Lactobacillales;Enterococcaceae;Enterococcus;Enterococcus faecalis	0	0	0	1	12	1
367110	Neurospora crassa OR74A	strain	cellular organisms;Eukaryota;Opisthokonta;Fungi;Dikarya;Ascomycota;saccharomyceta;Pezizomycotina;leotiomyceta;sordariomyceta;Sordariomycetes;Sordariomycetidae;Sordariales;Sordariaceae;Neurospora;Neurospora crassa;Neurospora crassa OR74A	0	0	0	1	0	1
347957	unclassified Betaretrovirus	no rank	Viruses;Riboviria;Pararnavirae;Artverviricota;Revtraviricetes;Ortervirales;Retroviridae;Orthoretrovirinae;Betaretrovirus;unclassified Betaretrovirus	0	0	0	3	11	0
623	Shigella flexneri	species	cellular organisms;Bacteria;Pseudomonadati;Pseudomonadota;Gammaproteobacteria;Enterobacterales;Enterobacteriaceae;Shigella;Shigella flexneri	0	0	0	3	6	0
2676235	unclassified Sphingosinithalassobacter	no rank	cellular organisms;Bacteria;Pseudomonadati;Pseudomonadota;Alphaproteobacteria;Sphingomonadales;Sphingomonadaceae;Sphingosinithalassobacter;unclassified Sphingosinithalassobacter	0	0	0	2	0	0
150055	Streptococcus lutetiensis	species	cellular organisms;Bacteria;Bacillati;Bacillota;Bacilli;Lactobacillales;Streptococcaceae;Streptococcus;Streptococcus lutetiensis	0	0	0	1	0	0
564137	Roseicitreum antarcticum	species	cellular organisms;Bacteria;Pseudomonadati;Pseudomonadota;Alphaproteobacteria;Rhodobacterales;Paracoccaceae;Roseicitreum;Roseicitreum antarcticum	0	0	0	1	0	0
3028374	Paraburkholderia sp. A2RO-4L	species	cellular organisms;Bacteria;Pseudomonadati;Pseudomonadota;Betaproteobacteria;Burkholderiales;Burkholderiaceae;Paraburkholderia;unclassified Paraburkholderia;Paraburkholderia sp. A2RO-4L	0	0	0	7	0	0
3273430	Acidovorax sp. BLS4	species	cellular organisms;Bacteria;Pseudomonadati;Pseudomonadota;Betaproteobacteria;Burkholderiales;Comamonadaceae;Acidovorax;unclassified Acidovorax;Acidovorax sp. BLS4	0	0	0	6	1	0
74318	Maricaulis maris	species	cellular organisms;Bacteria;Pseudomonadati;Pseudomonadota;Alphaproteobacteria;Maricaulales;Maricaulaceae;Maricaulis;Maricaulis maris	0	0	0	1	0	0
5809	Sarcocystidae	family	cellular organisms;Eukaryota;Sar;Alveolata;Apicomplexa;Conoidasida;Coccidia;Eucoccidiorida;Eimeriorina;Sarcocystidae	0	0	0	2	0	0
84565	Sodalis	genus	cellular organisms;Bacteria;Pseudomonadati;Pseudomonadota;Gammaproteobacteria;Enterobacterales;Bruguierivoracaceae;Sodalis	0	0	0	1	0	0
564	Escherichia fergusonii	species	cellular organisms;Bacteria;Pseudomonadati;Pseudomonadota;Gammaproteobacteria;Enterobacterales;Enterobacteriaceae;Escherichia;Escherichia fergusonii	0	0	0	4	0	0
155619	Agaricomycetes	class	cellular organisms;Eukaryota;Opisthokonta;Fungi;Dikarya;Basidiomycota;Agaricomycotina;Agaricomycetes	0	0	0	1	0	0
2904121	Moraxella nasovis	species	cellular organisms;Bacteria;Pseudomonadati;Pseudomonadota;Gammaproteobacteria;Moraxellales;Moraxellaceae;Moraxella;Moraxella nasovis	0	0	0	2	0	14
1352	Enterococcus faecium	species	cellular organisms;Bacteria;Bacillati;Bacillota;Bacilli;Lactobacillales;Enterococcaceae;Enterococcus;Enterococcus faecium	0	0	0	1	0	2
364410	Granulibacter bethesdensis	species	cellular organisms;Bacteria;Pseudomonadati;Pseudomonadota;Alphaproteobacteria;Acetobacterales;Acetobacteraceae;Granulibacter;Granulibacter bethesdensis	0	0	0	1	0	0
1894999	Enhydrobacter sp.	species	cellular organisms;Bacteria;Pseudomonadati;Pseudomonadota;Alphaproteobacteria;Hyphomicrobiales;Hyphomicrobiales incertae sedis;Enhydrobacter;unclassified Enhydrobacter;Enhydrobacter sp.	0	0	0	2	0	0
2527975	Kolteria novifilia	species	cellular organisms;Bacteria;Pseudomonadati;PVC group;Planctomycetota;Planctomycetia;Kolteriales;Kolteriaceae;Kolteria;Kolteria novifilia	0	0	0	1	0	0
784	Orientia tsutsugamushi	species	cellular organisms;Bacteria;Pseudomonadati;Pseudomonadota;Alphaproteobacteria;Rickettsiales;Rickettsiaceae;Rickettsieae;Orientia;Orientia tsutsugamushi	0	0	0	1	0	0
3026162	Halosimplex aquaticum	species	cellular organisms;Archaea;Methanobacteriati;Methanobacteriota;Stenosarchaea group;Halobacteria;Halobacteriales;Haloarculaceae;Halosimplex;Halosimplex aquaticum	0	0	0	1	0	0
171436	Tistrella	genus	cellular organisms;Bacteria;Pseudomonadati;Pseudomonadota;Alphaproteobacteria;Geminicoccales;Geminicoccaceae;Tistrella	0	0	0	2	0	0
53345	Enterococcus durans	species	cellular organisms;Bacteria;Bacillati;Bacillota;Bacilli;Lactobacillales;Enterococcaceae;Enterococcus;Enterococcus durans	0	0	0	2	0	0
1350	Enterococcus	genus	cellular organisms;Bacteria;Bacillati;Bacillota;Bacilli;Lactobacillales;Enterococcaceae;Enterococcus	0	0	0	1	2	1
1296	Mammaliicoccus sciuri	species	cellular organisms;Bacteria;Bacillati;Bacillota;Bacilli;Bacillales;Staphylococcaceae;Mammaliicoccus;Mammaliicoccus sciuri	0	0	0	1	8	1
11723	Simian immunodeficiency virus	no rank	Viruses;Riboviria;Pararnavirae;Artverviricota;Revtraviricetes;Ortervirales;Retroviridae;Orthoretrovirinae;Lentivirus;Lentivirus simimdef;Simian immunodeficiency virus	0	0	0	4	5	0
3080013	Bradyrhizobium sp. BWA-3-5	species	cellular organisms;Bacteria;Pseudomonadati;Pseudomonadota;Alphaproteobacteria;Hyphomicrobiales;Nitrobacteraceae;Bradyrhizobium;unclassified Bradyrhizobium;Bradyrhizobium sp. BWA-3-5	0	0	0	1	0	0
125216	Roseomonas	genus	cellular organisms;Bacteria;Pseudomonadati;Pseudomonadota;Alphaproteobacteria;Acetobacterales;Roseomonadaceae;Roseomonas	0	0	0	1	0	0
2831106	Devosiaceae	family	cellular organisms;Bacteria;Pseudomonadati;Pseudomonadota;Alphaproteobacteria;Hyphomicrobiales;Devosiaceae	0	0	0	1	0	1
484906	Babesia bovis T2Bo	no rank	cellular organisms;Eukaryota;Sar;Alveolata;Apicomplexa;Aconoidasida;Piroplasmida;Babesiidae;Babesia;Babesia bovis;Babesia bovis T2Bo	0	0	0	2	0	0
3085097	Candidatus Promineifilaceae	family	cellular organisms;Bacteria;Bacillati;Chloroflexota;Ardenticatenia;Candidatus Promineifilales;Candidatus Promineifilaceae	0	0	0	2	0	0
286	Pseudomonas	genus	cellular organisms;Bacteria;Pseudomonadati;Pseudomonadota;Gammaproteobacteria;Pseudomonadales;Pseudomonadaceae;Pseudomonas	0	0	0	1	0	39
4891	Saccharomycetes	class	cellular organisms;Eukaryota;Opisthokonta;Fungi;Dikarya;Ascomycota;saccharomyceta;Saccharomycotina;Saccharomycetes	0	0	0	1	0	0
1543705	Nitrospirillum	genus	cellular organisms;Bacteria;Pseudomonadati;Pseudomonadota;Alphaproteobacteria;Rhodospirillales;Azospirillaceae;Nitrospirillum	0	0	0	2	1	1
1680	Bifidobacterium adolescentis	species	cellular organisms;Bacteria;Bacillati;Actinomycetota;Actinomycetes;Bifidobacteriales;Bifidobacteriaceae;Bifidobacterium;Bifidobacterium adolescentis	0	0	0	2	0	9
1890424	Synechococcales	order	cellular organisms;Bacteria;Bacillati;Cyanobacteriota/Melainabacteria group;Cyanobacteriota;Cyanophyceae;Synechococcales	0	0	0	1	0	0
36370	Jembrana disease virus	no rank	Viruses;Riboviria;Pararnavirae;Artverviricota;Revtraviricetes;Ortervirales;Retroviridae;Orthoretrovirinae;Lentivirus;Lentivirus bovjem;Jembrana disease virus	0	0	0	1	6	0
244582	Candidatus Paracaedibacter symbiosus	species	cellular organisms;Bacteria;Pseudomonadati;Pseudomonadota;Alphaproteobacteria;Holosporales;Candidatus Paracaedibacteraceae;Candidatus Paracaedibacter;Candidatus Paracaedibacter symbiosus	0	0	0	2	0	2
29433	Moraxella ovis	species	cellular organisms;Bacteria;Pseudomonadati;Pseudomonadota;Gammaproteobacteria;Moraxellales;Moraxellaceae;Moraxella;Moraxella ovis	0	0	0	1	0	8
2726189	Novosphingobium terrae	species	cellular organisms;Bacteria;Pseudomonadati;Pseudomonadota;Alphaproteobacteria;Sphingomonadales;Sphingomonadaceae;Novosphingobium;Novosphingobium terrae	0	0	0	2	0	0
2664436	Dechloromonas aquae	species	cellular organisms;Bacteria;Pseudomonadati;Pseudomonadota;Betaproteobacteria;Rhodocyclales;Azonexaceae;Dechloromonas;Dechloromonas aquae	0	0	0	1	0	0
2686014	Neorickettsia findlayensis	species	cellular organisms;Bacteria;Pseudomonadati;Pseudomonadota;Alphaproteobacteria;Rickettsiales;Anaplasmataceae;Neorickettsia;Neorickettsia findlayensis	0	0	0	1	0	0
2743470	Comamonas antarctica	species	cellular organisms;Bacteria;Pseudomonadati;Pseudomonadota;Betaproteobacteria;Burkholderiales;Comamonadaceae;Comamonas;Comamonas antarctica	0	0	0	1	0	0
279322	Cutaneotrichosporon cavernicola	species	cellular organisms;Eukaryota;Opisthokonta;Fungi;Dikarya;Basidiomycota;Agaricomycotina;Tremellomycetes;Trichosporonales;Trichosporonaceae;Cutaneotrichosporon;Cutaneotrichosporon cavernicola	0	0	0	1	0	0
5794	Apicomplexa	phylum	cellular organisms;Eukaryota;Sar;Alveolata;Apicomplexa	0	0	0	1	0	0
51637	Naegleria lovaniensis	species	cellular organisms;Eukaryota;Discoba;Heterolobosea;Tetramitia;Eutetramitea;Acrasida;Naegleriidae;Naegleria;Naegleria lovaniensis	0	0	0	1	4	1
117187	Fusarium verticillioides	species	cellular organisms;Eukaryota;Opisthokonta;Fungi;Dikarya;Ascomycota;saccharomyceta;Pezizomycotina;leotiomyceta;sordariomyceta;Sordariomycetes;Hypocreomycetidae;Hypocreales;Nectriaceae;Fusarium;Fusarium fujikuroi species complex;Fusarium verticillioides	0	0	0	1	0	0
2675225	Novosphingobium sp. Gsoil 351	species	cellular organisms;Bacteria;Pseudomonadati;Pseudomonadota;Alphaproteobacteria;Sphingomonadales;Sphingomonadaceae;Novosphingobium;unclassified Novosphingobium;Novosphingobium sp. Gsoil 351	0	0	0	1	0	0
2067960	Pseudazoarcus pumilus	species	cellular organisms;Bacteria;Pseudomonadati;Pseudomonadota;Betaproteobacteria;Rhodocyclales;Zoogloeaceae;Pseudazoarcus;Pseudazoarcus pumilus	0	0	0	1	0	0
1226757	Streptomyces rapamycinicus	species	cellular organisms;Bacteria;Bacillati;Actinomycetota;Actinomycetes;Kitasatosporales;Streptomycetaceae;Streptomyces;Streptomyces violaceusniger group;Streptomyces rapamycinicus	0	0	0	1	0	0
488447	Burkholderia contaminans	species	cellular organisms;Bacteria;Pseudomonadati;Pseudomonadota;Betaproteobacteria;Burkholderiales;Burkholderiaceae;Burkholderia;Burkholderia cepacia complex;Burkholderia contaminans	0	0	0	2	0	0
1701758	Aureimonas populi	species	cellular organisms;Bacteria;Pseudomonadati;Pseudomonadota;Alphaproteobacteria;Hyphomicrobiales;Aurantimonadaceae;Aureimonas;Aureimonas populi	0	0	0	1	0	0
159122	Simian immunodeficiency virus SIV-mnd 2	no rank	Viruses;Riboviria;Pararnavirae;Artverviricota;Revtraviricetes;Ortervirales;Retroviridae;Orthoretrovirinae;Lentivirus;Lentivirus simimdef;Simian immunodeficiency virus;Simian immunodeficiency virus - mnd;Simian immunodeficiency virus SIV-mnd 2	0	0	0	1	6	0
67082	BeAn 58058 virus	species	Viruses;Varidnaviria;Bamfordvirae;Nucleocytoviricota;Pokkesviricetes;Chitovirales;Poxviridae;Chordopoxvirinae;Oryzopoxvirus;unclassified Oryzopoxvirus;BeAn 58058 virus	0	0	0	1	0	0
2740464	Phyllobacterium pellucidum	species	cellular organisms;Bacteria;Pseudomonadati;Pseudomonadota;Alphaproteobacteria;Hyphomicrobiales;Phyllobacteriaceae;Phyllobacterium;Phyllobacterium pellucidum	0	0	0	1	0	0
3459034	Acinetobacter sp. WZC-1	species	cellular organisms;Bacteria;Pseudomonadati;Pseudomonadota;Gammaproteobacteria;Moraxellales;Moraxellaceae;Acinetobacter;unclassified Acinetobacter;Acinetobacter sp. WZC-1	0	0	0	1	0	0
3082549	Synechococcus sp. MIT S1220	species	cellular organisms;Bacteria;Bacillati;Cyanobacteriota/Melainabacteria group;Cyanobacteriota;Cyanophyceae;Synechococcales;Synechococcaceae;Synechococcus;unclassified Synechococcus;Synechococcus sp. MIT S1220	0	0	0	1	0	0
580	Kluyvera cryocrescens	species	cellular organisms;Bacteria;Pseudomonadati;Pseudomonadota;Gammaproteobacteria;Enterobacterales;Enterobacteriaceae;Kluyvera;Kluyvera cryocrescens	0	0	0	1	0	0
76860	Streptococcus constellatus	species	cellular organisms;Bacteria;Bacillati;Bacillota;Bacilli;Lactobacillales;Streptococcaceae;Streptococcus;Streptococcus anginosus group;Streptococcus constellatus	0	0	0	1	0	0
237258	Cloacibacterium normanense	species	cellular organisms;Bacteria;Pseudomonadati;FCB group;Bacteroidota/Chlorobiota group;Bacteroidota;Flavobacteriia;Flavobacteriales;Weeksellaceae;Cloacibacterium;Cloacibacterium normanense	0	0	0	1	0	0
227290	Rhizobium/Agrobacterium group	no rank	cellular organisms;Bacteria;Pseudomonadati;Pseudomonadota;Alphaproteobacteria;Hyphomicrobiales;Rhizobiaceae;Rhizobium/Agrobacterium group	0	0	0	1	0	0
3101350	Candidatus Palauibacter sp.	species	cellular organisms;Bacteria;Pseudomonadati;FCB group;Gemmatimonadota;Gemmatimonadia;Candidatus Palauibacterales;Candidatus Palauibacteraceae;Candidatus Palauibacter;unclassified Candidatus Palauibacter;Candidatus Palauibacter sp.	0	0	0	1	0	0
208348	Puccinia triticina	species	cellular organisms;Eukaryota;Opisthokonta;Fungi;Dikarya;Basidiomycota;Pucciniomycotina;Pucciniomycetes;Pucciniales;Pucciniaceae;Puccinia;Puccinia triticina	0	0	0	2	0	7
912	Nitrobacter hamburgensis	species	cellular organisms;Bacteria;Pseudomonadati;Pseudomonadota;Alphaproteobacteria;Hyphomicrobiales;Nitrobacteraceae;Nitrobacter;Nitrobacter hamburgensis	0	0	0	1	0	0
1822365	Bovine retrovirus CH15	species	Viruses;Riboviria;Pararnavirae;Artverviricota;Revtraviricetes;Ortervirales;Retroviridae;Orthoretrovirinae;Betaretrovirus;unclassified Betaretrovirus;Bovine retrovirus CH15	0	0	0	1	0	0
3040935	Acidisoma cladoniae	species	cellular organisms;Bacteria;Pseudomonadati;Pseudomonadota;Alphaproteobacteria;Acetobacterales;Acidocellaceae;Acidisoma;Acidisoma cladoniae	0	0	0	1	0	0
76588	Acidiphilium acidophilum	species	cellular organisms;Bacteria;Pseudomonadati;Pseudomonadota;Alphaproteobacteria;Acetobacterales;Acidocellaceae;Acidiphilium;Acidiphilium acidophilum	0	0	0	1	0	298
80860	Streptomyces cyanogenus	species	cellular organisms;Bacteria;Bacillati;Actinomycetota;Actinomycetes;Kitasatosporales;Streptomycetaceae;Streptomyces;Streptomyces cyanogenus	0	0	0	1	0	0
1584	Lactobacillus delbrueckii	species	cellular organisms;Bacteria;Bacillati;Bacillota;Bacilli;Lactobacillales;Lactobacillaceae;Lactobacillus;Lactobacillus delbrueckii	0	0	0	1	0	0
2731619	Caudoviricetes	class	Viruses;Duplodnaviria;Heunggongvirae;Uroviricota;Caudoviricetes	0	0	0	1	0	0
2805427	Actinomadura luzonensis	species	cellular organisms;Bacteria;Bacillati;Actinomycetota;Actinomycetes;Streptosporangiales;Thermomonosporaceae;Actinomadura;Actinomadura luzonensis	0	0	0	1	8	38
3390273	Klebsiella pneumoniae complex	species group	cellular organisms;Bacteria;Pseudomonadati;Pseudomonadota;Gammaproteobacteria;Enterobacterales;Enterobacteriaceae;Klebsiella;Klebsiella pneumoniae complex	0	0	0	1	0	0
418101	Plasmodium (Vinckeia)	subgenus	cellular organisms;Eukaryota;Sar;Alveolata;Apicomplexa;Aconoidasida;Haemosporida;Plasmodiidae;Plasmodium;Plasmodium (Vinckeia)	0	0	0	1	0	0
779	Ehrlichia ruminantium	species	cellular organisms;Bacteria;Pseudomonadati;Pseudomonadota;Alphaproteobacteria;Rickettsiales;Anaplasmataceae;Ehrlichia;canis group;Ehrlichia ruminantium	0	0	0	1	0	0
2319	Methanopyrus	genus	cellular organisms;Archaea;Methanobacteriati;Methanobacteriota;Methanomada group;Methanopyri;Methanopyrales;Methanopyraceae;Methanopyrus	0	0	0	2	0	0
338	Xanthomonas	genus	cellular organisms;Bacteria;Pseudomonadati;Pseudomonadota;Gammaproteobacteria;Lysobacterales;Lysobacteraceae;Xanthomonas	0	0	0	1	0	5
265570	Sulfurovum	genus	cellular organisms;Bacteria;Pseudomonadati;Campylobacterota;Epsilonproteobacteria;Campylobacterales;Sulfurovaceae;Sulfurovum	0	0	0	1	0	0
670386	Heterostelium album PN500	strain	cellular organisms;Eukaryota;Amoebozoa;Evosea;Eumycetozoa;Dictyostelia;Acytosteliales;Acytosteliaceae;Heterostelium;Heterostelium album;Heterostelium album PN500	0	0	0	1	0	1
3035935	Marinivivus vitaminiproducens	species	cellular organisms;Bacteria;Pseudomonadati;Pseudomonadota;Alphaproteobacteria;Geminicoccales;Geminicoccaceae;Marinivivus;Marinivivus vitaminiproducens	0	0	0	1	0	0
1242174	Dyella kyungheensis	species	cellular organisms;Bacteria;Pseudomonadati;Pseudomonadota;Gammaproteobacteria;Lysobacterales;Rhodanobacteraceae;Dyella;Dyella kyungheensis	0	0	0	1	0	0
69968	Macrococcus bovicus	species	cellular organisms;Bacteria;Bacillati;Bacillota;Bacilli;Bacillales;Staphylococcaceae;Macrococcus;Macrococcus bovicus	0	0	0	1	0	0
1296100	Kwoniella bestiolae CBS 10118	strain	cellular organisms;Eukaryota;Opisthokonta;Fungi;Dikarya;Basidiomycota;Agaricomycotina;Tremellomycetes;Tremellales;Cryptococcaceae;Kwoniella;Kwoniella bestiolae;Kwoniella bestiolae CBS 10118	0	0	0	1	0	1
28256	Halomonadaceae	family	cellular organisms;Bacteria;Pseudomonadati;Pseudomonadota;Gammaproteobacteria;Oceanospirillales;Halomonadaceae	0	0	0	1	1	1
1344959	Citrobacter freundii complex	species group	cellular organisms;Bacteria;Pseudomonadati;Pseudomonadota;Gammaproteobacteria;Enterobacterales;Enterobacteriaceae;Citrobacter;Citrobacter freundii complex	0	0	0	1	0	0
2842247	Norzivirales	order	Viruses;Riboviria;Orthornavirae;Lenarviricota;Leviviricetes;Norzivirales	0	0	0	1	0	0
346	Xanthomonas citri	species	cellular organisms;Bacteria;Pseudomonadati;Pseudomonadota;Gammaproteobacteria;Lysobacterales;Lysobacteraceae;Xanthomonas;Xanthomonas citri group;Xanthomonas citri	0	0	0	1	3	1
114616	Methylobacterium nodulans	species	cellular organisms;Bacteria;Pseudomonadati;Pseudomonadota;Alphaproteobacteria;Hyphomicrobiales;Methylobacteriaceae;Methylobacterium;Methylobacterium nodulans	0	0	0	1	0	0
575	Klebsiella planticola	species	cellular organisms;Bacteria;Pseudomonadati;Pseudomonadota;Gammaproteobacteria;Enterobacterales;Enterobacteriaceae;Klebsiella;Klebsiella planticola	0	0	0	1	0	13
1348774	Croceicoccus naphthovorans	species	cellular organisms;Bacteria;Pseudomonadati;Pseudomonadota;Alphaproteobacteria;Sphingomonadales;Erythrobacteraceae;Croceicoccus;Croceicoccus naphthovorans	0	0	0	1	0	0
1408	Bacillus pumilus	species	cellular organisms;Bacteria;Bacillati;Bacillota;Bacilli;Bacillales;Bacillaceae;Bacillus;Bacillus pumilus	0	0	0	1	0	0
72274	Pseudomonadales	order	cellular organisms;Bacteria;Pseudomonadati;Pseudomonadota;Gammaproteobacteria;Pseudomonadales	0	0	0	1	0	2
511145	Escherichia coli str. K-12 substr. MG1655	no rank	cellular organisms;Bacteria;Pseudomonadati;Pseudomonadota;Gammaproteobacteria;Enterobacterales;Enterobacteriaceae;Escherichia;Escherichia coli;Escherichia coli K-12;Escherichia coli str. K-12 substr. MG1655	0	0	0	1	0	0
546	Citrobacter freundii	species	cellular organisms;Bacteria;Pseudomonadati;Pseudomonadota;Gammaproteobacteria;Enterobacterales;Enterobacteriaceae;Citrobacter;Citrobacter freundii complex;Citrobacter freundii	0	0	0	1	3	0
3078805	Parvularcula sp. LCG005	species	cellular organisms;Bacteria;Pseudomonadati;Pseudomonadota;Alphaproteobacteria;Parvularculales;Parvularculaceae;Parvularcula;unclassified Parvularcula;Parvularcula sp. LCG005	0	0	0	1	0	0
186817	Bacillaceae	family	cellular organisms;Bacteria;Bacillati;Bacillota;Bacilli;Bacillales;Bacillaceae	0	0	0	1	33	0
1290	Staphylococcus hominis	species	cellular organisms;Bacteria;Bacillati;Bacillota;Bacilli;Bacillales;Staphylococcaceae;Staphylococcus;Staphylococcus hominis	0	0	0	0	2816	0
147711	Rhinovirus A	no rank	Viruses;Riboviria;Orthornavirae;Pisuviricota;Pisoniviricetes;Picornavirales;Picornaviridae;Ensavirinae;Enterovirus;Enterovirus alpharhino;Rhinovirus A	0	0	0	0	1337	1
165779	Anaerococcus	genus	cellular organisms;Bacteria;Bacillati;Bacillota;Tissierellia;Tissierellales;Peptoniphilaceae;Anaerococcus	0	0	0	0	953	0
33010	Cutibacterium avidum	species	cellular organisms;Bacteria;Bacillati;Actinomycetota;Actinomycetes;Propionibacteriales;Propionibacteriaceae;Cutibacterium;Cutibacterium avidum	0	0	0	0	429	0
1397	Niallia circulans	species	cellular organisms;Bacteria;Bacillati;Bacillota;Bacilli;Bacillales;Bacillaceae;Niallia;Niallia circulans	0	0	0	0	64	0
33028	Staphylococcus saccharolyticus	species	cellular organisms;Bacteria;Bacillati;Bacillota;Bacilli;Bacillales;Staphylococcaceae;Staphylococcus;Staphylococcus saccharolyticus	0	0	0	0	859	1
65058	Corynebacterium ulcerans	species	cellular organisms;Bacteria;Bacillati;Actinomycetota;Actinomycetes;Mycobacteriales;Corynebacteriaceae;Corynebacterium;Corynebacterium ulcerans	0	0	0	0	397	0
3569264	Corynebacterium sp. CQ3829_602738	species	cellular organisms;Bacteria;Bacillati;Actinomycetota;Actinomycetes;Mycobacteriales;Corynebacteriaceae;Corynebacterium;unclassified Corynebacterium;Corynebacterium sp. CQ3829_602738	0	0	0	0	10	0
441500	Corynebacterium timonense	species	cellular organisms;Bacteria;Bacillati;Actinomycetota;Actinomycetes;Mycobacteriales;Corynebacteriaceae;Corynebacterium;Corynebacterium timonense	0	0	0	0	461	0
1914233	Gemmataceae	family	cellular organisms;Bacteria;Pseudomonadati;PVC group;Planctomycetota;Planctomycetia;Gemmatales;Gemmataceae	0	0	0	0	198	0
12059	Enterovirus	genus	Viruses;Riboviria;Orthornavirae;Pisuviricota;Pisoniviricetes;Picornavirales;Picornaviridae;Ensavirinae;Enterovirus	0	0	0	0	779	0
1519999	Staphylococcus phage phiBU01	no rank	Viruses;Duplodnaviria;Heunggongvirae;Uroviricota;Caudoviricetes;Caudoviricetes incertae sedis;Bronfenbrennervirinae;Biseptimavirus;Biseptimavirus BU01;Staphylococcus phage phiBU01	0	0	0	0	4	0
2930131	Staphylococcus sp. NRL 16/872	species	cellular organisms;Bacteria;Bacillati;Bacillota;Bacilli;Bacillales;Staphylococcaceae;Staphylococcus;unclassified Staphylococcus;Staphylococcus sp. NRL 16/872	0	0	0	0	116	0
586733	Staphylococcus devriesei	species	cellular organisms;Bacteria;Bacillati;Bacillota;Bacilli;Bacillales;Staphylococcaceae;Staphylococcus;Staphylococcus devriesei	0	0	0	0	144	0
2946630	Ensavirinae	subfamily	Viruses;Riboviria;Orthornavirae;Pisuviricota;Pisoniviricetes;Picornavirales;Picornaviridae;Ensavirinae	0	0	0	0	129	0
28035	Staphylococcus lugdunensis	species	cellular organisms;Bacteria;Bacillati;Bacillota;Bacilli;Bacillales;Staphylococcaceae;Staphylococcus;Staphylococcus lugdunensis	0	0	0	0	41	2
2044912	Staphylococcus debuckii	species	cellular organisms;Bacteria;Bacillati;Bacillota;Bacilli;Bacillales;Staphylococcaceae;Staphylococcus;Staphylococcus debuckii	0	0	0	0	1	0
2499213	Bacillus sp. BD59S	species	cellular organisms;Bacteria;Bacillati;Bacillota;Bacilli;Bacillales;Bacillaceae;Bacillus;unclassified Bacillus (in: firmicutes);Bacillus sp. BD59S	0	0	0	0	247	0
29382	Staphylococcus cohnii	species	cellular organisms;Bacteria;Bacillati;Bacillota;Bacilli;Bacillales;Staphylococcaceae;Staphylococcus;Staphylococcus cohnii species complex;Staphylococcus cohnii	0	0	0	0	117	1
93061	Staphylococcus aureus subsp. aureus NCTC 8325	strain	cellular organisms;Bacteria;Bacillati;Bacillota;Bacilli;Bacillales;Staphylococcaceae;Staphylococcus;Staphylococcus aureus;Staphylococcus aureus subsp. aureus NCTC 8325	0	0	0	0	167	0
1751071	Sediminibacterium longum	species	cellular organisms;Bacteria;Pseudomonadati;FCB group;Bacteroidota/Chlorobiota group;Bacteroidota;Chitinophagia;Chitinophagales;Chitinophagaceae;Sediminibacterium;Sediminibacterium longum	0	0	0	0	307	0
9	Buchnera aphidicola	species	cellular organisms;Bacteria;Pseudomonadati;Pseudomonadota;Gammaproteobacteria;Enterobacterales;Erwiniaceae;Buchnera;Buchnera aphidicola	0	0	0	0	1	8
1732063	Staphylococcus phage SPbeta-like	species	Viruses;Duplodnaviria;Heunggongvirae;Uroviricota;Caudoviricetes;unclassified Caudoviricetes;Staphylococcus phage SPbeta-like	0	0	0	0	6	0
2282419	Staphylococcus pseudoxylosus	species	cellular organisms;Bacteria;Bacillati;Bacillota;Bacilli;Bacillales;Staphylococcaceae;Staphylococcus;Staphylococcus pseudoxylosus	0	0	0	0	19	0
12058	Picornaviridae	family	Viruses;Riboviria;Orthornavirae;Pisuviricota;Pisoniviricetes;Picornavirales;Picornaviridae	0	0	0	0	132	0
191292	Rhodococcus aetherivorans	species	cellular organisms;Bacteria;Bacillati;Actinomycetota;Actinomycetes;Mycobacteriales;Nocardiaceae;Rhodococcus;Rhodococcus aetherivorans	0	0	0	0	4	0
31957	Propionibacteriaceae	family	cellular organisms;Bacteria;Bacillati;Actinomycetota;Actinomycetes;Propionibacteriales;Propionibacteriaceae	0	0	0	0	216	1
1151742	Lactococcus taiwanensis	species	cellular organisms;Bacteria;Bacillati;Bacillota;Bacilli;Lactobacillales;Streptococcaceae;Lactococcus;Lactococcus taiwanensis	0	0	0	0	116	0
1404	Priestia megaterium	species	cellular organisms;Bacteria;Bacillati;Bacillota;Bacilli;Bacillales;Bacillaceae;Priestia;Priestia megaterium	0	0	0	0	163	5
1283	Staphylococcus haemolyticus	species	cellular organisms;Bacteria;Bacillati;Bacillota;Bacilli;Bacillales;Staphylococcaceae;Staphylococcus;Staphylococcus haemolyticus	0	0	0	0	626	1
201828	Staphylococcus casei	species	cellular organisms;Bacteria;Bacillati;Bacillota;Bacilli;Bacillales;Staphylococcaceae;Staphylococcus;Staphylococcus casei	0	0	0	0	59	0
1286	Staphylococcus simulans	species	cellular organisms;Bacteria;Bacillati;Bacillota;Bacilli;Bacillales;Staphylococcaceae;Staphylococcus;Staphylococcus simulans	0	0	0	0	30	1
41275	Brevundimonas	genus	cellular organisms;Bacteria;Pseudomonadati;Pseudomonadota;Alphaproteobacteria;Caulobacterales;Caulobacteraceae;Brevundimonas	0	0	0	0	2	0
1281	Staphylococcus carnosus	species	cellular organisms;Bacteria;Bacillati;Bacillota;Bacilli;Bacillales;Staphylococcaceae;Staphylococcus;Staphylococcus carnosus	0	0	0	0	43	0
51669	Tetragenococcus halophilus	species	cellular organisms;Bacteria;Bacillati;Bacillota;Bacilli;Lactobacillales;Enterococcaceae;Tetragenococcus;Tetragenococcus halophilus	0	0	0	0	39	0
186814	Thermoanaerobacteraceae	family	cellular organisms;Bacteria;Bacillati;Bacillota;Clostridia;Thermoanaerobacterales;Thermoanaerobacteraceae	0	0	0	0	1	0
91994	unclassified Staphylococcus	no rank	cellular organisms;Bacteria;Bacillati;Bacillota;Bacilli;Bacillales;Staphylococcaceae;Staphylococcus;unclassified Staphylococcus	0	0	0	0	82	0
29380	Staphylococcus caprae	species	cellular organisms;Bacteria;Bacillati;Bacillota;Bacilli;Bacillales;Staphylococcaceae;Staphylococcus;Staphylococcus caprae	0	0	0	0	123	2
1648923	Bacillus paralicheniformis	species	cellular organisms;Bacteria;Bacillati;Bacillota;Bacilli;Bacillales;Bacillaceae;Bacillus;Bacillus subtilis group;Bacillus paralicheniformis	0	0	0	0	27	1
354351	Pseudochrobactrum asaccharolyticum	species	cellular organisms;Bacteria;Pseudomonadati;Pseudomonadota;Alphaproteobacteria;Hyphomicrobiales;Brucellaceae;Pseudochrobactrum;Pseudochrobactrum asaccharolyticum	0	0	0	0	8	0
573824	rhinovirus A1	no rank	Viruses;Riboviria;Orthornavirae;Pisuviricota;Pisoniviricetes;Picornavirales;Picornaviridae;Ensavirinae;Enterovirus;Enterovirus alpharhino;Rhinovirus A;rhinovirus A1	0	0	0	0	49	0
464095	Picornavirales	order	Viruses;Riboviria;Orthornavirae;Pisuviricota;Pisoniviricetes;Picornavirales	0	0	0	0	160	0
1718	Corynebacterium glutamicum	species	cellular organisms;Bacteria;Bacillati;Actinomycetota;Actinomycetes;Mycobacteriales;Corynebacteriaceae;Corynebacterium;Corynebacterium glutamicum	0	0	0	0	91	0
187491	Corynebacterium glaucum	species	cellular organisms;Bacteria;Bacillati;Actinomycetota;Actinomycetes;Mycobacteriales;Corynebacteriaceae;Corynebacterium;Corynebacterium glaucum	0	0	0	0	1	0
504481	Sediminibacterium	genus	cellular organisms;Bacteria;Pseudomonadati;FCB group;Bacteroidota/Chlorobiota group;Bacteroidota;Chitinophagia;Chitinophagales;Chitinophagaceae;Sediminibacterium	0	0	0	0	71	0
1295	Staphylococcus schleiferi	species	cellular organisms;Bacteria;Bacillati;Bacillota;Bacilli;Bacillales;Staphylococcaceae;Staphylococcus;Staphylococcus schleiferi	0	0	0	0	83	0
2692118	Winkia	genus	cellular organisms;Bacteria;Bacillati;Actinomycetota;Actinomycetes;Actinomycetales;Actinomycetaceae;Winkia	0	0	0	0	29	0
47715	Lacticaseibacillus rhamnosus	species	cellular organisms;Bacteria;Bacillati;Bacillota;Bacilli;Lactobacillales;Lactobacillaceae;Lacticaseibacillus;Lacticaseibacillus rhamnosus	0	0	0	0	7	1
1190508	Corynebacterium aquatimens	species	cellular organisms;Bacteria;Bacillati;Actinomycetota;Actinomycetes;Mycobacteriales;Corynebacteriaceae;Corynebacterium;Corynebacterium aquatimens	0	0	0	0	19	0
3136119	bovine respiratory syncytial virus	no rank	Viruses;Riboviria;Orthornavirae;Negarnaviricota;Haploviricotina;Monjiviricetes;Mononegavirales;Pneumoviridae;Orthopneumovirus;Orthopneumovirus bovis;bovine respiratory syncytial virus	0	0	0	0	68	9
170573	Staphylococcus pettenkoferi	species	cellular organisms;Bacteria;Bacillati;Bacillota;Bacilli;Bacillales;Staphylococcaceae;Staphylococcus;Staphylococcus pettenkoferi	0	0	0	0	11	0
1785128	Acinetobacter lactucae	species	cellular organisms;Bacteria;Pseudomonadati;Pseudomonadota;Gammaproteobacteria;Moraxellales;Moraxellaceae;Acinetobacter;Acinetobacter calcoaceticus/baumannii complex;Acinetobacter lactucae	0	0	0	0	4	0
441501	Corynebacterium massiliense	species	cellular organisms;Bacteria;Bacillati;Actinomycetota;Actinomycetes;Mycobacteriales;Corynebacteriaceae;Corynebacterium;Corynebacterium massiliense	0	0	0	0	9	0
2763010	Corynebacterium lujinxingii	species	cellular organisms;Bacteria;Bacillati;Actinomycetota;Actinomycetes;Mycobacteriales;Corynebacteriaceae;Corynebacterium;Corynebacterium lujinxingii	0	0	0	0	19	0
1755241	Anaerococcus nagyae	species	cellular organisms;Bacteria;Bacillati;Bacillota;Tissierellia;Tissierellales;Peptoniphilaceae;Anaerococcus;Anaerococcus nagyae	0	0	0	0	55	0
308354	Staphylococcus simiae	species	cellular organisms;Bacteria;Bacillati;Bacillota;Bacilli;Bacillales;Staphylococcaceae;Staphylococcus;Staphylococcus simiae	0	0	0	0	21	0
555791	Staphylococcus massiliensis	species	cellular organisms;Bacteria;Bacillati;Bacillota;Bacilli;Bacillales;Staphylococcaceae;Staphylococcus;Staphylococcus massiliensis	0	0	0	0	4	0
53374	Corynebacterium coyleae	species	cellular organisms;Bacteria;Bacillati;Actinomycetota;Actinomycetes;Mycobacteriales;Corynebacteriaceae;Corynebacterium;Corynebacterium coyleae	0	0	0	0	4	0
69967	Macrococcus equipercicus	species	cellular organisms;Bacteria;Bacillati;Bacillota;Bacilli;Bacillales;Staphylococcaceae;Macrococcus;Macrococcus equipercicus	0	0	0	0	2	0
1967501	Shinella sumterensis	species	cellular organisms;Bacteria;Pseudomonadati;Pseudomonadota;Alphaproteobacteria;Hyphomicrobiales;Rhizobiaceae;Shinella;Shinella sumterensis	0	0	0	0	2	0
29379	Staphylococcus auricularis	species	cellular organisms;Bacteria;Bacillati;Bacillota;Bacilli;Bacillales;Staphylococcaceae;Staphylococcus;Staphylococcus auricularis	0	0	0	0	15	0
94254	Dyadobacter fermentans	species	cellular organisms;Bacteria;Pseudomonadati;FCB group;Bacteroidota/Chlorobiota group;Bacteroidota;Cytophagia;Cytophagales;Spirosomataceae;Dyadobacter;Dyadobacter fermentans	0	0	0	0	1	0
976	Bacteroidota	phylum	cellular organisms;Bacteria;Pseudomonadati;FCB group;Bacteroidota/Chlorobiota group;Bacteroidota	0	0	0	0	14	215
1955013	Staphylococcus edaphicus	species	cellular organisms;Bacteria;Bacillati;Bacillota;Bacilli;Bacillales;Staphylococcaceae;Staphylococcus;Staphylococcus edaphicus	0	0	0	0	1	0
1284	Staphylococcus hyicus	species	cellular organisms;Bacteria;Bacillati;Bacillota;Bacilli;Bacillales;Staphylococcaceae;Staphylococcus;Staphylococcus hyicus	0	0	0	0	27	0
83559	Chlamydia suis	species	cellular organisms;Bacteria;Pseudomonadati;PVC group;Chlamydiota;Chlamydiia;Chlamydiales;Chlamydiaceae;Chlamydia/Chlamydophila group;Chlamydia;Chlamydia suis	0	0	0	0	20	0
1076	Rhodopseudomonas palustris	species	cellular organisms;Bacteria;Pseudomonadati;Pseudomonadota;Alphaproteobacteria;Hyphomicrobiales;Nitrobacteraceae;Rhodopseudomonas;Rhodopseudomonas palustris	0	0	0	0	13	1
3076558	Paraflavitalea speifideaquila	species	cellular organisms;Bacteria;Pseudomonadati;FCB group;Bacteroidota/Chlorobiota group;Bacteroidota;Chitinophagia;Chitinophagales;Chitinophagaceae;Paraflavitalea;Paraflavitalea speifideaquila	0	0	0	0	1	0
46913	Devosia	genus	cellular organisms;Bacteria;Pseudomonadati;Pseudomonadota;Alphaproteobacteria;Hyphomicrobiales;Devosiaceae;Devosia	0	0	0	0	3	0
2933290	Agrococcus sp. SCSIO52902	species	cellular organisms;Bacteria;Bacillati;Actinomycetota;Actinomycetes;Micrococcales;Microbacteriaceae;Agrococcus;unclassified Agrococcus;Agrococcus sp. SCSIO52902	0	0	0	0	3	0
38304	Corynebacterium tuberculostearicum	species	cellular organisms;Bacteria;Bacillati;Actinomycetota;Actinomycetes;Mycobacteriales;Corynebacteriaceae;Corynebacterium;Corynebacterium tuberculostearicum	0	0	0	0	53	0
2774151	Frigoriglobus tundricola	species	cellular organisms;Bacteria;Pseudomonadati;PVC group;Planctomycetota;Planctomycetia;Gemmatales;Gemmataceae;Frigoriglobus;Frigoriglobus tundricola	0	0	0	0	4	0
33958	Lactobacillaceae	family	cellular organisms;Bacteria;Bacillati;Bacillota;Bacilli;Lactobacillales;Lactobacillaceae	0	0	0	0	6	1
874267	Staphylococcus phage phi5967PVL	no rank	Viruses;Duplodnaviria;Heunggongvirae;Uroviricota;Caudoviricetes;Caudoviricetes incertae sedis;Bronfenbrennervirinae;Biseptimavirus;Biseptimavirus phi7247PVL;Staphylococcus phage phi5967PVL	0	0	0	0	3	0
1623278	Bronvirus	genus	Viruses;Duplodnaviria;Heunggongvirae;Uroviricota;Caudoviricetes;Caudoviricetes incertae sedis;Vilmaviridae;Lclasvirinae;Bronvirus	0	0	0	0	1	0
5499	Fulvia fulva	species	cellular organisms;Eukaryota;Opisthokonta;Fungi;Dikarya;Ascomycota;saccharomyceta;Pezizomycotina;leotiomyceta;dothideomyceta;Dothideomycetes;Dothideomycetidae;Mycosphaerellales;Mycosphaerellaceae;Fulvia;Fulvia fulva	0	0	0	0	1	3
2781774	Staphylococcus lloydii	species	cellular organisms;Bacteria;Bacillati;Bacillota;Bacilli;Bacillales;Staphylococcaceae;Staphylococcus;Staphylococcus lloydii	0	0	0	0	6	0
246432	Staphylococcus equorum	species	cellular organisms;Bacteria;Bacillati;Bacillota;Bacilli;Bacillales;Staphylococcaceae;Staphylococcus;Staphylococcus equorum	0	0	0	0	30	1
1372	Planococcus	genus	cellular organisms;Bacteria;Bacillati;Bacillota;Bacilli;Bacillales;Caryophanaceae;Planococcus	0	0	0	0	1	0
134	Methylocystis parvus	species	cellular organisms;Bacteria;Pseudomonadati;Pseudomonadota;Alphaproteobacteria;Hyphomicrobiales;Methylocystaceae;Methylocystis;Methylocystis parvus	0	0	0	0	1	1
985002	Staphylococcus argenteus	species	cellular organisms;Bacteria;Bacillati;Bacillota;Bacilli;Bacillales;Staphylococcaceae;Staphylococcus;Staphylococcus argenteus	0	0	0	0	25	0
2754725	Corynebacterium incognitum	species	cellular organisms;Bacteria;Bacillati;Actinomycetota;Actinomycetes;Mycobacteriales;Corynebacteriaceae;Corynebacterium;Corynebacterium incognitum	0	0	0	0	10	0
146827	Corynebacterium simulans	species	cellular organisms;Bacteria;Bacillati;Actinomycetota;Actinomycetes;Mycobacteriales;Corynebacteriaceae;Corynebacterium;Corynebacterium simulans	0	0	0	0	15	0
46126	Staphylococcus chromogenes	species	cellular organisms;Bacteria;Bacillati;Bacillota;Bacilli;Bacillales;Staphylococcaceae;Staphylococcus;Staphylococcus chromogenes	0	0	0	0	11	0
2757	Brochothrix campestris	species	cellular organisms;Bacteria;Bacillati;Bacillota;Bacilli;Bacillales;Listeriaceae;Brochothrix;Brochothrix campestris	0	0	0	0	1	0
85009	Propionibacteriales	order	cellular organisms;Bacteria;Bacillati;Actinomycetota;Actinomycetes;Propionibacteriales	0	0	0	0	7	2
38284	Corynebacterium accolens	species	cellular organisms;Bacteria;Bacillati;Actinomycetota;Actinomycetes;Mycobacteriales;Corynebacteriaceae;Corynebacterium;Corynebacterium accolens	0	0	0	0	29	0
228899	Peribacillus asahii	species	cellular organisms;Bacteria;Bacillati;Bacillota;Bacilli;Bacillales;Bacillaceae;Peribacillus;Peribacillus asahii	0	0	0	0	1	0
463676	Rhinovirus C	no rank	Viruses;Riboviria;Orthornavirae;Pisuviricota;Pisoniviricetes;Picornavirales;Picornaviridae;Ensavirinae;Enterovirus;Enterovirus cerhino;Rhinovirus C	0	0	0	0	5	0
2912228	Staphylococcus shinii	species	cellular organisms;Bacteria;Bacillati;Bacillota;Bacilli;Bacillales;Staphylococcaceae;Staphylococcus;Staphylococcus shinii	0	0	0	0	3	0
563	Shimwellia blattae	species	cellular organisms;Bacteria;Pseudomonadati;Pseudomonadota;Gammaproteobacteria;Enterobacterales;Enterobacteriaceae;Shimwellia;Shimwellia blattae	0	0	0	0	1	0
208224	Enterobacter kobei	species	cellular organisms;Bacteria;Pseudomonadati;Pseudomonadota;Gammaproteobacteria;Enterobacterales;Enterobacteriaceae;Enterobacter;Enterobacter cloacae complex;Enterobacter kobei	0	0	0	0	1	0
2789739	Rhodococcus sp. USK10	species	cellular organisms;Bacteria;Bacillati;Actinomycetota;Actinomycetes;Mycobacteriales;Nocardiaceae;Rhodococcus;unclassified Rhodococcus (in: high G+C Gram-positive bacteria);Rhodococcus sp. USK10	0	0	0	0	3	0
506	Alcaligenaceae	family	cellular organisms;Bacteria;Pseudomonadati;Pseudomonadota;Betaproteobacteria;Burkholderiales;Alcaligenaceae	0	0	0	0	3	113
2048283	Thalassospira marina	species	cellular organisms;Bacteria;Pseudomonadati;Pseudomonadota;Alphaproteobacteria;Rhodospirillales;Thalassospiraceae;Thalassospira;Thalassospira marina	0	0	0	0	1	0
11676	Human immunodeficiency virus 1	no rank	Viruses;Riboviria;Pararnavirae;Artverviricota;Revtraviricetes;Ortervirales;Retroviridae;Orthoretrovirinae;Lentivirus;Lentivirus humimdef1;Human immunodeficiency virus 1	0	0	0	0	1	0
1386	Bacillus	genus	cellular organisms;Bacteria;Bacillati;Bacillota;Bacilli;Bacillales;Bacillaceae;Bacillus	0	0	0	0	15	3
38286	Corynebacterium afermentans	species	cellular organisms;Bacteria;Bacillati;Actinomycetota;Actinomycetes;Mycobacteriales;Corynebacteriaceae;Corynebacterium;Corynebacterium afermentans	0	0	0	0	11	0
120107	Sphingobium cloacae	species	cellular organisms;Bacteria;Pseudomonadati;Pseudomonadota;Alphaproteobacteria;Sphingomonadales;Sphingobiaceae;Sphingobium;Sphingobium cloacae	0	0	0	0	11	0
11263	murine pneumonia virus	no rank	Viruses;Riboviria;Orthornavirae;Negarnaviricota;Haploviricotina;Monjiviricetes;Mononegavirales;Pneumoviridae;Orthopneumovirus;Orthopneumovirus muris;murine pneumonia virus	0	0	0	0	3	0
1305	Streptococcus sanguinis	species	cellular organisms;Bacteria;Bacillati;Bacillota;Bacilli;Lactobacillales;Streptococcaceae;Streptococcus;Streptococcus sanguinis	0	0	0	0	7	0
38525	avian metapneumovirus	no rank	Viruses;Riboviria;Orthornavirae;Negarnaviricota;Haploviricotina;Monjiviricetes;Mononegavirales;Pneumoviridae;Metapneumovirus;Metapneumovirus avis;avian metapneumovirus	0	0	0	0	1	0
723802	Simian retrovirus 4	species	Viruses;Riboviria;Pararnavirae;Artverviricota;Revtraviricetes;Ortervirales;Retroviridae;Orthoretrovirinae;Betaretrovirus;unclassified Betaretrovirus;Simian retrovirus 4	0	0	0	0	1	0
1697	Corynebacterium ammoniagenes	species	cellular organisms;Bacteria;Bacillati;Actinomycetota;Actinomycetes;Mycobacteriales;Corynebacteriaceae;Corynebacterium;Corynebacterium ammoniagenes	0	0	0	0	3	0
43771	Corynebacterium urealyticum	species	cellular organisms;Bacteria;Bacillati;Actinomycetota;Actinomycetes;Mycobacteriales;Corynebacteriaceae;Corynebacterium;Corynebacterium urealyticum	0	0	0	0	10	0
169176	Caenibius tardaugens	species	cellular organisms;Bacteria;Pseudomonadati;Pseudomonadota;Alphaproteobacteria;Sphingomonadales;Erythrobacteraceae;Caenibius;Caenibius tardaugens	0	0	0	0	5	0
2913503	Corynebacterium marquesiae	species	cellular organisms;Bacteria;Bacillati;Actinomycetota;Actinomycetes;Mycobacteriales;Corynebacteriaceae;Corynebacterium;Corynebacterium marquesiae	0	0	0	0	3	0
818	Bacteroides thetaiotaomicron	species	cellular organisms;Bacteria;Pseudomonadati;FCB group;Bacteroidota/Chlorobiota group;Bacteroidota;Bacteroidia;Bacteroidales;Bacteroidaceae;Bacteroides;Bacteroides thetaiotaomicron	0	0	0	0	9	4
1570339	Peptoniphilaceae	family	cellular organisms;Bacteria;Bacillati;Bacillota;Tissierellia;Tissierellales;Peptoniphilaceae	0	0	0	0	7	0
2803850	Mammaliicoccus	genus	cellular organisms;Bacteria;Bacillati;Bacillota;Bacilli;Bacillales;Staphylococcaceae;Mammaliicoccus	0	0	0	0	5	0
1354	Enterococcus hirae	species	cellular organisms;Bacteria;Bacillati;Bacillota;Bacilli;Lactobacillales;Enterococcaceae;Enterococcus;Enterococcus hirae	0	0	0	0	1	0
1739404	Staphylococcus sp. HMSC065D11	species	cellular organisms;Bacteria;Bacillati;Bacillota;Bacilli;Bacillales;Staphylococcaceae;Staphylococcus;unclassified Staphylococcus;Staphylococcus sp. HMSC065D11	0	0	0	0	9	0
29385	Staphylococcus saprophyticus	species	cellular organisms;Bacteria;Bacillati;Bacillota;Bacilli;Bacillales;Staphylococcaceae;Staphylococcus;Staphylococcus saprophyticus	0	0	0	0	17	0
169963	Listeria monocytogenes EGD-e	strain	cellular organisms;Bacteria;Bacillati;Bacillota;Bacilli;Bacillales;Listeriaceae;Listeria;Listeria monocytogenes;Listeria monocytogenes EGD-e	0	0	0	0	1	0
84595	Gordonia polyisoprenivorans	species	cellular organisms;Bacteria;Bacillati;Actinomycetota;Actinomycetes;Mycobacteriales;Gordoniaceae;Gordonia;Gordonia polyisoprenivorans	0	0	0	0	2	0
1292	Staphylococcus warneri	species	cellular organisms;Bacteria;Bacillati;Bacillota;Bacilli;Bacillales;Staphylococcaceae;Staphylococcus;Staphylococcus warneri	0	0	0	0	13	0
489909	Nosocomiicoccus	genus	cellular organisms;Bacteria;Bacillati;Bacillota;Bacilli;Bacillales;Staphylococcaceae;Nosocomiicoccus	0	0	0	0	3	1
2935861	Gordonia sp. PP30	species	cellular organisms;Bacteria;Bacillati;Actinomycetota;Actinomycetes;Mycobacteriales;Gordoniaceae;Gordonia;unclassified Gordonia (in: high G+C Gram-positive bacteria);Gordonia sp. PP30	0	0	0	0	1	0
1336	Streptococcus equi	species	cellular organisms;Bacteria;Bacillati;Bacillota;Bacilli;Lactobacillales;Streptococcaceae;Streptococcus;Streptococcus dysgalactiae group;Streptococcus equi	0	0	0	0	1	0
2982690	Macrococcus capreoli	species	cellular organisms;Bacteria;Bacillati;Bacillota;Bacilli;Bacillales;Staphylococcaceae;Macrococcus;Macrococcus capreoli	0	0	0	0	1	0
138949	Enterovirus B	no rank	Viruses;Riboviria;Orthornavirae;Pisuviricota;Pisoniviricetes;Picornavirales;Picornaviridae;Ensavirinae;Enterovirus;Enterovirus betacoxsackie;Enterovirus B	0	0	0	0	2	0
1160973	Auritidibacter	genus	cellular organisms;Bacteria;Bacillati;Actinomycetota;Actinomycetes;Micrococcales;Micrococcaceae;Auritidibacter	0	0	0	0	5	0
1583	Weissella confusa	species	cellular organisms;Bacteria;Bacillati;Bacillota;Bacilli;Lactobacillales;Lactobacillaceae;Weissella;Weissella confusa	0	0	0	0	1	0
156976	Corynebacterium riegelii	species	cellular organisms;Bacteria;Bacillati;Actinomycetota;Actinomycetes;Mycobacteriales;Corynebacteriaceae;Corynebacterium;Corynebacterium riegelii	0	0	0	0	7	0
2815305	Staphylococcus intermedius group	species group	cellular organisms;Bacteria;Bacillati;Bacillota;Bacilli;Bacillales;Staphylococcaceae;Staphylococcus;Staphylococcus intermedius group	0	0	0	0	3	0
186818	Caryophanaceae	family	cellular organisms;Bacteria;Bacillati;Bacillota;Bacilli;Bacillales;Caryophanaceae	0	0	0	0	1	0
319942	Staphylococcus croceilyticus	species	cellular organisms;Bacteria;Bacillati;Bacillota;Bacilli;Bacillales;Staphylococcaceae;Staphylococcus;Staphylococcus croceilyticus	0	0	0	0	3	0
571	Klebsiella oxytoca	species	cellular organisms;Bacteria;Pseudomonadati;Pseudomonadota;Gammaproteobacteria;Enterobacterales;Enterobacteriaceae;Klebsiella;Klebsiella oxytoca	0	0	0	0	1	0
2711231	Roseimicrobium sp. ORNL1	species	cellular organisms;Bacteria;Pseudomonadati;PVC group;Verrucomicrobiota;Verrucomicrobiia;Verrucomicrobiales;Verrucomicrobiaceae;Roseimicrobium;unclassified Roseimicrobium;Roseimicrobium sp. ORNL1	0	0	0	0	1	0
992230	Human rhinovirus NAT001	no rank	Viruses;Riboviria;Orthornavirae;Pisuviricota;Pisoniviricetes;Picornavirales;Picornaviridae;Ensavirinae;Enterovirus;Enterovirus cerhino;Rhinovirus C;rhinovirus C1;Human rhinovirus NAT001	0	0	0	0	3	0
590	Salmonella	genus	cellular organisms;Bacteria;Pseudomonadati;Pseudomonadota;Gammaproteobacteria;Enterobacterales;Enterobacteriaceae;Salmonella	0	0	0	0	2	0
2559073	Cutibacterium modestum	species	cellular organisms;Bacteria;Bacillati;Actinomycetota;Actinomycetes;Propionibacteriales;Propionibacteriaceae;Cutibacterium;Cutibacterium modestum	0	0	0	0	5	0
3076173	Macrococcoides	genus	cellular organisms;Bacteria;Bacillati;Bacillota;Bacilli;Bacillales;Staphylococcaceae;Macrococcoides	0	0	0	0	1	0
3039389	Macrococcus psychrotolerans	species	cellular organisms;Bacteria;Bacillati;Bacillota;Bacilli;Bacillales;Staphylococcaceae;Macrococcus;Macrococcus psychrotolerans	0	0	0	0	1	0
44249	Paenibacillus	genus	cellular organisms;Bacteria;Bacillati;Bacillota;Bacilli;Bacillales;Paenibacillaceae;Paenibacillus	0	0	0	0	7	0
34062	Faucicola osloensis	species	cellular organisms;Bacteria;Pseudomonadati;Pseudomonadota;Gammaproteobacteria;Moraxellales;Moraxellaceae;Faucicola;Faucicola osloensis	0	0	0	0	7	48
1079	Blastochloris viridis	species	cellular organisms;Bacteria;Pseudomonadati;Pseudomonadota;Alphaproteobacteria;Hyphomicrobiales;Blastochloridaceae;Blastochloris;Blastochloris viridis	0	0	0	0	4	0
3131995	Tepidibacillus marianensis	species	cellular organisms;Bacteria;Bacillati;Bacillota;Bacilli;Bacillales;Bacillaceae;Tepidibacillus;Tepidibacillus marianensis	0	0	0	0	5	0
2070759	Bacillus sp. MBGLi79	species	cellular organisms;Bacteria;Bacillati;Bacillota;Bacilli;Bacillales;Bacillaceae;Bacillus;unclassified Bacillus (in: firmicutes);Bacillus sp. MBGLi79	0	0	0	0	1	0
147712	Rhinovirus B	no rank	Viruses;Riboviria;Orthornavirae;Pisuviricota;Pisoniviricetes;Picornavirales;Picornaviridae;Ensavirinae;Enterovirus;Enterovirus betarhino;Rhinovirus B	0	0	0	0	1	0
1597	Lacticaseibacillus paracasei	species	cellular organisms;Bacteria;Bacillati;Bacillota;Bacilli;Lactobacillales;Lactobacillaceae;Lacticaseibacillus;Lacticaseibacillus paracasei	0	0	0	0	1	0
1732064	Staphylococcus phage StB20-like	species	Viruses;Duplodnaviria;Heunggongvirae;Uroviricota;Caudoviricetes;unclassified Caudoviricetes;Staphylococcus phage StB20-like	0	0	0	0	7	0
2164067	Algihabitans albus	species	cellular organisms;Bacteria;Pseudomonadati;Pseudomonadota;Alphaproteobacteria;Rhodospirillales;Rhodovibrionaceae;Algihabitans;Algihabitans albus	0	0	0	0	1	0
11663	Ovine lentivirus	species	Viruses;Riboviria;Pararnavirae;Artverviricota;Revtraviricetes;Ortervirales;Retroviridae;Orthoretrovirinae;Lentivirus;unclassified Lentivirus;Ovine lentivirus	0	0	0	0	3	0
81852	Enterococcaceae	family	cellular organisms;Bacteria;Bacillati;Bacillota;Bacilli;Lactobacillales;Enterococcaceae	0	0	0	0	1	0
10683	Takahashivirus PBS1	species	Viruses;Duplodnaviria;Heunggongvirae;Uroviricota;Caudoviricetes;Caudoviricetes incertae sedis;Takahashivirus;Takahashivirus PBS1	0	0	0	0	1	0
553239	Vibrio breoganii	species	cellular organisms;Bacteria;Pseudomonadati;Pseudomonadota;Gammaproteobacteria;Vibrionales;Vibrionaceae;Vibrio;Vibrio breoganii	0	0	0	0	3	0
356322	Heliorestis convoluta	species	cellular organisms;Bacteria;Bacillati;Bacillota;Clostridia;Eubacteriales;Heliobacteriaceae;Heliorestis;Heliorestis convoluta	0	0	0	0	2	0
1366	Pseudolactococcus raffinolactis	species	cellular organisms;Bacteria;Bacillati;Bacillota;Bacilli;Lactobacillales;Streptococcaceae;Pseudolactococcus;Pseudolactococcus raffinolactis	0	0	0	0	1	0
29378	Staphylococcus arlettae	species	cellular organisms;Bacteria;Bacillati;Bacillota;Bacilli;Bacillales;Staphylococcaceae;Staphylococcus;Staphylococcus arlettae	0	0	0	0	2	0
2989771	Staphylococcus sp. IVB6240	species	cellular organisms;Bacteria;Bacillati;Bacillota;Bacilli;Bacillales;Staphylococcaceae;Staphylococcus;unclassified Staphylococcus;Staphylococcus sp. IVB6240	0	0	0	0	1	0
43770	Corynebacterium striatum	species	cellular organisms;Bacteria;Bacillati;Actinomycetota;Actinomycetes;Mycobacteriales;Corynebacteriaceae;Corynebacterium;Corynebacterium striatum	0	0	0	0	10	0
2637870	unclassified Solibacillus	no rank	cellular organisms;Bacteria;Bacillati;Bacillota;Bacilli;Bacillales;Caryophanaceae;Solibacillus;unclassified Solibacillus	0	0	0	0	1	0
336810	Candidatus Karelsulcia muelleri	species	cellular organisms;Bacteria;Pseudomonadati;FCB group;Bacteroidota/Chlorobiota group;Bacteroidota;Flavobacteriia;Flavobacteriales;Flavobacteriales incertae sedis;Candidatus Karelsulcia;Candidatus Karelsulcia muelleri	0	0	0	0	1	0
214473	Staphylococcus nepalensis	species	cellular organisms;Bacteria;Bacillati;Bacillota;Bacilli;Bacillales;Staphylococcaceae;Staphylococcus;Staphylococcus nepalensis	0	0	0	0	5	0
2933872	Ectobacillus sp. JY-23	species	cellular organisms;Bacteria;Bacillati;Bacillota;Bacilli;Bacillales;Bacillaceae;Ectobacillus;unclassified Ectobacillus;Ectobacillus sp. JY-23	0	0	0	0	1	0
201174	Actinomycetota	phylum	cellular organisms;Bacteria;Bacillati;Actinomycetota	0	0	0	0	2	1
28450	Burkholderia pseudomallei	species	cellular organisms;Bacteria;Pseudomonadati;Pseudomonadota;Betaproteobacteria;Burkholderiales;Burkholderiaceae;Burkholderia;pseudomallei group;Burkholderia pseudomallei	0	0	0	0	1	1
1715029	Staphylococcus sp. HMSC074D07	species	cellular organisms;Bacteria;Bacillati;Bacillota;Bacilli;Bacillales;Staphylococcaceae;Staphylococcus;unclassified Staphylococcus;Staphylococcus sp. HMSC074D07	0	0	0	0	1	0
2892440	Staphylococcus ratti	species	cellular organisms;Bacteria;Bacillati;Bacillota;Bacilli;Bacillales;Staphylococcaceae;Staphylococcus;Staphylococcus ratti	0	0	0	0	6	0
2720871	Aspergillus subgen. Circumdati	subgenus	cellular organisms;Eukaryota;Opisthokonta;Fungi;Dikarya;Ascomycota;saccharomyceta;Pezizomycotina;leotiomyceta;Eurotiomycetes;Eurotiomycetidae;Eurotiales;Aspergillaceae;Aspergillus;Aspergillus subgen. Circumdati	0	0	0	0	3	0
53335	Pantoea	genus	cellular organisms;Bacteria;Pseudomonadati;Pseudomonadota;Gammaproteobacteria;Enterobacterales;Erwiniaceae;Pantoea	0	0	0	0	1	31
227319	Corynebacterium ciconiae	species	cellular organisms;Bacteria;Bacillati;Actinomycetota;Actinomycetes;Mycobacteriales;Corynebacteriaceae;Corynebacterium;Corynebacterium ciconiae	0	0	0	0	1	0
379	Rhizobium	genus	cellular organisms;Bacteria;Pseudomonadati;Pseudomonadota;Alphaproteobacteria;Hyphomicrobiales;Rhizobiaceae;Rhizobium/Agrobacterium group;Rhizobium	0	0	0	0	2	3
862	Syntrophomonas	genus	cellular organisms;Bacteria;Bacillati;Bacillota;Clostridia;Eubacteriales;Syntrophomonadaceae;Syntrophomonas	0	0	0	0	1	0
42858	Mammaliicoccus lentus	species	cellular organisms;Bacteria;Bacillati;Bacillota;Bacilli;Bacillales;Staphylococcaceae;Mammaliicoccus;Mammaliicoccus lentus	0	0	0	0	4	0
1281456	Bat picornavirus	no rank	Viruses;Riboviria;Orthornavirae;Pisuviricota;Pisoniviricetes;Picornavirales;Picornaviridae;Paavivirinae;Shanbavirus;Shanbavirus aminfuli;Shanbavirus A;Bat picornavirus	0	0	0	0	1	0
35757	Corynebacterium cystitidis	species	cellular organisms;Bacteria;Bacillati;Actinomycetota;Actinomycetes;Mycobacteriales;Corynebacteriaceae;Corynebacterium;Corynebacterium cystitidis	0	0	0	0	4	0
3395462	Macrococcus equi	species	cellular organisms;Bacteria;Bacillati;Bacillota;Bacilli;Bacillales;Staphylococcaceae;Macrococcus;Macrococcus equi	0	0	0	0	2	0
1479	Bacillus smithii	species	cellular organisms;Bacteria;Bacillati;Bacillota;Bacilli;Bacillales;Bacillaceae;Bacillus;Bacillus smithii	0	0	0	0	1	0
2921709	Paenibacillus sp. FSL W8-0186	species	cellular organisms;Bacteria;Bacillati;Bacillota;Bacilli;Bacillales;Paenibacillaceae;Paenibacillus;unclassified Paenibacillus;Paenibacillus sp. FSL W8-0186	0	0	0	0	1	0
638619	Bifidobacterium actinocoloniiforme	species	cellular organisms;Bacteria;Bacillati;Actinomycetota;Actinomycetes;Bifidobacteriales;Bifidobacteriaceae;Bifidobacterium;Bifidobacterium actinocoloniiforme	0	0	0	0	1	0
985762	Staphylococcus agnetis	species	cellular organisms;Bacteria;Bacillati;Bacillota;Bacilli;Bacillales;Staphylococcaceae;Staphylococcus;Staphylococcus agnetis	0	0	0	0	1	0
2419774	Protaetiibacter intestinalis	species	cellular organisms;Bacteria;Bacillati;Actinomycetota;Actinomycetes;Micrococcales;Microbacteriaceae;Protaetiibacter;Protaetiibacter intestinalis	0	0	0	0	1	0
76761	Pseudomonas veronii	species	cellular organisms;Bacteria;Pseudomonadati;Pseudomonadota;Gammaproteobacteria;Pseudomonadales;Pseudomonadaceae;Pseudomonas;Pseudomonas fluorescens group;Pseudomonas veronii	0	0	0	0	1	40
1652495	Corynebacterium crudilactis	species	cellular organisms;Bacteria;Bacillati;Actinomycetota;Actinomycetes;Mycobacteriales;Corynebacteriaceae;Corynebacterium;Corynebacterium crudilactis	0	0	0	0	2	0
1357	Lactococcus	genus	cellular organisms;Bacteria;Bacillati;Bacillota;Bacilli;Lactobacillales;Streptococcaceae;Lactococcus	0	0	0	0	1	0
549	Pantoea agglomerans	species	cellular organisms;Bacteria;Pseudomonadati;Pseudomonadota;Gammaproteobacteria;Enterobacterales;Erwiniaceae;Pantoea;Pantoea agglomerans group;Pantoea agglomerans	0	0	0	0	1	0
202949	Thermanaeromonas	genus	cellular organisms;Bacteria;Bacillati;Bacillota;Clostridia;Neomoorellales;Neomoorellaceae;Thermanaeromonas	0	0	0	0	1	0
2620411	unclassified Nitrobacter	no rank	cellular organisms;Bacteria;Pseudomonadati;Pseudomonadota;Alphaproteobacteria;Hyphomicrobiales;Nitrobacteraceae;Nitrobacter;unclassified Nitrobacter	0	0	0	0	2	0
1400133	Allobacillus	genus	cellular organisms;Bacteria;Bacillati;Bacillota;Bacilli;Bacillales;Bacillaceae;Allobacillus	0	0	0	0	1	0
1288	Staphylococcus xylosus	species	cellular organisms;Bacteria;Bacillati;Bacillota;Bacilli;Bacillales;Staphylococcaceae;Staphylococcus;Staphylococcus xylosus	0	0	0	0	3	0
380	Sinorhizobium fredii	species	cellular organisms;Bacteria;Pseudomonadati;Pseudomonadota;Alphaproteobacteria;Hyphomicrobiales;Rhizobiaceae;Sinorhizobium/Ensifer group;Sinorhizobium;Sinorhizobium fredii group;Sinorhizobium fredii	0	0	0	0	3	0
227979	Jeotgalicoccus	genus	cellular organisms;Bacteria;Bacillati;Bacillota;Bacilli;Bacillales;Staphylococcaceae;Jeotgalicoccus	0	0	0	0	1	0
2231603	Akanthomyces muscarius	species	cellular organisms;Eukaryota;Opisthokonta;Fungi;Dikarya;Ascomycota;saccharomyceta;Pezizomycotina;leotiomyceta;sordariomyceta;Sordariomycetes;Hypocreomycetidae;Hypocreales;Cordycipitaceae;Akanthomyces;Akanthomyces muscarius	0	0	0	0	1	88
2617606	unclassified Castellaniella	no rank	cellular organisms;Bacteria;Pseudomonadati;Pseudomonadota;Betaproteobacteria;Burkholderiales;Alcaligenaceae;Castellaniella;unclassified Castellaniella	0	0	0	0	1	0
379899	Niabella	genus	cellular organisms;Bacteria;Pseudomonadati;FCB group;Bacteroidota/Chlorobiota group;Bacteroidota;Chitinophagia;Chitinophagales;Chitinophagaceae;Niabella	0	0	0	0	10	0
271881	Lactiplantibacillus argentoratensis	species	cellular organisms;Bacteria;Bacillati;Bacillota;Bacilli;Lactobacillales;Lactobacillaceae;Lactiplantibacillus;Lactiplantibacillus argentoratensis	0	0	0	0	1	0
1772326	Arthrobacter phage Galaxy	no rank	Viruses;Duplodnaviria;Heunggongvirae;Uroviricota;Caudoviricetes;Caudoviricetes incertae sedis;Galaxyvirus;Galaxyvirus galaxy;Arthrobacter phage Galaxy	0	0	0	0	1	0
1121358	Corynebacterium doosanense	species	cellular organisms;Bacteria;Bacillati;Actinomycetota;Actinomycetes;Mycobacteriales;Corynebacteriaceae;Corynebacterium;Corynebacterium doosanense	0	0	0	0	2	0
3034016	Candidatus Haliotispira prima	species	cellular organisms;Bacteria;Pseudomonadati;Spirochaetota;Spirochaetia;Spirochaetales;Spirochaetaceae;Candidatus Haliotispira;Candidatus Haliotispira prima	0	0	0	0	1	0
1762	Mycobacteriaceae	family	cellular organisms;Bacteria;Bacillati;Actinomycetota;Actinomycetes;Mycobacteriales;Mycobacteriaceae	0	0	0	0	1	6
2891570	Pseudocitrobacter corydidari	species	cellular organisms;Bacteria;Pseudomonadati;Pseudomonadota;Gammaproteobacteria;Enterobacterales;Enterobacteriaceae;Pseudocitrobacter;Pseudocitrobacter corydidari	0	0	0	0	1	1
2570229	Phreatobacter aquaticus	species	cellular organisms;Bacteria;Pseudomonadati;Pseudomonadota;Alphaproteobacteria;Hyphomicrobiales;Phreatobacteraceae;Phreatobacter;Phreatobacter aquaticus	0	0	0	0	2	0
553	Pantoea ananatis	species	cellular organisms;Bacteria;Pseudomonadati;Pseudomonadota;Gammaproteobacteria;Enterobacterales;Erwiniaceae;Pantoea;Pantoea ananatis	0	0	0	0	1	0
1216297	Virgibacillus natechei	species	cellular organisms;Bacteria;Bacillati;Bacillota;Bacilli;Bacillales;Bacillaceae;Virgibacillus;Virgibacillus natechei	0	0	0	0	1	0
338645	Candidatus Contubernalis alkaliaceticus	species	cellular organisms;Bacteria;Bacillati;Bacillota;Dethiobacteria;Dethiobacterales;Dethiobacteraceae;Candidatus Contubernalis;Candidatus Contubernalis alkaliaceticus	0	0	0	0	2	0
400634	Lysinibacillus	genus	cellular organisms;Bacteria;Bacillati;Bacillota;Bacilli;Bacillales;Bacillaceae;Lysinibacillus	0	0	0	0	2	0
69965	Macrococcus	genus	cellular organisms;Bacteria;Bacillati;Bacillota;Bacilli;Bacillales;Staphylococcaceae;Macrococcus	0	0	0	0	3	0
2843445	Rockefellervirus	genus	Viruses;Duplodnaviria;Heunggongvirae;Uroviricota;Caudoviricetes;Caudoviricetes incertae sedis;Rockefellervirus	0	0	0	0	1	0
39791	Corynebacterium glucuronolyticum	species	cellular organisms;Bacteria;Bacillati;Actinomycetota;Actinomycetes;Mycobacteriales;Corynebacteriaceae;Corynebacterium;Corynebacterium glucuronolyticum	0	0	0	0	2	0
1610	Loigolactobacillus coryniformis	species	cellular organisms;Bacteria;Bacillati;Bacillota;Bacilli;Lactobacillales;Lactobacillaceae;Loigolactobacillus;Loigolactobacillus coryniformis	0	0	0	0	1	0
2651583	Geomonas	genus	cellular organisms;Bacteria;Pseudomonadati;Thermodesulfobacteriota;Desulfuromonadia;Geobacterales;Geobacteraceae;Geomonas	0	0	0	0	1	0
1379	Gemella haemolysans	species	cellular organisms;Bacteria;Bacillati;Bacillota;Bacilli;Bacillales;Gemellaceae;Gemella;Gemella haemolysans	0	0	0	0	1	1
1314	Streptococcus pyogenes	species	cellular organisms;Bacteria;Bacillati;Bacillota;Bacilli;Lactobacillales;Streptococcaceae;Streptococcus;Streptococcus pyogenes	0	0	0	0	1	0
2842328	Salasmaviridae	family	Viruses;Duplodnaviria;Heunggongvirae;Uroviricota;Caudoviricetes;Caudoviricetes incertae sedis;Salasmaviridae	0	0	0	0	1	0
71237	Mammaliicoccus vitulinus	species	cellular organisms;Bacteria;Bacillati;Bacillota;Bacilli;Bacillales;Staphylococcaceae;Mammaliicoccus;Mammaliicoccus vitulinus	0	0	0	0	2	1
1852390	Corynebacterium fournieri	species	cellular organisms;Bacteria;Bacillati;Actinomycetota;Actinomycetes;Mycobacteriales;Corynebacteriaceae;Corynebacterium;Corynebacterium fournieri	0	0	0	0	1	0
29394	Dolosigranulum pigrum	species	cellular organisms;Bacteria;Bacillati;Bacillota;Bacilli;Lactobacillales;Carnobacteriaceae;Dolosigranulum;Dolosigranulum pigrum	0	0	0	0	1	845
911	Nitrobacter	genus	cellular organisms;Bacteria;Pseudomonadati;Pseudomonadota;Alphaproteobacteria;Hyphomicrobiales;Nitrobacteraceae;Nitrobacter	0	0	0	0	1	0
33069	Pseudomonas viridiflava	species	cellular organisms;Bacteria;Pseudomonadati;Pseudomonadota;Gammaproteobacteria;Pseudomonadales;Pseudomonadaceae;Pseudomonas;Pseudomonas syringae group;Pseudomonas viridiflava	0	0	0	0	1	0
1783348	Corynebacterium guangdongense	species	cellular organisms;Bacteria;Bacillati;Actinomycetota;Actinomycetes;Mycobacteriales;Corynebacteriaceae;Corynebacterium;Corynebacterium guangdongense	0	0	0	0	1	0
2768162	Roseomonas haemaphysalidis	species	cellular organisms;Bacteria;Pseudomonadati;Pseudomonadota;Alphaproteobacteria;Acetobacterales;Roseomonadaceae;Roseomonas;Roseomonas haemaphysalidis	0	0	0	0	1	0
2897335	Staphylococcus sp. HL28	species	cellular organisms;Bacteria;Bacillati;Bacillota;Bacilli;Bacillales;Staphylococcaceae;Staphylococcus;unclassified Staphylococcus;Staphylococcus sp. HL28	0	0	0	0	4	0
3241576	Candidatus Leptofilum sp.	species	cellular organisms;Bacteria;Bacillati;Chloroflexota;Ardenticatenia;Candidatus Promineifilales;Candidatus Promineifilaceae;Candidatus Leptofilum;unclassified Candidatus Leptofilum;Candidatus Leptofilum sp.	0	0	0	0	1	0
79263	Paenibacillus chitinolyticus	species	cellular organisms;Bacteria;Bacillati;Bacillota;Bacilli;Bacillales;Paenibacillaceae;Paenibacillus;Paenibacillus chitinolyticus	0	0	0	0	1	0
1955153	Picornavirales sp.	species	Viruses;Riboviria;Orthornavirae;Pisuviricota;Pisoniviricetes;Picornavirales;unclassified Picornavirales;Picornavirales sp.	0	0	0	0	1	0
3397060	Carnobacterium sp. TMP28	species	cellular organisms;Bacteria;Bacillati;Bacillota;Bacilli;Lactobacillales;Carnobacteriaceae;Carnobacterium;unclassified Carnobacterium;Carnobacterium sp. TMP28	0	0	0	0	1	0
186801	Clostridia	class	cellular organisms;Bacteria;Bacillati;Bacillota;Clostridia	0	0	0	0	1	0
1654388	Staphylococcus schweitzeri	species	cellular organisms;Bacteria;Bacillati;Bacillota;Bacilli;Bacillales;Staphylococcaceae;Staphylococcus;Staphylococcus schweitzeri	0	0	0	0	1	0
2903595	Nocardia sp. NBC_01377	species	cellular organisms;Bacteria;Bacillati;Actinomycetota;Actinomycetes;Mycobacteriales;Nocardiaceae;Nocardia;unclassified Nocardia;Nocardia sp. NBC_01377	0	0	0	0	2	0
94138	Staphylococcus ureilyticus	species	cellular organisms;Bacteria;Bacillati;Bacillota;Bacilli;Bacillales;Staphylococcaceae;Staphylococcus;Staphylococcus cohnii species complex;Staphylococcus ureilyticus	0	0	0	0	1	0
1678	Bifidobacterium	genus	cellular organisms;Bacteria;Bacillati;Actinomycetota;Actinomycetes;Bifidobacteriales;Bifidobacteriaceae;Bifidobacterium	0	0	0	0	1	0
194	Campylobacter	genus	cellular organisms;Bacteria;Pseudomonadati;Campylobacterota;Epsilonproteobacteria;Campylobacterales;Campylobacteraceae;Campylobacter	0	0	0	0	1	1
2908642	Solicola gregarius	species	cellular organisms;Bacteria;Bacillati;Actinomycetota;Actinomycetes;Propionibacteriales;Nocardioidaceae;Solicola;Solicola gregarius	0	0	0	0	1	0
2840371	Gemella sp. zg-570	species	cellular organisms;Bacteria;Bacillati;Bacillota;Bacilli;Bacillales;Gemellaceae;Gemella;unclassified Gemella;Gemella sp. zg-570	0	0	0	0	1	0
1795815	Streptomyces sp. enrichment culture	species	cellular organisms;Bacteria;Bacillati;Actinomycetota;Actinomycetes;Kitasatosporales;Streptomycetaceae;Streptomyces;environmental samples;Streptomyces sp. enrichment culture	0	0	0	0	1	1
1471761	Novibacillus thermophilus	species	cellular organisms;Bacteria;Bacillati;Bacillota;Bacilli;Bacillales;Thermoactinomycetaceae;Novibacillus;Novibacillus thermophilus	0	0	0	0	1	0
134034	Corynebacterium freneyi	species	cellular organisms;Bacteria;Bacillati;Actinomycetota;Actinomycetes;Mycobacteriales;Corynebacteriaceae;Corynebacterium;Corynebacterium freneyi	0	0	0	0	1	0
3051183	Staphylococcus hsinchuensis	species	cellular organisms;Bacteria;Bacillati;Bacillota;Bacilli;Bacillales;Staphylococcaceae;Staphylococcus;Staphylococcus hsinchuensis	0	0	0	0	2	0
351195	Salimicrobium	genus	cellular organisms;Bacteria;Bacillati;Bacillota;Bacilli;Bacillales;Bacillaceae;Salimicrobium	0	0	0	0	1	0
5824	Plasmodium brasilianum	species	cellular organisms;Eukaryota;Sar;Alveolata;Apicomplexa;Aconoidasida;Haemosporida;Plasmodiidae;Plasmodium;Plasmodium (Plasmodium);Plasmodium brasilianum	0	0	0	0	1	0
2732396	Orthornavirae	kingdom	Viruses;Riboviria;Orthornavirae	0	0	0	0	1	0
2559587	Riboviria	realm	Viruses;Riboviria	0	0	0	0	1	0
53344	Staphylococcus delphini	species	cellular organisms;Bacteria;Bacillati;Bacillota;Bacilli;Bacillales;Staphylococcaceae;Staphylococcus;Staphylococcus intermedius group;Staphylococcus delphini	0	0	0	0	1	0
2897332	Roseomonas cutis	species	cellular organisms;Bacteria;Pseudomonadati;Pseudomonadota;Alphaproteobacteria;Acetobacterales;Roseomonadaceae;Roseomonas;Roseomonas cutis	0	0	0	0	1	0
551760	Aromatoleum aromaticum	species	cellular organisms;Bacteria;Pseudomonadati;Pseudomonadota;Betaproteobacteria;Rhodocyclales;Rhodocyclaceae;Aromatoleum;Aromatoleum aromaticum	0	0	0	0	1	0
310907	Enterovirus H	no rank	Viruses;Riboviria;Orthornavirae;Pisuviricota;Pisoniviricetes;Picornavirales;Picornaviridae;Ensavirinae;Enterovirus;Enterovirus hesimi;Enterovirus H	0	0	0	0	1	0
1461582	Jeotgalicoccus saudimassiliensis	species	cellular organisms;Bacteria;Bacillati;Bacillota;Bacilli;Bacillales;Staphylococcaceae;Jeotgalicoccus;Jeotgalicoccus saudimassiliensis	0	0	0	0	2	0
2132	Spiroplasma	genus	cellular organisms;Bacteria;Bacillati;Mycoplasmatota;Mollicutes;Entomoplasmatales;Spiroplasmataceae;Spiroplasma	0	0	0	0	1	0
2804917	Corynebacterium pseudokroppenstedtii	species	cellular organisms;Bacteria;Bacillati;Actinomycetota;Actinomycetes;Mycobacteriales;Corynebacteriaceae;Corynebacterium;Corynebacterium pseudokroppenstedtii	0	0	0	0	1	0
3387397	Rhodovulum sp. HP10	species	cellular organisms;Bacteria;Pseudomonadati;Pseudomonadota;Alphaproteobacteria;Rhodobacterales;Paracoccaceae;Rhodovulum;unclassified Rhodovulum;Rhodovulum sp. HP10	0	0	0	0	1	0
85006	Micrococcales	order	cellular organisms;Bacteria;Bacillati;Actinomycetota;Actinomycetes;Micrococcales	0	0	0	0	1	1
522262	Staphylococcus rostri	species	cellular organisms;Bacteria;Bacillati;Bacillota;Bacilli;Bacillales;Staphylococcaceae;Staphylococcus;Staphylococcus rostri	0	0	0	0	1	0
69966	Macrococcoides caseolyticum	species	cellular organisms;Bacteria;Bacillati;Bacillota;Bacilli;Bacillales;Staphylococcaceae;Macrococcoides;Macrococcoides caseolyticum	0	0	0	0	1	0
3385497	Salinicoccus sp. HZC-1	species	cellular organisms;Bacteria;Bacillati;Bacillota;Bacilli;Bacillales;Staphylococcaceae;Salinicoccus;unclassified Salinicoccus;Salinicoccus sp. HZC-1	0	0	0	0	1	0
2025492	Staphylococcus sp. M0911	species	cellular organisms;Bacteria;Bacillati;Bacillota;Bacilli;Bacillales;Staphylococcaceae;Staphylococcus;unclassified Staphylococcus;Staphylococcus sp. M0911	0	0	0	0	1	0
2815577	Alkalibacter rhizosphaerae	species	cellular organisms;Bacteria;Bacillati;Bacillota;Clostridia;Eubacteriales;Eubacteriaceae;Alkalibacter;Alkalibacter rhizosphaerae	0	0	0	0	1	0
2735563	Thiothrix subterranea	species	cellular organisms;Bacteria;Pseudomonadati;Pseudomonadota;Gammaproteobacteria;Thiotrichales;Thiotrichaceae;Thiothrix;Thiothrix subterranea	0	0	0	0	1	0
1147043	Staphylococcus phage StB20	species	Viruses;Duplodnaviria;Heunggongvirae;Uroviricota;Caudoviricetes;unclassified Caudoviricetes;Staphylococcus phage StB20	0	0	0	0	1	0
2640676	unclassified Wolbachia	no rank	cellular organisms;Bacteria;Pseudomonadati;Pseudomonadota;Alphaproteobacteria;Rickettsiales;Anaplasmataceae;Wolbachieae;Wolbachia;unclassified Wolbachia	0	0	0	0	1	1
3041435	Methylocapsa sp. D3K7	species	cellular organisms;Bacteria;Pseudomonadati;Pseudomonadota;Alphaproteobacteria;Hyphomicrobiales;Beijerinckiaceae;Methylocapsa;unclassified Methylocapsa;Methylocapsa sp. D3K7	0	0	0	0	1	0
47759	Streptomyces tubercidicus	species	cellular organisms;Bacteria;Bacillati;Actinomycetota;Actinomycetes;Kitasatosporales;Streptomycetaceae;Streptomyces;Streptomyces tubercidicus	0	0	0	0	1	0
61635	Acholeplasma brassicae	species	cellular organisms;Bacteria;Bacillati;Mycoplasmatota;Mollicutes;Acholeplasmatales;Acholeplasmataceae;Acholeplasma;Acholeplasma brassicae	0	0	0	0	1	0
2014528	Corynebacterium dentalis	species	cellular organisms;Bacteria;Bacillati;Actinomycetota;Actinomycetes;Mycobacteriales;Corynebacteriaceae;Corynebacterium;Corynebacterium dentalis	0	0	0	0	1	0
643214	Mammaliicoccus stepanovicii	species	cellular organisms;Bacteria;Bacillati;Bacillota;Bacilli;Bacillales;Staphylococcaceae;Mammaliicoccus;Mammaliicoccus stepanovicii	0	0	0	0	1	0
1578	Lactobacillus	genus	cellular organisms;Bacteria;Bacillati;Bacillota;Bacilli;Lactobacillales;Lactobacillaceae;Lactobacillus	0	0	0	0	1	0
621	Shigella boydii	species	cellular organisms;Bacteria;Pseudomonadati;Pseudomonadota;Gammaproteobacteria;Enterobacterales;Enterobacteriaceae;Shigella;Shigella boydii	0	0	0	0	1	0
1221880	Psychrobacillus	genus	cellular organisms;Bacteria;Bacillati;Bacillota;Bacilli;Bacillales;Bacillaceae;Psychrobacillus	0	0	0	0	1	0
1307	Streptococcus suis	species	cellular organisms;Bacteria;Bacillati;Bacillota;Bacilli;Lactobacillales;Streptococcaceae;Streptococcus;Streptococcus suis	0	0	0	0	1	3
322009	Sinomonas cyclohexanicum	species	cellular organisms;Bacteria;Bacillati;Actinomycetota;Actinomycetes;Micrococcales;Micrococcaceae;Sinomonas;Sinomonas cyclohexanicum	0	0	0	0	1	0
1813871	Panacibacter ginsenosidivorans	species	cellular organisms;Bacteria;Pseudomonadati;FCB group;Bacteroidota/Chlorobiota group;Bacteroidota;Chitinophagia;Chitinophagales;Chitinophagaceae;Panacibacter;Panacibacter ginsenosidivorans	0	0	0	0	1	0
1611836	Staphylococcus pragensis	species	cellular organisms;Bacteria;Bacillati;Bacillota;Bacilli;Bacillales;Staphylococcaceae;Staphylococcus;Staphylococcus pragensis	0	0	0	0	1	0
2583989	Staphylococcus sp. 17KM0847	species	cellular organisms;Bacteria;Bacillati;Bacillota;Bacilli;Bacillales;Staphylococcaceae;Staphylococcus;unclassified Staphylococcus;Staphylococcus sp. 17KM0847	0	0	0	0	1	0
2015853	Arthrobacter phage Abidatro	no rank	Viruses;Duplodnaviria;Heunggongvirae;Uroviricota;Caudoviricetes;Caudoviricetes incertae sedis;Galaxyvirus;Galaxyvirus abidatro;Arthrobacter phage Abidatro	0	0	0	0	1	0
3058419	Desulfoferula mesophila	species	cellular organisms;Bacteria;Pseudomonadati;Thermodesulfobacteriota;Desulfarculia;Desulfarculales;Desulfarculaceae;Desulfoferula;Desulfoferula mesophila	0	0	0	0	1	0
2932257	Halobacillus salinarum	species	cellular organisms;Bacteria;Bacillati;Bacillota;Bacilli;Bacillales;Bacillaceae;Halobacillus;Halobacillus salinarum	0	0	0	0	1	0
44750	Corynebacterium auris	species	cellular organisms;Bacteria;Bacillati;Actinomycetota;Actinomycetes;Mycobacteriales;Corynebacteriaceae;Corynebacterium;Corynebacterium auris	0	0	0	0	1	0
61015	Staphylococcus succinus	species	cellular organisms;Bacteria;Bacillati;Bacillota;Bacilli;Bacillales;Staphylococcaceae;Staphylococcus;Staphylococcus succinus	0	0	0	0	1	0
1063	Cereibacter sphaeroides	species	cellular organisms;Bacteria;Pseudomonadati;Pseudomonadota;Alphaproteobacteria;Rhodobacterales;Paracoccaceae;Cereibacter;Cereibacter sphaeroides	0	0	0	0	1	0
3092120	Aliiphycobium algicola	species	cellular organisms;Bacteria;Pseudomonadati;Pseudomonadota;Alphaproteobacteria;Rhodobacterales;Roseobacteraceae;Aliiphycobium;Aliiphycobium algicola	0	0	0	0	1	0
1604696	Faucicola	genus	cellular organisms;Bacteria;Pseudomonadati;Pseudomonadota;Gammaproteobacteria;Moraxellales;Moraxellaceae;Faucicola	0	0	0	0	0	277
487316	Acinetobacter soli	species	cellular organisms;Bacteria;Pseudomonadati;Pseudomonadota;Gammaproteobacteria;Moraxellales;Moraxellaceae;Acinetobacter;Acinetobacter soli	0	0	0	0	0	566
2908648	Suttonella sp. R2A3	species	cellular organisms;Bacteria;Pseudomonadati;Pseudomonadota;Gammaproteobacteria;Cardiobacteriales;Cardiobacteriaceae;Suttonella;unclassified Suttonella;Suttonella sp. R2A3	0	0	0	0	0	156
10663	Tequatrovirus	genus	Viruses;Duplodnaviria;Heunggongvirae;Uroviricota;Caudoviricetes;Pantevenvirales;Straboviridae;Tevenvirinae;Tequatrovirus	0	0	0	0	0	45
68336	Bacteroidota/Chlorobiota group	clade	cellular organisms;Bacteria;Pseudomonadati;FCB group;Bacteroidota/Chlorobiota group	0	0	0	0	0	100
730	[Haemophilus] ducreyi	species	cellular organisms;Bacteria;Pseudomonadati;Pseudomonadota;Gammaproteobacteria;Pasteurellales;Pasteurellaceae;Haemophilus;[Haemophilus] ducreyi	0	0	0	0	0	116
2705319	Microcoleus anatoxicus	species	cellular organisms;Bacteria;Bacillati;Cyanobacteriota/Melainabacteria group;Cyanobacteriota;Cyanophyceae;Oscillatoriophycideae;Oscillatoriales;Microcoleaceae;Microcoleus;Microcoleus anatoxicus	0	0	0	0	0	2
3120518	Acinetobacter sp. KS-LM10	species	cellular organisms;Bacteria;Pseudomonadati;Pseudomonadota;Gammaproteobacteria;Moraxellales;Moraxellaceae;Acinetobacter;unclassified Acinetobacter;Acinetobacter sp. KS-LM10	0	0	0	0	0	9
168172	Puccinia striiformis f. sp. tritici	forma specialis	cellular organisms;Eukaryota;Opisthokonta;Fungi;Dikarya;Basidiomycota;Pucciniomycotina;Pucciniomycetes;Pucciniales;Pucciniaceae;Puccinia;Puccinia striiformis;Puccinia striiformis f. sp. tritici	0	0	0	0	0	6
34059	Faucicola atlantae	species	cellular organisms;Bacteria;Pseudomonadati;Pseudomonadota;Gammaproteobacteria;Moraxellales;Moraxellaceae;Faucicola;Faucicola atlantae	0	0	0	0	0	172
3392036	Neisseria sp. CCUG17229	species	cellular organisms;Bacteria;Pseudomonadati;Pseudomonadota;Betaproteobacteria;Neisseriales;Neisseriaceae;Neisseria;unclassified Neisseria;Neisseria sp. CCUG17229	0	0	0	0	0	799
861445	Psychrobacter sanguinis	species	cellular organisms;Bacteria;Pseudomonadati;Pseudomonadota;Gammaproteobacteria;Moraxellales;Moraxellaceae;Psychrobacter;Psychrobacter sanguinis	0	0	0	0	0	297
888436	Psychrobacter sp. 4Bb	species	cellular organisms;Bacteria;Pseudomonadati;Pseudomonadota;Gammaproteobacteria;Moraxellales;Moraxellaceae;Psychrobacter;unclassified Psychrobacter;Psychrobacter sp. 4Bb	0	0	0	0	0	1
196806	unclassified Psychrobacter	no rank	cellular organisms;Bacteria;Pseudomonadati;Pseudomonadota;Gammaproteobacteria;Moraxellales;Moraxellaceae;Psychrobacter;unclassified Psychrobacter	0	0	0	0	0	111
3374104	Limnohabitans sp. YIMB22184	species	cellular organisms;Bacteria;Pseudomonadati;Pseudomonadota;Betaproteobacteria;Burkholderiales;Comamonadaceae;Limnohabitans;unclassified Limnohabitans;Limnohabitans sp. YIMB22184	0	0	0	0	0	487
1922217	Candidatus Erwinia haradaeae	species	cellular organisms;Bacteria;Pseudomonadati;Pseudomonadota;Gammaproteobacteria;Enterobacterales;Erwiniaceae;Erwinia;Candidatus Erwinia haradaeae	0	0	0	0	0	1
55209	Pantoea cypripedii	species	cellular organisms;Bacteria;Pseudomonadati;Pseudomonadota;Gammaproteobacteria;Enterobacterales;Erwiniaceae;Pantoea;Pantoea cypripedii	0	0	0	0	0	74
727	Haemophilus influenzae	species	cellular organisms;Bacteria;Pseudomonadati;Pseudomonadota;Gammaproteobacteria;Pasteurellales;Pasteurellaceae;Haemophilus;Haemophilus influenzae	0	0	0	0	0	1
630	Yersinia enterocolitica	species	cellular organisms;Bacteria;Pseudomonadati;Pseudomonadota;Gammaproteobacteria;Enterobacterales;Yersiniaceae;Yersinia;Yersinia enterocolitica	0	0	0	0	0	7
386891	Moraxella bovoculi	species	cellular organisms;Bacteria;Pseudomonadati;Pseudomonadota;Gammaproteobacteria;Moraxellales;Moraxellaceae;Moraxella;Moraxella bovoculi	0	0	0	0	0	76
316	Stutzerimonas stutzeri	species	cellular organisms;Bacteria;Pseudomonadati;Pseudomonadota;Gammaproteobacteria;Pseudomonadales;Pseudomonadaceae;Stutzerimonas;Stutzerimonas stutzeri group;Stutzerimonas stutzeri subgroup;Stutzerimonas stutzeri	0	0	0	0	0	1
3414707	Psychrobacter sp. 219-2-C	species	cellular organisms;Bacteria;Pseudomonadati;Pseudomonadota;Gammaproteobacteria;Moraxellales;Moraxellaceae;Psychrobacter;unclassified Psychrobacter;Psychrobacter sp. 219-2-C	0	0	0	0	0	8
3110288	Dolosigranulum savutiense	species	cellular organisms;Bacteria;Bacillati;Bacillota;Bacilli;Lactobacillales;Carnobacteriaceae;Dolosigranulum;Dolosigranulum savutiense	0	0	0	0	0	46
3414505	Tepidimonas sp. HKU79	species	cellular organisms;Bacteria;Pseudomonadati;Pseudomonadota;Betaproteobacteria;Burkholderiales;Burkholderiales genera incertae sedis;Tepidimonas;unclassified Tepidimonas;Tepidimonas sp. HKU79	0	0	0	0	0	19
1775926	Lodderomyces beijingensis	species	cellular organisms;Eukaryota;Opisthokonta;Fungi;Dikarya;Ascomycota;saccharomyceta;Saccharomycotina;Pichiomycetes;Serinales;Debaryomycetaceae;Candida/Lodderomyces clade;Lodderomyces;Lodderomyces beijingensis	0	0	0	0	0	4
306572	Psychrobacter celer	species	cellular organisms;Bacteria;Pseudomonadati;Pseudomonadota;Gammaproteobacteria;Moraxellales;Moraxellaceae;Psychrobacter;Psychrobacter celer	0	0	0	0	0	26
5851	Plasmodium knowlesi strain H	strain	cellular organisms;Eukaryota;Sar;Alveolata;Apicomplexa;Aconoidasida;Haemosporida;Plasmodiidae;Plasmodium;Plasmodium (Plasmodium);Plasmodium knowlesi;Plasmodium knowlesi strain H	0	0	0	0	0	19
413	Methylococcus	genus	cellular organisms;Bacteria;Pseudomonadati;Pseudomonadota;Gammaproteobacteria;Methylococcales;Methylococcaceae;Methylococcus	0	0	0	0	0	68
197162	Deferribacter desulfuricans	species	cellular organisms;Bacteria;Pseudomonadati;Deferribacterota;Deferribacteres;Deferribacterales;Deferribacteraceae;Deferribacter;Deferribacter desulfuricans	0	0	0	0	0	10
2708350	Psychrobacter sp. WY6	species	cellular organisms;Bacteria;Pseudomonadati;Pseudomonadota;Gammaproteobacteria;Moraxellales;Moraxellaceae;Psychrobacter;unclassified Psychrobacter;Psychrobacter sp. WY6	0	0	0	0	0	24
2038737	Flavobacterium ardleyense	species	cellular organisms;Bacteria;Pseudomonadati;FCB group;Bacteroidota/Chlorobiota group;Bacteroidota;Flavobacteriia;Flavobacteriales;Flavobacteriaceae;Flavobacterium;Flavobacterium ardleyense	0	0	0	0	0	212
443226	Coccidioides posadasii str. Silveira	strain	cellular organisms;Eukaryota;Opisthokonta;Fungi;Dikarya;Ascomycota;saccharomyceta;Pezizomycotina;leotiomyceta;Eurotiomycetes;Eurotiomycetidae;Onygenales;Onygenaceae;Coccidioides;Coccidioides posadasii;Coccidioides posadasii str. Silveira	0	0	0	0	0	1
256326	Psychrobacter arenosus	species	cellular organisms;Bacteria;Pseudomonadati;Pseudomonadota;Gammaproteobacteria;Moraxellales;Moraxellaceae;Psychrobacter;Psychrobacter arenosus	0	0	0	0	0	61
2599595	Pseudomonas eucalypticola	species	cellular organisms;Bacteria;Pseudomonadati;Pseudomonadota;Gammaproteobacteria;Pseudomonadales;Pseudomonadaceae;Pseudomonas;Pseudomonas eucalypticola	0	0	0	0	0	1
761	Pasteurella testudinis	species	cellular organisms;Bacteria;Pseudomonadati;Pseudomonadota;Gammaproteobacteria;Pasteurellales;Pasteurellaceae;Pasteurella;Pasteurella testudinis	0	0	0	0	0	57
2448482	Pseudomonas leptonychotis	species	cellular organisms;Bacteria;Pseudomonadati;Pseudomonadota;Gammaproteobacteria;Pseudomonadales;Pseudomonadaceae;Pseudomonas;Pseudomonas leptonychotis	0	0	0	0	0	1
45286	Eremothecium sinecaudum	species	cellular organisms;Eukaryota;Opisthokonta;Fungi;Dikarya;Ascomycota;saccharomyceta;Saccharomycotina;Saccharomycetes;Saccharomycetales;Saccharomycetaceae;Eremothecium;Eremothecium sinecaudum	0	0	0	0	0	1
155978	Acaryochloris marina	species	cellular organisms;Bacteria;Bacillati;Cyanobacteriota/Melainabacteria group;Cyanobacteriota;Cyanophyceae;Acaryochloridales;Acaryochloridaceae;Acaryochloris;Acaryochloris marina	0	0	0	0	0	1
1324350	Acinetobacter equi	species	cellular organisms;Bacteria;Pseudomonadati;Pseudomonadota;Gammaproteobacteria;Moraxellales;Moraxellaceae;Acinetobacter;Acinetobacter equi	0	0	0	0	0	1
3112003	Psychrobacter sp. HD31	species	cellular organisms;Bacteria;Pseudomonadati;Pseudomonadota;Gammaproteobacteria;Moraxellales;Moraxellaceae;Psychrobacter;unclassified Psychrobacter;Psychrobacter sp. HD31	0	0	0	0	0	32
2933293	Methanonatronarchaeum sp. AMET6-2	species	cellular organisms;Archaea;Methanobacteriati;Methanobacteriota;Methanonatronarchaeia;Methanonatronarchaeales;Methanonatronarchaeaceae;Methanonatronarchaeum;unclassified Methanonatronarchaeum;Methanonatronarchaeum sp. AMET6-2	0	0	0	0	0	3
82688	Liquorilactobacillus nagelii	species	cellular organisms;Bacteria;Bacillati;Bacillota;Bacilli;Lactobacillales;Lactobacillaceae;Liquorilactobacillus;Liquorilactobacillus nagelii	0	0	0	0	0	1
1914471	Sulfuritortus calidifontis	species	cellular organisms;Bacteria;Pseudomonadati;Pseudomonadota;Betaproteobacteria;Nitrosomonadales;Thiobacillaceae;Sulfuritortus;Sulfuritortus calidifontis	0	0	0	0	0	1
435	Acetobacter aceti	species	cellular organisms;Bacteria;Pseudomonadati;Pseudomonadota;Alphaproteobacteria;Acetobacterales;Acetobacteraceae;Acetobacter;Acetobacter subgen. Acetobacter;Acetobacter aceti	0	0	0	0	0	1
3059076	Marivirga arenosa	species	cellular organisms;Bacteria;Pseudomonadati;FCB group;Bacteroidota/Chlorobiota group;Bacteroidota;Cytophagia;Cytophagales;Marivirgaceae;Marivirga;Marivirga arenosa	0	0	0	0	0	9
765840	Moraxella macacae	species	cellular organisms;Bacteria;Pseudomonadati;Pseudomonadota;Gammaproteobacteria;Moraxellales;Moraxellaceae;Moraxella;Moraxella macacae	0	0	0	0	0	24
588596	Rhizophagus irregularis	species	cellular organisms;Eukaryota;Opisthokonta;Fungi;Fungi incertae sedis;Mucoromycota;Glomeromycotina;Glomeromycetes;Glomerales;Glomeraceae;Rhizophagus;Rhizophagus irregularis	0	0	0	0	0	2
2911538	Luteibacter aegosomaticola	species	cellular organisms;Bacteria;Pseudomonadati;Pseudomonadota;Gammaproteobacteria;Lysobacterales;Rhodanobacteraceae;Luteibacter;Luteibacter aegosomaticola	0	0	0	0	0	1
2565531	Psychrobacter raelei	species	cellular organisms;Bacteria;Pseudomonadati;Pseudomonadota;Gammaproteobacteria;Moraxellales;Moraxellaceae;Psychrobacter;Psychrobacter raelei	0	0	0	0	0	11
1306992	Halioxenophilus aromaticivorans	species	cellular organisms;Bacteria;Pseudomonadati;Pseudomonadota;Gammaproteobacteria;Alteromonadales;Alteromonadaceae;Halioxenophilus;Halioxenophilus aromaticivorans	0	0	0	0	0	2
2724914	Leifsonia sp. PS1209	species	cellular organisms;Bacteria;Bacillati;Actinomycetota;Actinomycetes;Micrococcales;Microbacteriaceae;Leifsonia;unclassified Leifsonia;Leifsonia sp. PS1209	0	0	0	0	0	1
2842348	Pseudomonas alvandae	species	cellular organisms;Bacteria;Pseudomonadati;Pseudomonadota;Gammaproteobacteria;Pseudomonadales;Pseudomonadaceae;Pseudomonas;Pseudomonas alvandae	0	0	0	0	0	1
2718	Cardiobacterium hominis	species	cellular organisms;Bacteria;Pseudomonadati;Pseudomonadota;Gammaproteobacteria;Cardiobacteriales;Cardiobacteriaceae;Cardiobacterium;Cardiobacterium hominis	0	0	0	0	0	57
37727	Talaromyces marneffei	species	cellular organisms;Eukaryota;Opisthokonta;Fungi;Dikarya;Ascomycota;saccharomyceta;Pezizomycotina;leotiomyceta;Eurotiomycetes;Eurotiomycetidae;Eurotiales;Trichocomaceae;Talaromyces;Talaromyces sect. Talaromyces;Talaromyces marneffei	0	0	0	0	0	3
29430	Acinetobacter haemolyticus	species	cellular organisms;Bacteria;Pseudomonadati;Pseudomonadota;Gammaproteobacteria;Moraxellales;Moraxellaceae;Acinetobacter;Acinetobacter haemolyticus	0	0	0	0	0	2
137357	Ligilactobacillus equi	species	cellular organisms;Bacteria;Bacillati;Bacillota;Bacilli;Lactobacillales;Lactobacillaceae;Ligilactobacillus;Ligilactobacillus equi	0	0	0	0	0	5
1124	Chlorogloeopsis fritschii	species	cellular organisms;Bacteria;Bacillati;Cyanobacteriota/Melainabacteria group;Cyanobacteriota;Cyanophyceae;Nostocales;Chlorogloeopsidaceae;Chlorogloeopsis;Chlorogloeopsis fritschii	0	0	0	0	0	1
3045147	Acinetobacter corruptisaponis	species	cellular organisms;Bacteria;Pseudomonadati;Pseudomonadota;Gammaproteobacteria;Moraxellales;Moraxellaceae;Acinetobacter;Acinetobacter corruptisaponis	0	0	0	0	0	1
47878	Pseudomonas azotoformans	species	cellular organisms;Bacteria;Pseudomonadati;Pseudomonadota;Gammaproteobacteria;Pseudomonadales;Pseudomonadaceae;Pseudomonas;Pseudomonas fluorescens group;Pseudomonas azotoformans	0	0	0	0	0	7
599651	Bermanella	genus	cellular organisms;Bacteria;Pseudomonadati;Pseudomonadota;Gammaproteobacteria;Oceanospirillales;Oceanospirillaceae;Bermanella	0	0	0	0	0	1
1813019	Campylobacter hepaticus	species	cellular organisms;Bacteria;Pseudomonadati;Campylobacterota;Epsilonproteobacteria;Campylobacterales;Campylobacteraceae;Campylobacter;Campylobacter hepaticus	0	0	0	0	0	6
2992243	Prosthecochloris sp. SCSIO W1102	species	cellular organisms;Bacteria;Pseudomonadati;FCB group;Bacteroidota/Chlorobiota group;Chlorobiota;Chlorobiia;Chlorobiales;Chlorobiaceae;Prosthecochloris;unclassified Prosthecochloris;Prosthecochloris sp. SCSIO W1102	0	0	0	0	0	4
481	Neisseriaceae	family	cellular organisms;Bacteria;Pseudomonadati;Pseudomonadota;Betaproteobacteria;Neisseriales;Neisseriaceae	0	0	0	0	0	68
1931275	Neisseria dumasiana	species	cellular organisms;Bacteria;Pseudomonadati;Pseudomonadota;Betaproteobacteria;Neisseriales;Neisseriaceae;Neisseria;Neisseria dumasiana	0	0	0	0	0	6
419475	Brucella pseudogrignonensis	species	cellular organisms;Bacteria;Pseudomonadati;Pseudomonadota;Alphaproteobacteria;Hyphomicrobiales;Brucellaceae;Brucella/Ochrobactrum group;Brucella;Brucella pseudogrignonensis	0	0	0	0	0	1
2563897	Acinetobacter sp. 10FS3-1	species	cellular organisms;Bacteria;Pseudomonadati;Pseudomonadota;Gammaproteobacteria;Moraxellales;Moraxellaceae;Acinetobacter;unclassified Acinetobacter;Acinetobacter sp. 10FS3-1	0	0	0	0	0	2
2606626	Sodaliphilus pleomorphus	species	cellular organisms;Bacteria;Pseudomonadati;FCB group;Bacteroidota/Chlorobiota group;Bacteroidota;Bacteroidia;Bacteroidales;Muribaculaceae;Sodaliphilus;Sodaliphilus pleomorphus	0	0	0	0	0	3
1050370	Thiomonas sp. X19	species	cellular organisms;Bacteria;Pseudomonadati;Pseudomonadota;Betaproteobacteria;Burkholderiales;Burkholderiales genera incertae sedis;Thiomonas;unclassified Thiomonas;Thiomonas sp. X19	0	0	0	0	0	1
1239415	Dokdonia sp. PRO95	species	cellular organisms;Bacteria;Pseudomonadati;FCB group;Bacteroidota/Chlorobiota group;Bacteroidota;Flavobacteriia;Flavobacteriales;Flavobacteriaceae;Dokdonia;unclassified Dokdonia;Dokdonia sp. PRO95	0	0	0	0	0	1
2911970	Moraxella sp. ZY200743	species	cellular organisms;Bacteria;Pseudomonadati;Pseudomonadota;Gammaproteobacteria;Moraxellales;Moraxellaceae;Moraxella;unclassified Moraxella;Moraxella sp. ZY200743	0	0	0	0	0	7
1699623	Psychrobacter sp. P11G3	species	cellular organisms;Bacteria;Pseudomonadati;Pseudomonadota;Gammaproteobacteria;Moraxellales;Moraxellaceae;Psychrobacter;unclassified Psychrobacter;Psychrobacter sp. P11G3	0	0	0	0	0	2
3059078	Marivirga salinarum	species	cellular organisms;Bacteria;Pseudomonadati;FCB group;Bacteroidota/Chlorobiota group;Bacteroidota;Cytophagia;Cytophagales;Marivirgaceae;Marivirga;Marivirga salinarum	0	0	0	0	0	4
122368	Cercospora beticola	species	cellular organisms;Eukaryota;Opisthokonta;Fungi;Dikarya;Ascomycota;saccharomyceta;Pezizomycotina;leotiomyceta;dothideomyceta;Dothideomycetes;Dothideomycetidae;Mycosphaerellales;Mycosphaerellaceae;Cercospora;Cercospora beticola	0	0	0	0	0	4
90239	Moraxella canis	species	cellular organisms;Bacteria;Pseudomonadati;Pseudomonadota;Gammaproteobacteria;Moraxellales;Moraxellaceae;Moraxella;Moraxella canis	0	0	0	0	0	13
1639	Listeria monocytogenes	species	cellular organisms;Bacteria;Bacillati;Bacillota;Bacilli;Bacillales;Listeriaceae;Listeria;Listeria monocytogenes	0	0	0	0	0	2
136841	Pseudomonas aeruginosa group	species group	cellular organisms;Bacteria;Pseudomonadati;Pseudomonadota;Gammaproteobacteria;Pseudomonadales;Pseudomonadaceae;Pseudomonas;Pseudomonas aeruginosa group	0	0	0	0	0	34
731	Histophilus somni	species	cellular organisms;Bacteria;Pseudomonadati;Pseudomonadota;Gammaproteobacteria;Pasteurellales;Pasteurellaceae;Histophilus;Histophilus somni	0	0	0	0	0	5
332648	Botrytis cinerea B05.10	strain	cellular organisms;Eukaryota;Opisthokonta;Fungi;Dikarya;Ascomycota;saccharomyceta;Pezizomycotina;leotiomyceta;sordariomyceta;Leotiomycetes;Helotiales;Sclerotiniaceae;Botrytis;Botrytis cinerea;Botrytis cinerea B05.10	0	0	0	0	0	2
870	Dichelobacter nodosus	species	cellular organisms;Bacteria;Pseudomonadati;Pseudomonadota;Gammaproteobacteria;Cardiobacteriales;Cardiobacteriaceae;Dichelobacter;Dichelobacter nodosus	0	0	0	0	0	5
213	Helicobacter cinaedi	species	cellular organisms;Bacteria;Pseudomonadati;Campylobacterota;Epsilonproteobacteria;Campylobacterales;Helicobacteraceae;Helicobacter;Helicobacter cinaedi	0	0	0	0	0	10
2904120	Moraxella nasibovis	species	cellular organisms;Bacteria;Pseudomonadati;Pseudomonadota;Gammaproteobacteria;Moraxellales;Moraxellaceae;Moraxella;Moraxella nasibovis	0	0	0	0	0	12
121627	Talaromyces rugulosus	species	cellular organisms;Eukaryota;Opisthokonta;Fungi;Dikarya;Ascomycota;saccharomyceta;Pezizomycotina;leotiomyceta;Eurotiomycetes;Eurotiomycetidae;Eurotiales;Trichocomaceae;Talaromyces;Talaromyces sect. Islandici;Talaromyces rugulosus	0	0	0	0	0	5
3112558	Halothiobacillus sp. DCM-1	species	cellular organisms;Bacteria;Pseudomonadati;Pseudomonadota;Gammaproteobacteria;Chromatiales;Halothiobacillaceae;Halothiobacillus;unclassified Halothiobacillus;Halothiobacillus sp. DCM-1	0	0	0	0	0	1
47885	Pseudomonas oryzihabitans	species	cellular organisms;Bacteria;Pseudomonadati;Pseudomonadota;Gammaproteobacteria;Pseudomonadales;Pseudomonadaceae;Pseudomonas;Pseudomonas putida group;Pseudomonas oryzihabitans	0	0	0	0	0	6
135621	Pseudomonadaceae	family	cellular organisms;Bacteria;Pseudomonadati;Pseudomonadota;Gammaproteobacteria;Pseudomonadales;Pseudomonadaceae	0	0	0	0	0	23
52133	Acinetobacter venetianus	species	cellular organisms;Bacteria;Pseudomonadati;Pseudomonadota;Gammaproteobacteria;Moraxellales;Moraxellaceae;Acinetobacter;Acinetobacter venetianus	0	0	0	0	0	8
1375	Aerococcus	genus	cellular organisms;Bacteria;Bacillati;Bacillota;Bacilli;Lactobacillales;Aerococcaceae;Aerococcus	0	0	0	0	0	1
5125	Hypocreales	order	cellular organisms;Eukaryota;Opisthokonta;Fungi;Dikarya;Ascomycota;saccharomyceta;Pezizomycotina;leotiomyceta;sordariomyceta;Sordariomycetes;Hypocreomycetidae;Hypocreales	0	0	0	0	0	31
1007676	Companilactobacillus ginsenosidimutans	species	cellular organisms;Bacteria;Bacillati;Bacillota;Bacilli;Lactobacillales;Lactobacillaceae;Companilactobacillus;Companilactobacillus ginsenosidimutans	0	0	0	0	0	1
36818	Streptomyces subrutilus	species	cellular organisms;Bacteria;Bacillati;Actinomycetota;Actinomycetes;Kitasatosporales;Streptomycetaceae;Streptomyces;Streptomyces subrutilus	0	0	0	0	0	1
80867	Paracidovorax avenae	species	cellular organisms;Bacteria;Pseudomonadati;Pseudomonadota;Betaproteobacteria;Burkholderiales;Comamonadaceae;Paracidovorax;Paracidovorax avenae	0	0	0	0	0	2
2517899	Psychrobacter sp. KH172YL61	species	cellular organisms;Bacteria;Pseudomonadati;Pseudomonadota;Gammaproteobacteria;Moraxellales;Moraxellaceae;Psychrobacter;unclassified Psychrobacter;Psychrobacter sp. KH172YL61	0	0	0	0	0	3
3064892	Psychrobacter sp. van23A	species	cellular organisms;Bacteria;Pseudomonadati;Pseudomonadota;Gammaproteobacteria;Moraxellales;Moraxellaceae;Psychrobacter;unclassified Psychrobacter;Psychrobacter sp. van23A	0	0	0	0	0	3
645	Aeromonas salmonicida	species	cellular organisms;Bacteria;Pseudomonadati;Pseudomonadota;Gammaproteobacteria;Aeromonadales;Aeromonadaceae;Aeromonas;Aeromonas salmonicida	0	0	0	0	0	2
1089444	Dickeya solani	species	cellular organisms;Bacteria;Pseudomonadati;Pseudomonadota;Gammaproteobacteria;Enterobacterales;Pectobacteriaceae;Dickeya;Dickeya solani	0	0	0	0	0	33
2901189	Halopseudomonas	genus	cellular organisms;Bacteria;Pseudomonadati;Pseudomonadota;Gammaproteobacteria;Pseudomonadales;Pseudomonadaceae;Halopseudomonas	0	0	0	0	0	2
2651167	Ignavibacterium sp.	species	cellular organisms;Bacteria;Pseudomonadati;FCB group;Bacteroidota/Chlorobiota group;Ignavibacteriota;Ignavibacteria;Ignavibacteriales;Ignavibacteriaceae;Ignavibacterium;unclassified Ignavibacterium;Ignavibacterium sp.	0	0	0	0	0	12
3121290	Croceibacterium sp. TMG7-5b_MA50	species	cellular organisms;Bacteria;Pseudomonadati;Pseudomonadota;Alphaproteobacteria;Sphingomonadales;Erythrobacteraceae;Croceibacterium;unclassified Croceibacterium;Croceibacterium sp. TMG7-5b_MA50	0	0	0	0	0	1
3239996	Nonomuraea sp. CA-141351	species	cellular organisms;Bacteria;Bacillati;Actinomycetota;Actinomycetes;Streptosporangiales;Streptosporangiaceae;Nonomuraea;unclassified Nonomuraea;Nonomuraea sp. CA-141351	0	0	0	0	0	1
40214	Acinetobacter johnsonii	species	cellular organisms;Bacteria;Pseudomonadati;Pseudomonadota;Gammaproteobacteria;Moraxellales;Moraxellaceae;Acinetobacter;Acinetobacter johnsonii	0	0	0	0	0	2
405559	Paracoccus saliphilus	species	cellular organisms;Bacteria;Pseudomonadati;Pseudomonadota;Alphaproteobacteria;Rhodobacterales;Paracoccaceae;Paracoccus;Paracoccus saliphilus	0	0	0	0	0	1
193462	Streptomyces niveus	species	cellular organisms;Bacteria;Bacillati;Actinomycetota;Actinomycetes;Kitasatosporales;Streptomycetaceae;Streptomyces;Streptomyces niveus	0	0	0	0	0	1
2904122	Moraxella nasicaprae	species	cellular organisms;Bacteria;Pseudomonadati;Pseudomonadota;Gammaproteobacteria;Moraxellales;Moraxellaceae;Moraxella;Moraxella nasicaprae	0	0	0	0	0	7
49546	Flavobacteriaceae	family	cellular organisms;Bacteria;Pseudomonadati;FCB group;Bacteroidota/Chlorobiota group;Bacteroidota;Flavobacteriia;Flavobacteriales;Flavobacteriaceae	0	0	0	0	0	8
1853690	Halolamina sp. CBA1230	species	cellular organisms;Archaea;Methanobacteriati;Methanobacteriota;Stenosarchaea group;Halobacteria;Halobacteriales;Haloferacaceae;Halolamina;unclassified Halolamina;Halolamina sp. CBA1230	0	0	0	0	0	1
2820817	Aggregatibacter sp. 2125159857	species	cellular organisms;Bacteria;Pseudomonadati;Pseudomonadota;Gammaproteobacteria;Pasteurellales;Pasteurellaceae;Aggregatibacter;unclassified Aggregatibacter;Aggregatibacter sp. 2125159857	0	0	0	0	0	21
487	Neisseria meningitidis	species	cellular organisms;Bacteria;Pseudomonadati;Pseudomonadota;Betaproteobacteria;Neisseriales;Neisseriaceae;Neisseria;Neisseria meningitidis	0	0	0	0	0	4
2937433	Psychrobacter sp. AH5	species	cellular organisms;Bacteria;Pseudomonadati;Pseudomonadota;Gammaproteobacteria;Moraxellales;Moraxellaceae;Psychrobacter;unclassified Psychrobacter;Psychrobacter sp. AH5	0	0	0	0	0	3
180588	Psychrobacter faecalis	species	cellular organisms;Bacteria;Pseudomonadati;Pseudomonadota;Gammaproteobacteria;Moraxellales;Moraxellaceae;Psychrobacter;Psychrobacter faecalis	0	0	0	0	0	2
237561	Candida albicans SC5314	strain	cellular organisms;Eukaryota;Opisthokonta;Fungi;Dikarya;Ascomycota;saccharomyceta;Saccharomycotina;Pichiomycetes;Serinales;Debaryomycetaceae;Candida/Lodderomyces clade;Candida;Candida albicans;Candida albicans SC5314	0	0	0	0	0	1
3406645	Psychrobacter sp. ER1	species	cellular organisms;Bacteria;Pseudomonadati;Pseudomonadota;Gammaproteobacteria;Moraxellales;Moraxellaceae;Psychrobacter;unclassified Psychrobacter;Psychrobacter sp. ER1	0	0	0	0	0	7
170679	Vibrio chagasii	species	cellular organisms;Bacteria;Pseudomonadati;Pseudomonadota;Gammaproteobacteria;Vibrionales;Vibrionaceae;Vibrio;Vibrio chagasii	0	0	0	0	0	1
34061	Moraxella cuniculi	species	cellular organisms;Bacteria;Pseudomonadati;Pseudomonadota;Gammaproteobacteria;Moraxellales;Moraxellaceae;Moraxella;Moraxella cuniculi	0	0	0	0	0	7
320787	Cyclobacterium amurskyense	species	cellular organisms;Bacteria;Pseudomonadati;FCB group;Bacteroidota/Chlorobiota group;Bacteroidota;Cytophagia;Cytophagales;Cyclobacteriaceae;Cyclobacterium;Cyclobacterium amurskyense	0	0	0	0	0	2
186828	Carnobacteriaceae	family	cellular organisms;Bacteria;Bacillati;Bacillota;Bacilli;Lactobacillales;Carnobacteriaceae	0	0	0	0	0	44
1176257	Stutzerimonas zhaodongensis	species	cellular organisms;Bacteria;Pseudomonadati;Pseudomonadota;Gammaproteobacteria;Pseudomonadales;Pseudomonadaceae;Stutzerimonas;Stutzerimonas zhaodongensis	0	0	0	0	0	6
2972478	Pseudomonas sp. LS1212	species	cellular organisms;Bacteria;Pseudomonadati;Pseudomonadota;Gammaproteobacteria;Pseudomonadales;Pseudomonadaceae;Pseudomonas;unclassified Pseudomonas;Pseudomonas sp. LS1212	0	0	0	0	0	1
2290922	Lysobacter sp. TY2-98	species	cellular organisms;Bacteria;Pseudomonadati;Pseudomonadota;Gammaproteobacteria;Lysobacterales;Lysobacteraceae;Lysobacter;unclassified Lysobacter;Lysobacter sp. TY2-98	0	0	0	0	0	5
34072	Variovorax	genus	cellular organisms;Bacteria;Pseudomonadati;Pseudomonadota;Betaproteobacteria;Burkholderiales;Comamonadaceae;Variovorax	0	0	0	0	0	6
147322	Limnospira indica	species	cellular organisms;Bacteria;Bacillati;Cyanobacteriota/Melainabacteria group;Cyanobacteriota;Cyanophyceae;Oscillatoriophycideae;Oscillatoriales;Sirenicapillariaceae;Limnospira;Limnospira indica	0	0	0	0	0	6
2917790	Wielerella bovis	species	cellular organisms;Bacteria;Pseudomonadati;Pseudomonadota;Betaproteobacteria;Neisseriales;Neisseriaceae;Wielerella;Wielerella bovis	0	0	0	0	0	7
242507	Pyricularia oryzae 70-15	strain	cellular organisms;Eukaryota;Opisthokonta;Fungi;Dikarya;Ascomycota;saccharomyceta;Pezizomycotina;leotiomyceta;sordariomyceta;Sordariomycetes;Sordariomycetidae;Magnaporthales;Pyriculariaceae;Pyricularia;Pyricularia oryzae;Pyricularia oryzae 70-15	0	0	0	0	0	1
3425693	Acinetobacter sp. CE-15	species	cellular organisms;Bacteria;Pseudomonadati;Pseudomonadota;Gammaproteobacteria;Moraxellales;Moraxellaceae;Acinetobacter;unclassified Acinetobacter;Acinetobacter sp. CE-15	0	0	0	0	0	5
1219	Prochlorococcus marinus	species	cellular organisms;Bacteria;Bacillati;Cyanobacteriota/Melainabacteria group;Cyanobacteriota;Cyanophyceae;Synechococcales;Prochlorococcaceae;Prochlorococcus;Prochlorococcus marinus	0	0	0	0	0	5
480418	Mycobacterium lepromatosis	species	cellular organisms;Bacteria;Bacillati;Actinomycetota;Actinomycetes;Mycobacteriales;Mycobacteriaceae;Mycobacterium;Mycobacterium lepromatosis	0	0	0	0	0	1
450	Legionella longbeachae	species	cellular organisms;Bacteria;Pseudomonadati;Pseudomonadota;Gammaproteobacteria;Legionellales;Legionellaceae;Legionella;Legionella longbeachae	0	0	0	0	0	1
547	Enterobacter	genus	cellular organisms;Bacteria;Pseudomonadati;Pseudomonadota;Gammaproteobacteria;Enterobacterales;Enterobacteriaceae;Enterobacter	0	0	0	0	0	1
2596827	Lactobacillus sp. LL6	species	cellular organisms;Bacteria;Bacillati;Bacillota;Bacilli;Lactobacillales;Lactobacillaceae;Lactobacillus;unclassified Lactobacillus;Lactobacillus sp. LL6	0	0	0	0	0	1
1125	Microcystis	genus	cellular organisms;Bacteria;Bacillati;Cyanobacteriota/Melainabacteria group;Cyanobacteriota;Cyanophyceae;Oscillatoriophycideae;Chroococcales;Microcystaceae;Microcystis	0	0	0	0	0	1
48073	Microbulbifer	genus	cellular organisms;Bacteria;Pseudomonadati;Pseudomonadota;Gammaproteobacteria;Cellvibrionales;Microbulbiferaceae;Microbulbifer	0	0	0	0	0	3
2774461	Pseudomonas gozinkensis	species	cellular organisms;Bacteria;Pseudomonadati;Pseudomonadota;Gammaproteobacteria;Pseudomonadales;Pseudomonadaceae;Pseudomonas;Pseudomonas gozinkensis	0	0	0	0	0	1
889268	Nannocystis pusilla	species	cellular organisms;Bacteria;Pseudomonadati;Myxococcota;Polyangia;Nannocystales;Nannocystaceae;Nannocystis;Nannocystis pusilla	0	0	0	0	0	35
1504576	Pseudocitrobacter	genus	cellular organisms;Bacteria;Pseudomonadati;Pseudomonadota;Gammaproteobacteria;Enterobacterales;Enterobacteriaceae;Pseudocitrobacter	0	0	0	0	0	13
332186	Shewanella xiamenensis	species	cellular organisms;Bacteria;Pseudomonadati;Pseudomonadota;Gammaproteobacteria;Alteromonadales;Shewanellaceae;Shewanella;Shewanella xiamenensis	0	0	0	0	0	4
2527995	Symmachiella dynata	species	cellular organisms;Bacteria;Pseudomonadati;PVC group;Planctomycetota;Planctomycetia;Planctomycetales;Planctomycetaceae;Symmachiella;Symmachiella dynata	0	0	0	0	0	1
3028117	Cyanophyceae	class	cellular organisms;Bacteria;Bacillati;Cyanobacteriota/Melainabacteria group;Cyanobacteriota;Cyanophyceae	0	0	0	0	0	3
75687	Neptunomonas	genus	cellular organisms;Bacteria;Pseudomonadati;Pseudomonadota;Gammaproteobacteria;Oceanospirillales;Oceanospirillaceae;Neptunomonas	0	0	0	0	0	1
3065952	Variovorax sp. V15	species	cellular organisms;Bacteria;Pseudomonadati;Pseudomonadota;Betaproteobacteria;Burkholderiales;Comamonadaceae;Variovorax;unclassified Variovorax;Variovorax sp. V15	0	0	0	0	0	4
565995	Bundibugyo virus	no rank	Viruses;Riboviria;Orthornavirae;Negarnaviricota;Haploviricotina;Monjiviricetes;Mononegavirales;Filoviridae;Orthoebolavirus;Orthoebolavirus bundibugyoense;Bundibugyo virus	0	0	0	0	0	1
2230867	Enterococcus sp. DIV0212c	species	cellular organisms;Bacteria;Bacillati;Bacillota;Bacilli;Lactobacillales;Enterococcaceae;Enterococcus;unclassified Enterococcus;Enterococcus sp. DIV0212c	0	0	0	0	0	1
181124	Marasmius oreades	species	cellular organisms;Eukaryota;Opisthokonta;Fungi;Dikarya;Basidiomycota;Agaricomycotina;Agaricomycetes;Agaricomycetidae;Agaricales;Marasmiineae;Marasmiaceae;Marasmius;Marasmius oreades	0	0	0	0	0	2
52694	Acetobacterium wieringae	species	cellular organisms;Bacteria;Bacillati;Bacillota;Clostridia;Eubacteriales;Eubacteriaceae;Acetobacterium;Acetobacterium wieringae	0	0	0	0	0	1
3374103	Limnohabitans sp. DCL3	species	cellular organisms;Bacteria;Pseudomonadati;Pseudomonadota;Betaproteobacteria;Burkholderiales;Comamonadaceae;Limnohabitans;unclassified Limnohabitans;Limnohabitans sp. DCL3	0	0	0	0	0	29
2268461	Microbacterium sp. ABRD28	species	cellular organisms;Bacteria;Bacillati;Actinomycetota;Actinomycetes;Micrococcales;Microbacteriaceae;Microbacterium;unclassified Microbacterium;Microbacterium sp. ABRD28	0	0	0	0	0	2
3067275	Psychrobacter sp. M13	species	cellular organisms;Bacteria;Pseudomonadati;Pseudomonadota;Gammaproteobacteria;Moraxellales;Moraxellaceae;Psychrobacter;unclassified Psychrobacter;Psychrobacter sp. M13	0	0	0	0	0	10
222543	Hypocreomycetidae	subclass	cellular organisms;Eukaryota;Opisthokonta;Fungi;Dikarya;Ascomycota;saccharomyceta;Pezizomycotina;leotiomyceta;sordariomyceta;Sordariomycetes;Hypocreomycetidae	0	0	0	0	0	3
2772254	Psychrobacter noctis	species	cellular organisms;Bacteria;Pseudomonadati;Pseudomonadota;Gammaproteobacteria;Moraxellales;Moraxellaceae;Psychrobacter;Psychrobacter noctis	0	0	0	0	0	3
522485	Campylobacter avium	species	cellular organisms;Bacteria;Pseudomonadati;Campylobacterota;Epsilonproteobacteria;Campylobacterales;Campylobacteraceae;Campylobacter;Campylobacter avium	0	0	0	0	0	1
441	Gluconobacter	genus	cellular organisms;Bacteria;Pseudomonadati;Pseudomonadota;Alphaproteobacteria;Acetobacterales;Acetobacteraceae;Gluconobacter	0	0	0	0	0	1
2203895	Psychrobacter sp. YP14	species	cellular organisms;Bacteria;Pseudomonadati;Pseudomonadota;Gammaproteobacteria;Moraxellales;Moraxellaceae;Psychrobacter;unclassified Psychrobacter;Psychrobacter sp. YP14	0	0	0	0	0	5
2052056	Pantoea phytobeneficialis	species	cellular organisms;Bacteria;Pseudomonadati;Pseudomonadota;Gammaproteobacteria;Enterobacterales;Erwiniaceae;Pantoea;Pantoea phytobeneficialis	0	0	0	0	0	2
3015983	Hahella aquimaris	species	cellular organisms;Bacteria;Pseudomonadati;Pseudomonadota;Gammaproteobacteria;Oceanospirillales;Hahellaceae;Hahella;Hahella aquimaris	0	0	0	0	0	2
2081791	Rhizobium ruizarguesonis	species	cellular organisms;Bacteria;Pseudomonadati;Pseudomonadota;Alphaproteobacteria;Hyphomicrobiales;Rhizobiaceae;Rhizobium/Agrobacterium group;Rhizobium;Rhizobium ruizarguesonis	0	0	0	0	0	2
2099	Mesomycoplasma hyopneumoniae	species	cellular organisms;Bacteria;Bacillati;Mycoplasmatota;Mycoplasmoidales;Metamycoplasmataceae;Mesomycoplasma;Mesomycoplasma hyopneumoniae	0	0	0	0	0	2
3126507	Massilia sp. W12	species	cellular organisms;Bacteria;Pseudomonadati;Pseudomonadota;Betaproteobacteria;Burkholderiales;Oxalobacteraceae;Telluria group;Massilia;unclassified Massilia;Massilia sp. W12	0	0	0	0	0	1
1714848	Aquimarina sp. AD1	species	cellular organisms;Bacteria;Pseudomonadati;FCB group;Bacteroidota/Chlorobiota group;Bacteroidota;Flavobacteriia;Flavobacteriales;Flavobacteriaceae;Aquimarina;unclassified Aquimarina;Aquimarina sp. AD1	0	0	0	0	0	1
1853130	Pseudomonas silesiensis	species	cellular organisms;Bacteria;Pseudomonadati;Pseudomonadota;Gammaproteobacteria;Pseudomonadales;Pseudomonadaceae;Pseudomonas;Pseudomonas silesiensis	0	0	0	0	0	1
171279	Mycoplasmopsis anatis	species	cellular organisms;Bacteria;Bacillati;Mycoplasmatota;Mycoplasmoidales;Metamycoplasmataceae;Mycoplasmopsis;Mycoplasmopsis anatis	0	0	0	0	0	1
2937524	Halorussus gelatinilyticus	species	cellular organisms;Archaea;Methanobacteriati;Methanobacteriota;Stenosarchaea group;Halobacteria;Halobacteriales;Haladaptataceae;Halorussus;Halorussus gelatinilyticus	0	0	0	0	0	1
3450742	Pseudalkalibacillus sp. Hm43	species	cellular organisms;Bacteria;Bacillati;Bacillota;Bacilli;Bacillales;Fictibacillaceae;Pseudalkalibacillus;unclassified Pseudalkalibacillus;Pseudalkalibacillus sp. Hm43	0	0	0	0	0	1
83461	Corallococcus	genus	cellular organisms;Bacteria;Pseudomonadati;Myxococcota;Myxococcia;Myxococcales;Cystobacterineae;Myxococcaceae;Corallococcus	0	0	0	0	0	1
1031542	Campylobacter volucris	species	cellular organisms;Bacteria;Pseudomonadati;Campylobacterota;Epsilonproteobacteria;Campylobacterales;Campylobacteraceae;Campylobacter;Campylobacter volucris	0	0	0	0	0	1
1522312	Kingella negevensis	species	cellular organisms;Bacteria;Pseudomonadati;Pseudomonadota;Betaproteobacteria;Neisseriales;Neisseriaceae;Kingella;Kingella negevensis	0	0	0	0	0	1
92245	Thiomicrospira aerophila	species	cellular organisms;Bacteria;Pseudomonadati;Pseudomonadota;Gammaproteobacteria;Thiotrichales;Piscirickettsiaceae;Thiomicrospira;Thiomicrospira aerophila	0	0	0	0	0	1
3239893	Actinomycetospora sp. CA-101289	species	cellular organisms;Bacteria;Bacillati;Actinomycetota;Actinomycetes;Pseudonocardiales;Pseudonocardiaceae;Actinomycetospora;unclassified Actinomycetospora;Actinomycetospora sp. CA-101289	0	0	0	0	0	1
1120755	Plasmodium cynomolgi strain B	strain	cellular organisms;Eukaryota;Sar;Alveolata;Apicomplexa;Aconoidasida;Haemosporida;Plasmodiidae;Plasmodium;Plasmodium (Plasmodium);Plasmodium cynomolgi;Plasmodium cynomolgi strain B	0	0	0	0	0	1
1499973	Escherichia marmotae	species	cellular organisms;Bacteria;Pseudomonadati;Pseudomonadota;Gammaproteobacteria;Enterobacterales;Enterobacteriaceae;Escherichia;Escherichia marmotae	0	0	0	0	0	8
69	Lysobacter enzymogenes	species	cellular organisms;Bacteria;Pseudomonadati;Pseudomonadota;Gammaproteobacteria;Lysobacterales;Lysobacteraceae;Lysobacter;Lysobacter enzymogenes	0	0	0	0	0	2
150286	Anguillid herpesvirus 1	no rank	Viruses;Duplodnaviria;Heunggongvirae;Peploviricota;Herviviricetes;Herpesvirales;Alloherpesviridae;Cyvirus;Cyvirus anguillidallo1;Anguillid herpesvirus 1	0	0	0	0	0	1
72144	Remersonia thermophila	species	cellular organisms;Eukaryota;Opisthokonta;Fungi;Dikarya;Ascomycota;saccharomyceta;Pezizomycotina;leotiomyceta;sordariomyceta;Sordariomycetes;Sordariomycetidae;Sordariales;Chaetomiaceae;Remersonia;Remersonia thermophila	0	0	0	0	0	2
314275	Alteromonas mediterranea	species	cellular organisms;Bacteria;Pseudomonadati;Pseudomonadota;Gammaproteobacteria;Alteromonadales;Alteromonadaceae;Alteromonas/Salinimonas group;Alteromonas;Alteromonas mediterranea	0	0	0	0	0	1
1390	Bacillus amyloliquefaciens	species	cellular organisms;Bacteria;Bacillati;Bacillota;Bacilli;Bacillales;Bacillaceae;Bacillus;Bacillus subtilis group;Bacillus amyloliquefaciens group;Bacillus amyloliquefaciens	0	0	0	0	0	2
47850	Micromonospora aurantiaca (nom. illeg.)	species	cellular organisms;Bacteria;Bacillati;Actinomycetota;Actinomycetes;Micromonosporales;Micromonosporaceae;Micromonospora;Micromonospora aurantiaca (nom. illeg.)	0	0	0	0	0	1
662	Vibrio	genus	cellular organisms;Bacteria;Pseudomonadati;Pseudomonadota;Gammaproteobacteria;Vibrionales;Vibrionaceae;Vibrio	0	0	0	0	0	4
104628	Helicobacter suis	species	cellular organisms;Bacteria;Pseudomonadati;Campylobacterota;Epsilonproteobacteria;Campylobacterales;Helicobacteraceae;Helicobacter;Helicobacter suis	0	0	0	0	0	3
1630141	Candidatus Nitrosoglobus terrae	species	cellular organisms;Bacteria;Pseudomonadati;Pseudomonadota;Gammaproteobacteria;Chromatiales;Chromatiaceae;Candidatus Nitrosoglobus;Candidatus Nitrosoglobus terrae	0	0	0	0	0	1
412133	Trichomonas vaginalis G3	isolate	cellular organisms;Eukaryota;Metamonada;Parabasalia;Trichomonadida;Trichomonadidae;Trichomonas;Trichomonas vaginalis;Trichomonas vaginalis G3	0	0	0	0	0	7
2172099	Saccharobesus litoralis	species	cellular organisms;Bacteria;Pseudomonadati;Pseudomonadota;Gammaproteobacteria;Alteromonadales;Alteromonadaceae;Saccharobesus;Saccharobesus litoralis	0	0	0	0	0	1
3463854	Jiulongibacter sp. NS-SX5	species	cellular organisms;Bacteria;Pseudomonadati;FCB group;Bacteroidota/Chlorobiota group;Bacteroidota;Cytophagia;Cytophagales;Leadbetterellaceae;Jiulongibacter;unclassified Jiulongibacter;Jiulongibacter sp. NS-SX5	0	0	0	0	0	1
2498113	Limnobaculum zhutongyuii	species	cellular organisms;Bacteria;Pseudomonadati;Pseudomonadota;Gammaproteobacteria;Enterobacterales;Budviciaceae;Limnobaculum;Limnobaculum zhutongyuii	0	0	0	0	0	5
33926	Candidatus Phytoplasma	genus	cellular organisms;Bacteria;Bacillati;Mycoplasmatota;Mollicutes;Acholeplasmatales;Acholeplasmataceae;Candidatus Phytoplasma	0	0	0	0	0	1
2060973	Purpureocillium takamizusanense	species	cellular organisms;Eukaryota;Opisthokonta;Fungi;Dikarya;Ascomycota;saccharomyceta;Pezizomycotina;leotiomyceta;sordariomyceta;Sordariomycetes;Hypocreomycetidae;Hypocreales;Ophiocordycipitaceae;Purpureocillium;Purpureocillium takamizusanense	0	0	0	0	0	3
196024	Aeromonas dhakensis	species	cellular organisms;Bacteria;Pseudomonadati;Pseudomonadota;Gammaproteobacteria;Aeromonadales;Aeromonadaceae;Aeromonas;Aeromonas dhakensis	0	0	0	0	0	1
204286	Cobetia	genus	cellular organisms;Bacteria;Pseudomonadati;Pseudomonadota;Gammaproteobacteria;Oceanospirillales;Halomonadaceae;Cobetia	0	0	0	0	0	1
2482763	Sphingopyxis sp. YF1	species	cellular organisms;Bacteria;Pseudomonadati;Pseudomonadota;Alphaproteobacteria;Sphingomonadales;Sphingopyxidaceae;Sphingopyxis;unclassified Sphingopyxis;Sphingopyxis sp. YF1	0	0	0	0	0	1
43662	Pseudoalteromonas piscicida	species	cellular organisms;Bacteria;Pseudomonadati;Pseudomonadota;Gammaproteobacteria;Alteromonadales;Pseudoalteromonadaceae;Pseudoalteromonas;Pseudoalteromonas piscicida	0	0	0	0	0	1
3369658	Marinobacter sp. W-8	species	cellular organisms;Bacteria;Pseudomonadati;Pseudomonadota;Gammaproteobacteria;Pseudomonadales;Marinobacteraceae;Marinobacter;unclassified Marinobacter;Marinobacter sp. W-8	0	0	0	0	0	2
367190	Yersinia similis	species	cellular organisms;Bacteria;Pseudomonadati;Pseudomonadota;Gammaproteobacteria;Enterobacterales;Yersiniaceae;Yersinia;Yersinia pseudotuberculosis complex;Yersinia similis	0	0	0	0	0	1
508771	Toxoplasma gondii ME49	strain	cellular organisms;Eukaryota;Sar;Alveolata;Apicomplexa;Conoidasida;Coccidia;Eucoccidiorida;Eimeriorina;Sarcocystidae;Toxoplasma;Toxoplasma gondii;Toxoplasma gondii ME49	0	0	0	0	0	1
1871111	Acinetobacter defluvii	species	cellular organisms;Bacteria;Pseudomonadati;Pseudomonadota;Gammaproteobacteria;Moraxellales;Moraxellaceae;Acinetobacter;Acinetobacter defluvii	0	0	0	0	0	3
1874317	Marinobacter salinus	species	cellular organisms;Bacteria;Pseudomonadati;Pseudomonadota;Gammaproteobacteria;Pseudomonadales;Marinobacteraceae;Marinobacter;Marinobacter salinus	0	0	0	0	0	1
3404058	Variovorax sp. R-27	species	cellular organisms;Bacteria;Pseudomonadati;Pseudomonadota;Betaproteobacteria;Burkholderiales;Comamonadaceae;Variovorax;unclassified Variovorax;Variovorax sp. R-27	0	0	0	0	0	1
135619	Oceanospirillales	order	cellular organisms;Bacteria;Pseudomonadati;Pseudomonadota;Gammaproteobacteria;Oceanospirillales	0	0	0	0	0	2
209	Helicobacter	genus	cellular organisms;Bacteria;Pseudomonadati;Campylobacterota;Epsilonproteobacteria;Campylobacterales;Helicobacteraceae;Helicobacter	0	0	0	0	0	1
1776742	Acinetobacter vivianii	species	cellular organisms;Bacteria;Pseudomonadati;Pseudomonadota;Gammaproteobacteria;Moraxellales;Moraxellaceae;Acinetobacter;Acinetobacter vivianii	0	0	0	0	0	2
1642	Listeria innocua	species	cellular organisms;Bacteria;Bacillati;Bacillota;Bacilli;Bacillales;Listeriaceae;Listeria;Listeria innocua	0	0	0	0	0	2
2093780	Podospora pseudopauciseta	species	cellular organisms;Eukaryota;Opisthokonta;Fungi;Dikarya;Ascomycota;saccharomyceta;Pezizomycotina;leotiomyceta;sordariomyceta;Sordariomycetes;Sordariomycetidae;Sordariales;Podosporaceae;Podospora;Podospora pseudopauciseta	0	0	0	0	0	1
111844	Mannheimia pernigra	species	cellular organisms;Bacteria;Pseudomonadati;Pseudomonadota;Gammaproteobacteria;Pasteurellales;Pasteurellaceae;Mannheimia;Mannheimia pernigra	0	0	0	0	0	1
108981	Acinetobacter schindleri	species	cellular organisms;Bacteria;Pseudomonadati;Pseudomonadota;Gammaproteobacteria;Moraxellales;Moraxellaceae;Acinetobacter;Acinetobacter schindleri	0	0	0	0	0	2
86304	Saccharophagus degradans	species	cellular organisms;Bacteria;Pseudomonadati;Pseudomonadota;Gammaproteobacteria;Cellvibrionales;Cellvibrionaceae;Saccharophagus;Saccharophagus degradans	0	0	0	0	0	2
153491	Alysiella crassa	species	cellular organisms;Bacteria;Pseudomonadati;Pseudomonadota;Betaproteobacteria;Neisseriales;Neisseriaceae;Alysiella;Alysiella crassa	0	0	0	0	0	1
45151	Pyrenophora tritici-repentis	species	cellular organisms;Eukaryota;Opisthokonta;Fungi;Dikarya;Ascomycota;saccharomyceta;Pezizomycotina;leotiomyceta;dothideomyceta;Dothideomycetes;Pleosporomycetidae;Pleosporales;Pleosporineae;Pleosporaceae;Pyrenophora;Pyrenophora tritici-repentis	0	0	0	0	0	5
113107	Streptococcus australis	species	cellular organisms;Bacteria;Bacillati;Bacillota;Bacilli;Lactobacillales;Streptococcaceae;Streptococcus;Streptococcus australis	0	0	0	0	0	1
1982756	Psychrobacter sp. L7	species	cellular organisms;Bacteria;Pseudomonadati;Pseudomonadota;Gammaproteobacteria;Moraxellales;Moraxellaceae;Psychrobacter;unclassified Psychrobacter;Psychrobacter sp. L7	0	0	0	0	0	11
32257	Kingella	genus	cellular organisms;Bacteria;Pseudomonadati;Pseudomonadota;Betaproteobacteria;Neisseriales;Neisseriaceae;Kingella	0	0	0	0	0	3
3423439	Psychrobacter sp. VH5	species	cellular organisms;Bacteria;Pseudomonadati;Pseudomonadota;Gammaproteobacteria;Moraxellales;Moraxellaceae;Psychrobacter;unclassified Psychrobacter;Psychrobacter sp. VH5	0	0	0	0	0	10
28449	Neisseria subflava	species	cellular organisms;Bacteria;Pseudomonadati;Pseudomonadota;Betaproteobacteria;Neisseriales;Neisseriaceae;Neisseria;Neisseria subflava	0	0	0	0	0	5
153493	Conchiformibius steedae	species	cellular organisms;Bacteria;Pseudomonadati;Pseudomonadota;Betaproteobacteria;Neisseriales;Neisseriaceae;Conchiformibius;Conchiformibius steedae	0	0	0	0	0	1
2997349	Winslowiella	genus	cellular organisms;Bacteria;Pseudomonadati;Pseudomonadota;Gammaproteobacteria;Enterobacterales;Erwiniaceae;Winslowiella	0	0	0	0	0	1
128	Isosphaera pallida	species	cellular organisms;Bacteria;Pseudomonadati;PVC group;Planctomycetota;Planctomycetia;Isosphaerales;Isosphaeraceae;Isosphaera;Isosphaera pallida	0	0	0	0	0	1
202956	Acinetobacter towneri	species	cellular organisms;Bacteria;Pseudomonadati;Pseudomonadota;Gammaproteobacteria;Moraxellales;Moraxellaceae;Acinetobacter;Acinetobacter towneri	0	0	0	0	0	1
1603606	Desulfuromonas soudanensis	species	cellular organisms;Bacteria;Pseudomonadati;Thermodesulfobacteriota;Desulfuromonadia;Desulfuromonadales;Desulfuromonadaceae;Desulfuromonas;Desulfuromonas soudanensis	0	0	0	0	0	1
1303	Streptococcus oralis	species	cellular organisms;Bacteria;Bacillati;Bacillota;Bacilli;Lactobacillales;Streptococcaceae;Streptococcus;Streptococcus oralis	0	0	0	0	0	3
2662362	Acinetobacter wanghuae	species	cellular organisms;Bacteria;Pseudomonadati;Pseudomonadota;Gammaproteobacteria;Moraxellales;Moraxellaceae;Acinetobacter;Acinetobacter wanghuae	0	0	0	0	0	6
29487	Photorhabdus	genus	cellular organisms;Bacteria;Pseudomonadati;Pseudomonadota;Gammaproteobacteria;Enterobacterales;Morganellaceae;Photorhabdus	0	0	0	0	0	1
1903409	Erwiniaceae	family	cellular organisms;Bacteria;Pseudomonadati;Pseudomonadota;Gammaproteobacteria;Enterobacterales;Erwiniaceae	0	0	0	0	0	2
1883	Streptomyces	genus	cellular organisms;Bacteria;Bacillati;Actinomycetota;Actinomycetes;Kitasatosporales;Streptomycetaceae;Streptomyces	0	0	0	0	0	5
909768	Acinetobacter calcoaceticus/baumannii complex	species group	cellular organisms;Bacteria;Pseudomonadati;Pseudomonadota;Gammaproteobacteria;Moraxellales;Moraxellaceae;Acinetobacter;Acinetobacter calcoaceticus/baumannii complex	0	0	0	0	0	2
868	Cardiobacteriaceae	family	cellular organisms;Bacteria;Pseudomonadati;Pseudomonadota;Gammaproteobacteria;Cardiobacteriales;Cardiobacteriaceae	0	0	0	0	0	1
456999	Rhizoctonia solani	species	cellular organisms;Eukaryota;Opisthokonta;Fungi;Dikarya;Basidiomycota;Agaricomycotina;Agaricomycetes;Agaricomycetes incertae sedis;Cantharellales;Ceratobasidiaceae;Rhizoctonia;Rhizoctonia solani	0	0	0	0	0	1
283168	Odoribacter	genus	cellular organisms;Bacteria;Pseudomonadati;FCB group;Bacteroidota/Chlorobiota group;Bacteroidota;Bacteroidia;Bacteroidales;Odoribacteraceae;Odoribacter	0	0	0	0	0	1
3151487	Acinetobacter thermotolerans	species	cellular organisms;Bacteria;Pseudomonadati;Pseudomonadota;Gammaproteobacteria;Moraxellales;Moraxellaceae;Acinetobacter;Acinetobacter thermotolerans	0	0	0	0	0	1
2701	Gardnerella	genus	cellular organisms;Bacteria;Bacillati;Actinomycetota;Actinomycetes;Bifidobacteriales;Bifidobacteriaceae;Gardnerella	0	0	0	0	0	2
196	Campylobacter fetus	species	cellular organisms;Bacteria;Pseudomonadati;Campylobacterota;Epsilonproteobacteria;Campylobacterales;Campylobacteraceae;Campylobacter;Campylobacter fetus	0	0	0	0	0	1
2840183	Methylomarinovum tepidoasis	species	cellular organisms;Bacteria;Pseudomonadati;Pseudomonadota;Gammaproteobacteria;Methylococcales;Methylothermaceae;Methylomarinovum;Methylomarinovum tepidoasis	0	0	0	0	0	1
929439	Leishmania mexicana MHOM/GT/2001/U1103	strain	cellular organisms;Eukaryota;Discoba;Euglenozoa;Kinetoplastea;Metakinetoplastina;Trypanosomatida;Trypanosomatidae;Leishmaniinae;Leishmania;Leishmania;Leishmania mexicana species complex;Leishmania mexicana;Leishmania mexicana MHOM/GT/2001/U1103	0	0	0	0	0	1
1849015	Arcobacter acticola	species	cellular organisms;Bacteria;Pseudomonadati;Campylobacterota;Epsilonproteobacteria;Campylobacterales;Arcobacteraceae;Arcobacter;Arcobacter acticola	0	0	0	0	0	3
1522127	Catalimonadaceae	family	cellular organisms;Bacteria;Pseudomonadati;FCB group;Bacteroidota/Chlorobiota group;Bacteroidota;Cytophagia;Cytophagales;Catalimonadaceae	0	0	0	0	0	1
588	Providencia stuartii	species	cellular organisms;Bacteria;Pseudomonadati;Pseudomonadota;Gammaproteobacteria;Enterobacterales;Morganellaceae;Providencia;Providencia stuartii	0	0	0	0	0	1
192	Azospirillum brasilense	species	cellular organisms;Bacteria;Pseudomonadati;Pseudomonadota;Alphaproteobacteria;Rhodospirillales;Azospirillaceae;Azospirillum;Azospirillum brasilense	0	0	0	0	0	9
3440637	Psychrobacter sp. DM4	species	cellular organisms;Bacteria;Pseudomonadati;Pseudomonadota;Gammaproteobacteria;Moraxellales;Moraxellaceae;Psychrobacter;unclassified Psychrobacter;Psychrobacter sp. DM4	0	0	0	0	0	4
3421106	Sediminicoccus sp. BL-A-41-H5	species	cellular organisms;Bacteria;Pseudomonadati;Pseudomonadota;Alphaproteobacteria;Acetobacterales;Roseomonadaceae;Sediminicoccus;unclassified Sediminicoccus;Sediminicoccus sp. BL-A-41-H5	0	0	0	0	0	1
135620	Oceanospirillaceae	family	cellular organisms;Bacteria;Pseudomonadati;Pseudomonadota;Gammaproteobacteria;Oceanospirillales;Oceanospirillaceae	0	0	0	0	0	2
1465	Brevibacillus laterosporus	species	cellular organisms;Bacteria;Bacillati;Bacillota;Bacilli;Bacillales;Paenibacillaceae;Brevibacillus;Brevibacillus laterosporus	0	0	0	0	0	3
3240930	Psychrobacter sp. CLB018	species	cellular organisms;Bacteria;Pseudomonadati;Pseudomonadota;Gammaproteobacteria;Moraxellales;Moraxellaceae;Psychrobacter;unclassified Psychrobacter;Psychrobacter sp. CLB018	0	0	0	0	0	2
2970906	Azospirillum argentinense	species	cellular organisms;Bacteria;Pseudomonadati;Pseudomonadota;Alphaproteobacteria;Rhodospirillales;Azospirillaceae;Azospirillum;Azospirillum argentinense	0	0	0	0	0	1
200	Campylobacter curvus	species	cellular organisms;Bacteria;Pseudomonadati;Campylobacterota;Epsilonproteobacteria;Campylobacterales;Campylobacteraceae;Campylobacter;Campylobacter curvus	0	0	0	0	0	1
2593542	unclassified Campylobacter	no rank	cellular organisms;Bacteria;Pseudomonadati;Campylobacterota;Epsilonproteobacteria;Campylobacterales;Campylobacteraceae;Campylobacter;unclassified Campylobacter	0	0	0	0	0	1
58343	Streptomyces canus	species	cellular organisms;Bacteria;Bacillati;Actinomycetota;Actinomycetes;Kitasatosporales;Streptomycetaceae;Streptomyces;Streptomyces aurantiacus group;Streptomyces canus	0	0	0	0	0	2
376	Bradyrhizobium sp.	species	cellular organisms;Bacteria;Pseudomonadati;Pseudomonadota;Alphaproteobacteria;Hyphomicrobiales;Nitrobacteraceae;Bradyrhizobium;unclassified Bradyrhizobium;Bradyrhizobium sp.	0	0	0	0	0	1
263370	Peredibacter	genus	cellular organisms;Bacteria;Pseudomonadati;Bdellovibrionota;Bacteriovoracia;Bacteriovoracales;Bacteriovoracaceae;Peredibacter	0	0	0	0	0	1
3454466	Novipirellula sp. SH528	species	cellular organisms;Bacteria;Pseudomonadati;PVC group;Planctomycetota;Planctomycetia;Pirellulales;Pirellulaceae;Novipirellula;unclassified Novipirellula;Novipirellula sp. SH528	0	0	0	0	0	1
1859122	Cryptococcus decagattii	species	cellular organisms;Eukaryota;Opisthokonta;Fungi;Dikarya;Basidiomycota;Agaricomycotina;Tremellomycetes;Tremellales;Cryptococcaceae;Cryptococcus;Cryptococcus gattii species complex;Cryptococcus decagattii	0	0	0	0	0	1
40323	Stenotrophomonas	genus	cellular organisms;Bacteria;Pseudomonadati;Pseudomonadota;Gammaproteobacteria;Lysobacterales;Lysobacteraceae;Stenotrophomonas	0	0	0	0	0	1
195108	Fusarium falciforme	species	cellular organisms;Eukaryota;Opisthokonta;Fungi;Dikarya;Ascomycota;saccharomyceta;Pezizomycotina;leotiomyceta;sordariomyceta;Sordariomycetes;Hypocreomycetidae;Hypocreales;Nectriaceae;Fusarium;Fusarium solani species complex;Fusarium falciforme	0	0	0	0	0	11
227377	Coxiella burnetii RSA 493	strain	cellular organisms;Bacteria;Pseudomonadati;Pseudomonadota;Gammaproteobacteria;Legionellales;Coxiellaceae;Coxiella;Coxiella burnetii;Coxiella burnetii RSA 493	0	0	0	0	0	1
47671	Lautropia mirabilis	species	cellular organisms;Bacteria;Pseudomonadati;Pseudomonadota;Betaproteobacteria;Burkholderiales;Burkholderiaceae;Lautropia;Lautropia mirabilis	0	0	0	0	0	1
2903596	Nocardia sp. NBC_01388	species	cellular organisms;Bacteria;Bacillati;Actinomycetota;Actinomycetes;Mycobacteriales;Nocardiaceae;Nocardia;unclassified Nocardia;Nocardia sp. NBC_01388	0	0	0	0	0	1
2950074	Acinetobacter sp. C32I	species	cellular organisms;Bacteria;Pseudomonadati;Pseudomonadota;Gammaproteobacteria;Moraxellales;Moraxellaceae;Acinetobacter;unclassified Acinetobacter;Acinetobacter sp. C32I	0	0	0	0	0	2
2733866	Psychrobacter sp. KCTC 72983	species	cellular organisms;Bacteria;Pseudomonadati;Pseudomonadota;Gammaproteobacteria;Moraxellales;Moraxellaceae;Psychrobacter;unclassified Psychrobacter;Psychrobacter sp. KCTC 72983	0	0	0	0	0	1
2608887	unclassified Streptococcus	no rank	cellular organisms;Bacteria;Bacillati;Bacillota;Bacilli;Lactobacillales;Streptococcaceae;Streptococcus;unclassified Streptococcus	0	0	0	0	0	1
426756	Bhargavaea beijingensis	species	cellular organisms;Bacteria;Bacillati;Bacillota;Bacilli;Bacillales;Caryophanaceae;Bhargavaea;Bhargavaea beijingensis	0	0	0	0	0	1
50718	Vibrio mytili	species	cellular organisms;Bacteria;Pseudomonadati;Pseudomonadota;Gammaproteobacteria;Vibrionales;Vibrionaceae;Vibrio;Vibrio harveyi group;Vibrio mytili	0	0	0	0	0	5
100177	Borreliella lusitaniae	species	cellular organisms;Bacteria;Pseudomonadati;Spirochaetota;Spirochaetia;Spirochaetales;Borreliaceae;Borreliella;Borreliella lusitaniae	0	0	0	0	0	1
703	Plesiomonas shigelloides	species	cellular organisms;Bacteria;Pseudomonadati;Pseudomonadota;Gammaproteobacteria;Enterobacterales;Enterobacteriaceae;Plesiomonas;Plesiomonas shigelloides	0	0	0	0	0	1
92757	[Mycoplasma] cavipharyngis	species	cellular organisms;Bacteria;Bacillati;Mycoplasmatota;Mycoplasmoidales;Mycoplasmoidaceae;Mycoplasmoides;[Mycoplasma] cavipharyngis	0	0	0	0	0	1
33986	Exiguobacterium	genus	cellular organisms;Bacteria;Bacillati;Bacillota;Bacilli;Bacillales;Bacillales incertae sedis;Bacillales Family XII. Incertae Sedis;Exiguobacterium	0	0	0	0	0	2
1248727	endosymbiont of unidentified scaly snail isolate Monju	species	cellular organisms;Bacteria;Pseudomonadati;Pseudomonadota;Gammaproteobacteria;unclassified Gammaproteobacteria;endosymbiont of unidentified scaly snail isolate Monju	0	0	0	0	0	1
816	Bacteroides	genus	cellular organisms;Bacteria;Pseudomonadati;FCB group;Bacteroidota/Chlorobiota group;Bacteroidota;Bacteroidia;Bacteroidales;Bacteroidaceae;Bacteroides	0	0	0	0	0	2
3075618	Flavobacterium capsici	species	cellular organisms;Bacteria;Pseudomonadati;FCB group;Bacteroidota/Chlorobiota group;Bacteroidota;Flavobacteriia;Flavobacteriales;Flavobacteriaceae;Flavobacterium;Flavobacterium capsici	0	0	0	0	0	3
1524260	Polaribacter marinivivus	species	cellular organisms;Bacteria;Pseudomonadati;FCB group;Bacteroidota/Chlorobiota group;Bacteroidota;Flavobacteriia;Flavobacteriales;Flavobacteriaceae;Polaribacter;Polaribacter marinivivus	0	0	0	0	0	2
2707350	Colletotrichum destructivum species complex	no rank	cellular organisms;Eukaryota;Opisthokonta;Fungi;Dikarya;Ascomycota;saccharomyceta;Pezizomycotina;leotiomyceta;sordariomyceta;Sordariomycetes;Hypocreomycetidae;Glomerellales;Glomerellaceae;Colletotrichum;Colletotrichum destructivum species complex	0	0	0	0	0	2
1601	Ligilactobacillus agilis	species	cellular organisms;Bacteria;Bacillati;Bacillota;Bacilli;Lactobacillales;Lactobacillaceae;Ligilactobacillus;Ligilactobacillus agilis	0	0	0	0	0	1
427923	Desulfurivibrio alkaliphilus	species	cellular organisms;Bacteria;Pseudomonadati;Thermodesulfobacteriota;Desulfobulbia;Desulfobulbales;Desulfobulbaceae;Desulfurivibrio;Desulfurivibrio alkaliphilus	0	0	0	0	0	5
1415574	Psychrobacter sp. LV10R520-6	species	cellular organisms;Bacteria;Pseudomonadati;Pseudomonadota;Gammaproteobacteria;Moraxellales;Moraxellaceae;Psychrobacter;unclassified Psychrobacter;Psychrobacter sp. LV10R520-6	0	0	0	0	0	2
2903787	Streptomyces sp. NBC_01233	species	cellular organisms;Bacteria;Bacillati;Actinomycetota;Actinomycetes;Kitasatosporales;Streptomycetaceae;Streptomyces;unclassified Streptomyces;Streptomyces sp. NBC_01233	0	0	0	0	0	1
203683	Planctomycetia	class	cellular organisms;Bacteria;Pseudomonadati;PVC group;Planctomycetota;Planctomycetia	0	0	0	0	0	1
1537102	Theileria equi strain WA	strain	cellular organisms;Eukaryota;Sar;Alveolata;Apicomplexa;Aconoidasida;Piroplasmida;Theileriidae;Theileria;Theileria equi;Theileria equi strain WA	0	0	0	0	0	5
2675781	Enterobacteriaceae endosymbiont of Donacia provostii	species	cellular organisms;Bacteria;Pseudomonadati;Pseudomonadota;Gammaproteobacteria;Enterobacterales;Enterobacteriaceae;unclassified Enterobacteriaceae;Enterobacteriaceae endosymbiont of Donacia provostii	0	0	0	0	0	4
59733	Chryseobacterium scophthalmum	species	cellular organisms;Bacteria;Pseudomonadati;FCB group;Bacteroidota/Chlorobiota group;Bacteroidota;Flavobacteriia;Flavobacteriales;Weeksellaceae;Chryseobacterium group;Chryseobacterium;Chryseobacterium scophthalmum	0	0	0	0	0	1
3071408	Alterisphingorhabdus coralli	species	cellular organisms;Bacteria;Pseudomonadati;Pseudomonadota;Alphaproteobacteria;Sphingomonadales;Sphingomonadaceae;Alterisphingorhabdus (ex Yan et al. 2024);Alterisphingorhabdus coralli	0	0	0	0	0	1
2096	Mycoplasmoides gallisepticum	species	cellular organisms;Bacteria;Bacillati;Mycoplasmatota;Mycoplasmoidales;Mycoplasmoidaceae;Mycoplasmoides;Mycoplasmoides gallisepticum	0	0	0	0	0	1
2493681	Mesorhizobium sp. M7A.F.Ce.TU.012.03.2.1	species	cellular organisms;Bacteria;Pseudomonadati;Pseudomonadota;Alphaproteobacteria;Hyphomicrobiales;Phyllobacteriaceae;Mesorhizobium;unclassified Mesorhizobium;Mesorhizobium sp. M7A.F.Ce.TU.012.03.2.1	0	0	0	0	0	1
82348	Streptococcus pluranimalium	species	cellular organisms;Bacteria;Bacillati;Bacillota;Bacilli;Lactobacillales;Streptococcaceae;Streptococcus;Streptococcus pluranimalium	0	0	0	0	0	2
99906	Alkalibacterium	genus	cellular organisms;Bacteria;Bacillati;Bacillota;Bacilli;Lactobacillales;Carnobacteriaceae;Alkalibacterium	0	0	0	0	0	1
194196	Alysiella filiformis	species	cellular organisms;Bacteria;Pseudomonadati;Pseudomonadota;Betaproteobacteria;Neisseriales;Neisseriaceae;Alysiella;Alysiella filiformis	0	0	0	0	0	4
5475	Candida	genus	cellular organisms;Eukaryota;Opisthokonta;Fungi;Dikarya;Ascomycota;saccharomyceta;Saccharomycotina;Pichiomycetes;Serinales;Debaryomycetaceae;Candida/Lodderomyces clade;Candida	0	0	0	0	0	1
32033	Lysobacteraceae	family	cellular organisms;Bacteria;Pseudomonadati;Pseudomonadota;Gammaproteobacteria;Lysobacterales;Lysobacteraceae	0	0	0	0	0	5
2742	Marinobacter	genus	cellular organisms;Bacteria;Pseudomonadati;Pseudomonadota;Gammaproteobacteria;Pseudomonadales;Marinobacteraceae;Marinobacter	0	0	0	0	0	3
423349	Mucilaginibacter	genus	cellular organisms;Bacteria;Pseudomonadati;FCB group;Bacteroidota/Chlorobiota group;Bacteroidota;Sphingobacteriia;Sphingobacteriales;Sphingobacteriaceae;Mucilaginibacter	0	0	0	0	0	1
2876789	Ligilactobacillus ubinensis	species	cellular organisms;Bacteria;Bacillati;Bacillota;Bacilli;Lactobacillales;Lactobacillaceae;Ligilactobacillus;Ligilactobacillus ubinensis	0	0	0	0	0	1
648	Aeromonas caviae	species	cellular organisms;Bacteria;Pseudomonadati;Pseudomonadota;Gammaproteobacteria;Aeromonadales;Aeromonadaceae;Aeromonas;Aeromonas caviae	0	0	0	0	0	1
1758194	Achromobacter sp. AONIH1	species	cellular organisms;Bacteria;Pseudomonadati;Pseudomonadota;Betaproteobacteria;Burkholderiales;Alcaligenaceae;Achromobacter;unclassified Achromobacter;Achromobacter sp. AONIH1	0	0	0	0	0	4
5506	Fusarium	genus	cellular organisms;Eukaryota;Opisthokonta;Fungi;Dikarya;Ascomycota;saccharomyceta;Pezizomycotina;leotiomyceta;sordariomyceta;Sordariomycetes;Hypocreomycetidae;Hypocreales;Nectriaceae;Fusarium	0	0	0	0	0	1
2494234	Sutterella megalosphaeroides	species	cellular organisms;Bacteria;Pseudomonadati;Pseudomonadota;Betaproteobacteria;Burkholderiales;Sutterellaceae;Sutterella;Sutterella megalosphaeroides	0	0	0	0	0	1
90244	Oligella ureolytica	species	cellular organisms;Bacteria;Pseudomonadati;Pseudomonadota;Betaproteobacteria;Burkholderiales;Alcaligenaceae;Oligella;Oligella ureolytica	0	0	0	0	0	1
2020875	Methyloprofundus sp.	species	cellular organisms;Bacteria;Pseudomonadati;Pseudomonadota;Gammaproteobacteria;Methylococcales;Methylococcaceae;Methyloprofundus;unclassified Methyloprofundus;Methyloprofundus sp.	0	0	0	0	0	1
584	Proteus mirabilis	species	cellular organisms;Bacteria;Pseudomonadati;Pseudomonadota;Gammaproteobacteria;Enterobacterales;Morganellaceae;Proteus;Proteus mirabilis	0	0	0	0	0	3
2903591	Nocardia sp. NBC_00511	species	cellular organisms;Bacteria;Bacillati;Actinomycetota;Actinomycetes;Mycobacteriales;Nocardiaceae;Nocardia;unclassified Nocardia;Nocardia sp. NBC_00511	0	0	0	0	0	1
1042133	Fusarium musae	species	cellular organisms;Eukaryota;Opisthokonta;Fungi;Dikarya;Ascomycota;saccharomyceta;Pezizomycotina;leotiomyceta;sordariomyceta;Sordariomycetes;Hypocreomycetidae;Hypocreales;Nectriaceae;Fusarium;Fusarium musae	0	0	0	0	0	1
1110389	Verminephrobacter aporrectodeae	species	cellular organisms;Bacteria;Pseudomonadati;Pseudomonadota;Betaproteobacteria;Burkholderiales;Comamonadaceae;Verminephrobacter;Verminephrobacter aporrectodeae	0	0	0	0	0	1
5204	Basidiomycota	phylum	cellular organisms;Eukaryota;Opisthokonta;Fungi;Dikarya;Basidiomycota	0	0	0	0	0	1
1815583	Neisseria musculi	species	cellular organisms;Bacteria;Pseudomonadati;Pseudomonadota;Betaproteobacteria;Neisseriales;Neisseriaceae;Neisseria;Neisseria musculi	0	0	0	0	0	1
1046	Chromatiaceae	family	cellular organisms;Bacteria;Pseudomonadati;Pseudomonadota;Gammaproteobacteria;Chromatiales;Chromatiaceae	0	0	0	0	0	1
1220207	Aspergillus puulaauensis	species	cellular organisms;Eukaryota;Opisthokonta;Fungi;Dikarya;Ascomycota;saccharomyceta;Pezizomycotina;leotiomyceta;Eurotiomycetes;Eurotiomycetidae;Eurotiales;Aspergillaceae;Aspergillus;Aspergillus puulaauensis	0	0	0	0	0	2
3423952	Puia sp. P3	species	cellular organisms;Bacteria;Pseudomonadati;FCB group;Bacteroidota/Chlorobiota group;Bacteroidota;Chitinophagia;Chitinophagales;Chitinophagaceae;Puia;unclassified Puia;Puia sp. P3	0	0	0	0	0	1
498019	Candidozyma auris	species	cellular organisms;Eukaryota;Opisthokonta;Fungi;Dikarya;Ascomycota;saccharomyceta;Saccharomycotina;Pichiomycetes;Serinales;Metschnikowiaceae;Candidozyma;Candidozyma auris	0	0	0	0	0	1
1452	Bacillus atrophaeus	species	cellular organisms;Bacteria;Bacillati;Bacillota;Bacilli;Bacillales;Bacillaceae;Bacillus;Bacillus subtilis group;Bacillus atrophaeus	0	0	0	0	0	1
446	Legionella pneumophila	species	cellular organisms;Bacteria;Pseudomonadati;Pseudomonadota;Gammaproteobacteria;Legionellales;Legionellaceae;Legionella;Legionella pneumophila	0	0	0	0	0	2
3442644	Tenacibaculum sp. A30	species	cellular organisms;Bacteria;Pseudomonadati;FCB group;Bacteroidota/Chlorobiota group;Bacteroidota;Flavobacteriia;Flavobacteriales;Flavobacteriaceae;Tenacibaculum;unclassified Tenacibaculum;Tenacibaculum sp. A30	0	0	0	0	0	1
1463158	Thermomonas carbonis	species	cellular organisms;Bacteria;Pseudomonadati;Pseudomonadota;Gammaproteobacteria;Lysobacterales;Lysobacteraceae;Thermomonas;Thermomonas carbonis	0	0	0	0	0	2
2024618	Acinetobacter sp. BS1	species	cellular organisms;Bacteria;Pseudomonadati;Pseudomonadota;Gammaproteobacteria;Moraxellales;Moraxellaceae;Acinetobacter;unclassified Acinetobacter;Acinetobacter sp. BS1	0	0	0	0	0	1
29507	Leptospira kirschneri	species	cellular organisms;Bacteria;Pseudomonadati;Spirochaetota;Spirochaetia;Leptospirales;Leptospiraceae;Leptospira;Leptospira kirschneri	0	0	0	0	0	1
196795	unclassified Sulfitobacter	no rank	cellular organisms;Bacteria;Pseudomonadati;Pseudomonadota;Alphaproteobacteria;Rhodobacterales;Roseobacteraceae;Sulfitobacter;unclassified Sulfitobacter	0	0	0	0	0	1
416213	Ferrovum myxofaciens	species	cellular organisms;Bacteria;Pseudomonadati;Pseudomonadota;Betaproteobacteria;Ferrovales;Ferrovaceae;Ferrovum;Ferrovum myxofaciens	0	0	0	0	0	1
47420	Hydrogenophaga	genus	cellular organisms;Bacteria;Pseudomonadati;Pseudomonadota;Betaproteobacteria;Burkholderiales;Comamonadaceae;Hydrogenophaga	0	0	0	0	0	1
206389	Rhodocyclales	order	cellular organisms;Bacteria;Pseudomonadati;Pseudomonadota;Betaproteobacteria;Rhodocyclales	0	0	0	0	0	1
669	Vibrio harveyi	species	cellular organisms;Bacteria;Pseudomonadati;Pseudomonadota;Gammaproteobacteria;Vibrionales;Vibrionaceae;Vibrio;Vibrio harveyi group;Vibrio harveyi	0	0	0	0	0	2
1028729	Fusarium pseudograminearum CS3096	strain	cellular organisms;Eukaryota;Opisthokonta;Fungi;Dikarya;Ascomycota;saccharomyceta;Pezizomycotina;leotiomyceta;sordariomyceta;Sordariomycetes;Hypocreomycetidae;Hypocreales;Nectriaceae;Fusarium;Fusarium sambucinum species complex;Fusarium pseudograminearum;Fusarium pseudograminearum CS3096	0	0	0	0	0	2
2626134	unclassified Limnohabitans	no rank	cellular organisms;Bacteria;Pseudomonadati;Pseudomonadota;Betaproteobacteria;Burkholderiales;Comamonadaceae;Limnohabitans;unclassified Limnohabitans	0	0	0	0	0	7
2315449	Yamadazyma tenuis	species	cellular organisms;Eukaryota;Opisthokonta;Fungi;Dikarya;Ascomycota;saccharomyceta;Saccharomycotina;Pichiomycetes;Serinales;Debaryomycetaceae;Yamadazyma;Yamadazyma tenuis	0	0	0	0	0	1
3077944	Alphaproteobacteria bacterium endosymbiont of Tiliacea citrago	species	cellular organisms;Bacteria;Pseudomonadati;Pseudomonadota;Alphaproteobacteria;unclassified Alphaproteobacteria;Alphaproteobacteria bacterium endosymbiont of Tiliacea citrago	0	0	0	0	0	3
795665	Hydrogenophaga sp. PBC	species	cellular organisms;Bacteria;Pseudomonadati;Pseudomonadota;Betaproteobacteria;Burkholderiales;Comamonadaceae;Hydrogenophaga;unclassified Hydrogenophaga;Hydrogenophaga sp. PBC	0	0	0	0	0	1
914	Nitrosomonas	genus	cellular organisms;Bacteria;Pseudomonadati;Pseudomonadota;Betaproteobacteria;Nitrosomonadales;Nitrosomonadaceae;Nitrosomonas	0	0	0	0	0	1
2146	Acholeplasmataceae	family	cellular organisms;Bacteria;Bacillati;Mycoplasmatota;Mollicutes;Acholeplasmatales;Acholeplasmataceae	0	0	0	0	0	1
2745	Halomonas	genus	cellular organisms;Bacteria;Pseudomonadati;Pseudomonadota;Gammaproteobacteria;Oceanospirillales;Halomonadaceae;Halomonas	0	0	0	0	0	2
1661	Trueperella pyogenes	species	cellular organisms;Bacteria;Bacillati;Actinomycetota;Actinomycetes;Actinomycetales;Actinomycetaceae;Trueperella;Trueperella pyogenes	0	0	0	0	0	2
186490	Candidatus Palibaumannia cicadellinicola	species	cellular organisms;Bacteria;Pseudomonadati;Pseudomonadota;Gammaproteobacteria;Gammaproteobacteria incertae sedis;Candidatus Palibaumannia;Candidatus Palibaumannia cicadellinicola	0	0	0	0	0	1
2053287	Acinetobacter pseudolwoffii	species	cellular organisms;Bacteria;Pseudomonadati;Pseudomonadota;Gammaproteobacteria;Moraxellales;Moraxellaceae;Acinetobacter;Acinetobacter pseudolwoffii	0	0	0	0	0	2
548	Klebsiella aerogenes	species	cellular organisms;Bacteria;Pseudomonadati;Pseudomonadota;Gammaproteobacteria;Enterobacterales;Enterobacteriaceae;Klebsiella;Klebsiella aerogenes	0	0	0	0	0	1
1335745	Spiribacter	genus	cellular organisms;Bacteria;Pseudomonadati;Pseudomonadota;Gammaproteobacteria;Chromatiales;Ectothiorhodospiraceae;Spiribacter	0	0	0	0	0	1
43774	Syntrophus buswellii	species	cellular organisms;Bacteria;Pseudomonadati;Thermodesulfobacteriota;Syntrophia;Syntrophales;Syntrophaceae;Syntrophus;Syntrophus buswellii	0	0	0	0	0	6
579	Kluyvera	genus	cellular organisms;Bacteria;Pseudomonadati;Pseudomonadota;Gammaproteobacteria;Enterobacterales;Enterobacteriaceae;Kluyvera	0	0	0	0	0	2
1563703	Agarivorans aestuarii	species	cellular organisms;Bacteria;Pseudomonadati;Pseudomonadota;Gammaproteobacteria;Alteromonadales;Alteromonadaceae;Agarivorans;Agarivorans aestuarii	0	0	0	0	0	1
3392035	Neisseria sp. CCUG12390	species	cellular organisms;Bacteria;Pseudomonadati;Pseudomonadota;Betaproteobacteria;Neisseriales;Neisseriaceae;Neisseria;unclassified Neisseria;Neisseria sp. CCUG12390	0	0	0	0	0	2
262	Francisella	genus	cellular organisms;Bacteria;Pseudomonadati;Pseudomonadota;Gammaproteobacteria;Thiotrichales;Francisellaceae;Francisella	0	0	0	0	0	2
380738	Candidatus Kuenenia	genus	cellular organisms;Bacteria;Pseudomonadati;PVC group;Planctomycetota;Candidatus Brocadiia;Candidatus Brocadiales;Candidatus Brocadiaceae;Candidatus Kuenenia	0	0	0	0	0	1
3242158	Cupriavidus sp. a3	species	cellular organisms;Bacteria;Pseudomonadati;Pseudomonadota;Betaproteobacteria;Burkholderiales;Burkholderiaceae;Cupriavidus;unclassified Cupriavidus;Cupriavidus sp. a3	0	0	0	0	0	1
2918516	Endozoicomonas sp. SCSIO W0465	species	cellular organisms;Bacteria;Pseudomonadati;Pseudomonadota;Gammaproteobacteria;Oceanospirillales;Endozoicomonadaceae;Endozoicomonas;unclassified Endozoicomonas;Endozoicomonas sp. SCSIO W0465	0	0	0	0	0	1
256325	Psychrobacter maritimus	species	cellular organisms;Bacteria;Pseudomonadati;Pseudomonadota;Gammaproteobacteria;Moraxellales;Moraxellaceae;Psychrobacter;Psychrobacter maritimus	0	0	0	0	0	2
2794998	Maridesulfovibrio	genus	cellular organisms;Bacteria;Pseudomonadati;Thermodesulfobacteriota;Desulfovibrionia;Desulfovibrionales;Desulfovibrionaceae;Maridesulfovibrio	0	0	0	0	0	1
34073	Variovorax paradoxus	species	cellular organisms;Bacteria;Pseudomonadati;Pseudomonadota;Betaproteobacteria;Burkholderiales;Comamonadaceae;Variovorax;Variovorax paradoxus	0	0	0	0	0	1
50719	Vibrio diabolicus	species	cellular organisms;Bacteria;Pseudomonadati;Pseudomonadota;Gammaproteobacteria;Vibrionales;Vibrionaceae;Vibrio;Vibrio harveyi group;Vibrio diabolicus subgroup;Vibrio diabolicus	0	0	0	0	0	1
1979401	Thalassovita sp.	species	cellular organisms;Bacteria;Pseudomonadati;Pseudomonadota;Alphaproteobacteria;Rhodobacterales;Roseobacteraceae;Thalassovita;unclassified Thalassovita;Thalassovita sp.	0	0	0	0	0	1
1582356	Sphingomicrobium aestuariivivum	species	cellular organisms;Bacteria;Pseudomonadati;Pseudomonadota;Alphaproteobacteria;Sphingomonadales;Sphingomicrobiaceae;Sphingomicrobium;Sphingomicrobium aestuariivivum	0	0	0	0	0	2
1028420	Psychrobacter sp. DAB_AL62B	species	cellular organisms;Bacteria;Pseudomonadati;Pseudomonadota;Gammaproteobacteria;Moraxellales;Moraxellaceae;Psychrobacter;unclassified Psychrobacter;Psychrobacter sp. DAB_AL62B	0	0	0	0	0	2
1236046	Mesotoga infera	species	cellular organisms;Bacteria;Thermotogati;Thermotogota;Thermotogae;Kosmotogales;Kosmotogaceae;Mesotoga;Mesotoga infera	0	0	0	0	0	1
5147	Sordaria macrospora	species	cellular organisms;Eukaryota;Opisthokonta;Fungi;Dikarya;Ascomycota;saccharomyceta;Pezizomycotina;leotiomyceta;sordariomyceta;Sordariomycetes;Sordariomycetidae;Sordariales;Sordariaceae;Sordaria;Sordaria macrospora	0	0	0	0	0	1
1917421	Ketobacter alkanivorans	species	cellular organisms;Bacteria;Pseudomonadati;Pseudomonadota;Gammaproteobacteria;Pseudomonadales;Ketobacteraceae;Ketobacter;Ketobacter alkanivorans	0	0	0	0	0	1
1577887	Dickeya undicola	species	cellular organisms;Bacteria;Pseudomonadati;Pseudomonadota;Gammaproteobacteria;Enterobacterales;Pectobacteriaceae;Dickeya;Dickeya undicola	0	0	0	0	0	1
1296096	Kwoniella pini CBS 10737	strain	cellular organisms;Eukaryota;Opisthokonta;Fungi;Dikarya;Basidiomycota;Agaricomycotina;Tremellomycetes;Tremellales;Cryptococcaceae;Kwoniella;Kwoniella pini;Kwoniella pini CBS 10737	0	0	0	0	0	1
1812935	Enterobacter roggenkampii	species	cellular organisms;Bacteria;Pseudomonadati;Pseudomonadota;Gammaproteobacteria;Enterobacterales;Enterobacteriaceae;Enterobacter;Enterobacter cloacae complex;Enterobacter roggenkampii	0	0	0	0	0	2
2630295	unclassified Undibacterium	no rank	cellular organisms;Bacteria;Pseudomonadati;Pseudomonadota;Betaproteobacteria;Burkholderiales;Oxalobacteraceae;Undibacterium;unclassified Undibacterium	0	0	0	0	0	1
718	Actinobacillus equuli	species	cellular organisms;Bacteria;Pseudomonadati;Pseudomonadota;Gammaproteobacteria;Pasteurellales;Pasteurellaceae;Actinobacillus;Actinobacillus equuli	0	0	0	0	0	1
1033846	Marinobacter adhaerens	species	cellular organisms;Bacteria;Pseudomonadati;Pseudomonadota;Gammaproteobacteria;Pseudomonadales;Marinobacteraceae;Marinobacter;Marinobacter adhaerens	0	0	0	0	0	1
1028416	Psychrobacter sp. DAB_AL43B	species	cellular organisms;Bacteria;Pseudomonadati;Pseudomonadota;Gammaproteobacteria;Moraxellales;Moraxellaceae;Psychrobacter;unclassified Psychrobacter;Psychrobacter sp. DAB_AL43B	0	0	0	0	0	2
326544	Paraglaciecola psychrophila	species	cellular organisms;Bacteria;Pseudomonadati;Pseudomonadota;Gammaproteobacteria;Alteromonadales;Alteromonadaceae;Paraglaciecola;Paraglaciecola psychrophila	0	0	0	0	0	1
2027857	Mariniflexile rhizosphaerae	species	cellular organisms;Bacteria;Pseudomonadati;FCB group;Bacteroidota/Chlorobiota group;Bacteroidota;Flavobacteriia;Flavobacteriales;Flavobacteriaceae;Mariniflexile;Mariniflexile rhizosphaerae	0	0	0	0	0	1
36050	Fusarium poae	species	cellular organisms;Eukaryota;Opisthokonta;Fungi;Dikarya;Ascomycota;saccharomyceta;Pezizomycotina;leotiomyceta;sordariomyceta;Sordariomycetes;Hypocreomycetidae;Hypocreales;Nectriaceae;Fusarium;Fusarium sambucinum species complex;Fusarium poae	0	0	0	0	0	1
45056	Legionella adelaidensis	species	cellular organisms;Bacteria;Pseudomonadati;Pseudomonadota;Gammaproteobacteria;Legionellales;Legionellaceae;Legionella;Legionella adelaidensis	0	0	0	0	0	1
118323	Oxynema acuminatum	species	cellular organisms;Bacteria;Bacillati;Cyanobacteriota/Melainabacteria group;Cyanobacteriota;Cyanophyceae;Oscillatoriophycideae;Oscillatoriales;Oscillatoriaceae;Oxynema;Oxynema acuminatum	0	0	0	0	0	1
488546	Campylobacter peloridis	species	cellular organisms;Bacteria;Pseudomonadati;Campylobacterota;Epsilonproteobacteria;Campylobacterales;Campylobacteraceae;Campylobacter;Campylobacter peloridis	0	0	0	0	0	1
3108543	Candidatus Methylocalor cossyra	species	cellular organisms;Bacteria;Pseudomonadati;Pseudomonadota;Gammaproteobacteria;Methylococcales;Methylococcaceae;Candidatus Methylocalor;Candidatus Methylocalor cossyra	0	0	0	0	0	2
186765	Lambdavirus	genus	Viruses;Duplodnaviria;Heunggongvirae;Uroviricota;Caudoviricetes;Caudoviricetes incertae sedis;Lambdavirus	0	0	0	0	0	1
186822	Paenibacillaceae	family	cellular organisms;Bacteria;Bacillati;Bacillota;Bacilli;Bacillales;Paenibacillaceae	0	0	0	0	0	1
354349	Pseudochrobactrum	genus	cellular organisms;Bacteria;Pseudomonadati;Pseudomonadota;Alphaproteobacteria;Hyphomicrobiales;Brucellaceae;Pseudochrobactrum	0	0	0	0	0	1
45610	Psychrobacter urativorans	species	cellular organisms;Bacteria;Pseudomonadati;Pseudomonadota;Gammaproteobacteria;Moraxellales;Moraxellaceae;Psychrobacter;Psychrobacter urativorans	0	0	0	0	0	3
92172	Vibrio aerogenes	species	cellular organisms;Bacteria;Pseudomonadati;Pseudomonadota;Gammaproteobacteria;Vibrionales;Vibrionaceae;Vibrio;Vibrio aerogenes	0	0	0	0	0	1
2712222	Nordella sp. HKS 07	species	cellular organisms;Bacteria;Pseudomonadati;Pseudomonadota;Alphaproteobacteria;Hyphomicrobiales;Hyphomicrobiales incertae sedis;Nordella;unclassified Nordella;Nordella sp. HKS 07	0	0	0	0	0	1
5679	Leishmania panamensis	species	cellular organisms;Eukaryota;Discoba;Euglenozoa;Kinetoplastea;Metakinetoplastina;Trypanosomatida;Trypanosomatidae;Leishmaniinae;Leishmania;Viannia;Leishmania guyanensis species complex;Leishmania panamensis	0	0	0	0	0	1
237	Flavobacterium	genus	cellular organisms;Bacteria;Pseudomonadati;FCB group;Bacteroidota/Chlorobiota group;Bacteroidota;Flavobacteriia;Flavobacteriales;Flavobacteriaceae;Flavobacterium	0	0	0	0	0	1
70258	Staphylococcus piscifermentans	species	cellular organisms;Bacteria;Bacillati;Bacillota;Bacilli;Bacillales;Staphylococcaceae;Staphylococcus;Staphylococcus piscifermentans	0	0	0	0	0	2
155977	Acaryochloris	genus	cellular organisms;Bacteria;Bacillati;Cyanobacteriota/Melainabacteria group;Cyanobacteriota;Cyanophyceae;Acaryochloridales;Acaryochloridaceae;Acaryochloris	0	0	0	0	0	1
2984843	Methylobacterium flocculans	species	cellular organisms;Bacteria;Pseudomonadati;Pseudomonadota;Alphaproteobacteria;Hyphomicrobiales;Methylobacteriaceae;Methylobacterium;Methylobacterium flocculans	0	0	0	0	0	1
1281578	Acidiferrobacter sp. SPIII_3	species	cellular organisms;Bacteria;Pseudomonadati;Pseudomonadota;Gammaproteobacteria;Acidiferrobacterales;Acidiferrobacteraceae;Acidiferrobacter;unclassified Acidiferrobacter;Acidiferrobacter sp. SPIII_3	0	0	0	0	0	2
3231487	Comamonas sp. GB3 AK4-5	species	cellular organisms;Bacteria;Pseudomonadati;Pseudomonadota;Betaproteobacteria;Burkholderiales;Comamonadaceae;Comamonas;unclassified Comamonas;Comamonas sp. GB3 AK4-5	0	0	0	0	0	1
267212	Neisseria bacilliformis	species	cellular organisms;Bacteria;Pseudomonadati;Pseudomonadota;Betaproteobacteria;Neisseriales;Neisseriaceae;Neisseria;Neisseria bacilliformis	0	0	0	0	0	1
2924031	Salipaludibacillus sp. LMS25	species	cellular organisms;Bacteria;Bacillati;Bacillota;Bacilli;Bacillales;Bacillaceae;Salipaludibacillus;unclassified Salipaludibacillus;Salipaludibacillus sp. LMS25	0	0	0	0	0	1
29575	Taylorella equigenitalis	species	cellular organisms;Bacteria;Pseudomonadati;Pseudomonadota;Betaproteobacteria;Burkholderiales;Alcaligenaceae;Taylorella;Taylorella equigenitalis	0	0	0	0	0	1
2731096	Rhizobium sp. NZLR1	species	cellular organisms;Bacteria;Pseudomonadati;Pseudomonadota;Alphaproteobacteria;Hyphomicrobiales;Rhizobiaceae;Rhizobium/Agrobacterium group;Rhizobium;unclassified Rhizobium;Rhizobium sp. NZLR1	0	0	0	0	0	1
1541170	Sphingomonas morindae	species	cellular organisms;Bacteria;Pseudomonadati;Pseudomonadota;Alphaproteobacteria;Sphingomonadales;Sphingomonadaceae;Sphingomonas;Sphingomonas morindae	0	0	0	0	0	1
927083	Sandaracinus amylolyticus	species	cellular organisms;Bacteria;Pseudomonadati;Myxococcota;Polyangia;Polyangiales;Sandaracinaceae;Sandaracinus;Sandaracinus amylolyticus	0	0	0	0	0	1
1644061	Natrialbaceae	family	cellular organisms;Archaea;Methanobacteriati;Methanobacteriota;Stenosarchaea group;Halobacteria;Halobacteriales;Natrialbaceae	0	0	0	0	0	3
666	Vibrio cholerae	species	cellular organisms;Bacteria;Pseudomonadati;Pseudomonadota;Gammaproteobacteria;Vibrionales;Vibrionaceae;Vibrio;Vibrio cholerae	0	0	0	0	0	4
1656159	Coxiella endosymbiont of Dermacentor marginatus	species	cellular organisms;Bacteria;Pseudomonadati;Pseudomonadota;Gammaproteobacteria;Legionellales;Coxiellaceae;Coxiella;unclassified Coxiella (in: g-proteobacteria);Coxiella endosymbiont of Dermacentor marginatus	0	0	0	0	0	1
1751046	Fluviibacter phosphoraccumulans	species	cellular organisms;Bacteria;Pseudomonadati;Pseudomonadota;Betaproteobacteria;Rhodocyclales;Fluviibacteraceae;Fluviibacter;Fluviibacter phosphoraccumulans	0	0	0	0	0	1
55211	Erwinia persicina	species	cellular organisms;Bacteria;Pseudomonadati;Pseudomonadota;Gammaproteobacteria;Enterobacterales;Erwiniaceae;Erwinia;Erwinia persicina	0	0	0	0	0	1
39643	Sorangium	genus	cellular organisms;Bacteria;Pseudomonadati;Myxococcota;Polyangia;Polyangiales;Polyangiaceae;Sorangium	0	0	0	0	0	1
2822410	Methylotuvimicrobium	genus	cellular organisms;Bacteria;Pseudomonadati;Pseudomonadota;Gammaproteobacteria;Methylococcales;Methylococcaceae;Methylotuvimicrobium	0	0	0	0	0	1
1126	Microcystis aeruginosa	species	cellular organisms;Bacteria;Bacillati;Cyanobacteriota/Melainabacteria group;Cyanobacteriota;Cyanophyceae;Oscillatoriophycideae;Chroococcales;Microcystaceae;Microcystis;Microcystis aeruginosa	0	0	0	0	0	2
693272	Cafeteria roenbergensis virus BV-PW1	no rank	Viruses;Varidnaviria;Bamfordvirae;Nucleocytoviricota;Megaviricetes;Imitervirales;Mimiviridae;Aliimimivirinae;Rheavirus;Rheavirus sinusmexicani;Cafeteria roenbergensis virus;Cafeteria roenbergensis virus BV-PW1	0	0	0	0	0	1
2094119	Mycobacterium basiliense	species	cellular organisms;Bacteria;Bacillati;Actinomycetota;Actinomycetes;Mycobacteriales;Mycobacteriaceae;Mycobacterium;Mycobacterium basiliense	0	0	0	0	0	1
1295534	Kwoniella dendrophila CBS 6074	strain	cellular organisms;Eukaryota;Opisthokonta;Fungi;Dikarya;Basidiomycota;Agaricomycotina;Tremellomycetes;Tremellales;Cryptococcaceae;Kwoniella;Kwoniella dendrophila;Kwoniella dendrophila CBS 6074	0	0	0	0	0	1
2486578	Rickettsiales endosymbiont of Stachyamoeba lipophora	species	cellular organisms;Bacteria;Pseudomonadati;Pseudomonadota;Alphaproteobacteria;Rickettsiales;unclassified Rickettsiales;Rickettsiales endosymbiont of Stachyamoeba lipophora	0	0	0	0	0	1
51161	Actinobacillus delphinicola	species	cellular organisms;Bacteria;Pseudomonadati;Pseudomonadota;Gammaproteobacteria;Pasteurellales;Pasteurellaceae;Actinobacillus;Actinobacillus delphinicola	0	0	0	0	0	2
28453	Sphingobacterium	genus	cellular organisms;Bacteria;Pseudomonadati;FCB group;Bacteroidota/Chlorobiota group;Bacteroidota;Sphingobacteriia;Sphingobacteriales;Sphingobacteriaceae;Sphingobacterium	0	0	0	0	0	1
203491	Fusobacteriales	order	cellular organisms;Bacteria;Fusobacteriati;Fusobacteriota;Fusobacteriia;Fusobacteriales	0	0	0	0	0	1
3082521	Prochlorococcus sp. MIT 0916	species	cellular organisms;Bacteria;Bacillati;Cyanobacteriota/Melainabacteria group;Cyanobacteriota;Cyanophyceae;Synechococcales;Prochlorococcaceae;Prochlorococcus;unclassified Prochlorococcus;Prochlorococcus sp. MIT 0916	0	0	0	0	0	1
103621	Actinomyces urogenitalis	species	cellular organisms;Bacteria;Bacillati;Actinomycetota;Actinomycetes;Actinomycetales;Actinomycetaceae;Actinomyces;Actinomyces urogenitalis	0	0	0	0	0	1
2975992	Nocardia sp. NBC_00508	species	cellular organisms;Bacteria;Bacillati;Actinomycetota;Actinomycetes;Mycobacteriales;Nocardiaceae;Nocardia;unclassified Nocardia;Nocardia sp. NBC_00508	0	0	0	0	0	1
1312183	Rhizobium jaguaris	species	cellular organisms;Bacteria;Pseudomonadati;Pseudomonadota;Alphaproteobacteria;Hyphomicrobiales;Rhizobiaceae;Rhizobium/Agrobacterium group;Rhizobium;Rhizobium jaguaris	0	0	0	0	0	1
648995	Agrobacterium pusense	species	cellular organisms;Bacteria;Pseudomonadati;Pseudomonadota;Alphaproteobacteria;Hyphomicrobiales;Rhizobiaceae;Rhizobium/Agrobacterium group;Agrobacterium;Agrobacterium pusense	0	0	0	0	0	1
1263550	Edwardsiella piscicida	species	cellular organisms;Bacteria;Pseudomonadati;Pseudomonadota;Gammaproteobacteria;Enterobacterales;Hafniaceae;Edwardsiella;Edwardsiella piscicida	0	0	0	0	0	1
3239980	Nocardia sp. CA-145437	species	cellular organisms;Bacteria;Bacillati;Actinomycetota;Actinomycetes;Mycobacteriales;Nocardiaceae;Nocardia;unclassified Nocardia;Nocardia sp. CA-145437	0	0	0	0	0	3
1633785	Wolbachia endosymbiont of Drosophila incompta	species	cellular organisms;Bacteria;Pseudomonadati;Pseudomonadota;Alphaproteobacteria;Rickettsiales;Anaplasmataceae;Wolbachieae;Wolbachia;unclassified Wolbachia;Wolbachia endosymbiont of Drosophila incompta	0	0	0	0	0	1
2953752	Moraxella sp. FZFQ2102	species	cellular organisms;Bacteria;Pseudomonadati;Pseudomonadota;Gammaproteobacteria;Moraxellales;Moraxellaceae;Moraxella;unclassified Moraxella;Moraxella sp. FZFQ2102	0	0	0	0	0	8
747	Pasteurella multocida	species	cellular organisms;Bacteria;Pseudomonadati;Pseudomonadota;Gammaproteobacteria;Pasteurellales;Pasteurellaceae;Pasteurella;Pasteurella multocida	0	0	0	0	0	1
233100	Ectothiorhodosinus mongolicus	species	cellular organisms;Bacteria;Pseudomonadati;Pseudomonadota;Gammaproteobacteria;Chromatiales;Ectothiorhodospiraceae;Ectothiorhodosinus;Ectothiorhodosinus mongolicus	0	0	0	0	0	1
2954092	Pseudomonas sp. FP2335	species	cellular organisms;Bacteria;Pseudomonadati;Pseudomonadota;Gammaproteobacteria;Pseudomonadales;Pseudomonadaceae;Pseudomonas;unclassified Pseudomonas;Pseudomonas sp. FP2335	0	0	0	0	0	1
2918765	Sphingomonas qomolangmaensis	species	cellular organisms;Bacteria;Pseudomonadati;Pseudomonadota;Alphaproteobacteria;Sphingomonadales;Sphingomonadaceae;Sphingomonas;Sphingomonas qomolangmaensis	0	0	0	0	0	1
2975702	Streptomyces sp. NBC_00287	species	cellular organisms;Bacteria;Bacillati;Actinomycetota;Actinomycetes;Kitasatosporales;Streptomycetaceae;Streptomyces;unclassified Streptomyces;Streptomyces sp. NBC_00287	0	0	0	0	0	1
3068275	Natronococcus wangiae	species	cellular organisms;Archaea;Methanobacteriati;Methanobacteriota;Stenosarchaea group;Halobacteria;Halobacteriales;Natrialbaceae;Natronococcus;Natronococcus wangiae	0	0	0	0	0	1
2493639	Fluviispira sanaruensis	species	cellular organisms;Bacteria;Pseudomonadati;Bdellovibrionota;Oligoflexia;Silvanigrellales;Silvanigrellaceae;Fluviispira;Fluviispira sanaruensis	0	0	0	0	0	1
2800373	Priestia	genus	cellular organisms;Bacteria;Bacillati;Bacillota;Bacilli;Bacillales;Bacillaceae;Priestia	0	0	0	0	0	1
347533	Zobellella	genus	cellular organisms;Bacteria;Pseudomonadati;Pseudomonadota;Gammaproteobacteria;Aeromonadales;Aeromonadaceae;Zobellella	0	0	0	0	0	1
2008795	Azonexaceae	family	cellular organisms;Bacteria;Pseudomonadati;Pseudomonadota;Betaproteobacteria;Rhodocyclales;Azonexaceae	0	0	0	0	0	1
28198	Aliarcobacter cryaerophilus	species	cellular organisms;Bacteria;Pseudomonadati;Campylobacterota;Epsilonproteobacteria;Campylobacterales;Arcobacteraceae;Aliarcobacter;Aliarcobacter cryaerophilus	0	0	0	0	0	4
181762	Psilocybe cubensis	species	cellular organisms;Eukaryota;Opisthokonta;Fungi;Dikarya;Basidiomycota;Agaricomycotina;Agaricomycetes;Agaricomycetidae;Agaricales;Agaricineae;Strophariaceae;Psilocybe;Psilocybe cubensis	0	0	0	0	0	2
53417	Lonepinella koalarum	species	cellular organisms;Bacteria;Pseudomonadati;Pseudomonadota;Gammaproteobacteria;Pasteurellales;Pasteurellaceae;Lonepinella;Lonepinella koalarum	0	0	0	0	0	1
2980026	Fervidibacillus albus	species	cellular organisms;Bacteria;Bacillati;Bacillota;Bacilli;Bacillales;Bacillaceae;Fervidibacillus;Fervidibacillus albus	0	0	0	0	0	1
586	Providencia	genus	cellular organisms;Bacteria;Pseudomonadati;Pseudomonadota;Gammaproteobacteria;Enterobacterales;Morganellaceae;Providencia	0	0	0	0	0	1
1502	Clostridium perfringens	species	cellular organisms;Bacteria;Bacillati;Bacillota;Clostridia;Eubacteriales;Clostridiaceae;Clostridium;Clostridium perfringens	0	0	0	0	0	1
768507	Cytophagales	order	cellular organisms;Bacteria;Pseudomonadati;FCB group;Bacteroidota/Chlorobiota group;Bacteroidota;Cytophagia;Cytophagales	0	0	0	0	0	1
2920935	Aestuariibaculum lutulentum	species	cellular organisms;Bacteria;Pseudomonadati;FCB group;Bacteroidota/Chlorobiota group;Bacteroidota;Flavobacteriia;Flavobacteriales;Flavobacteriaceae;Aestuariibaculum;Aestuariibaculum lutulentum	0	0	0	0	0	1
2715164	Acinetobacter shaoyimingii	species	cellular organisms;Bacteria;Pseudomonadati;Pseudomonadota;Gammaproteobacteria;Moraxellales;Moraxellaceae;Acinetobacter;Acinetobacter shaoyimingii	0	0	0	0	0	1
332055	Sphingobium indicum	species	cellular organisms;Bacteria;Pseudomonadati;Pseudomonadota;Alphaproteobacteria;Sphingomonadales;Sphingobiaceae;Sphingobium;Sphingobium indicum	0	0	0	0	0	1
347535	Zobellella taiwanensis	species	cellular organisms;Bacteria;Pseudomonadati;Pseudomonadota;Gammaproteobacteria;Aeromonadales;Aeromonadaceae;Zobellella;Zobellella taiwanensis	0	0	0	0	0	1
2820278	Aquabacter sp. L1I39	species	cellular organisms;Bacteria;Pseudomonadati;Pseudomonadota;Alphaproteobacteria;Hyphomicrobiales;Xanthobacteraceae;Aquabacter;unclassified Aquabacter;Aquabacter sp. L1I39	0	0	0	0	0	1
28072	Nostoc sp. PCC 7524	species	cellular organisms;Bacteria;Bacillati;Cyanobacteriota/Melainabacteria group;Cyanobacteriota;Cyanophyceae;Nostocales;Nostocaceae;Nostoc;unclassified Nostoc;Nostoc sp. PCC 7524	0	0	0	0	0	1
2596890	Candidatus Uabimicrobium amorphum	species	cellular organisms;Bacteria;Pseudomonadati;PVC group;Planctomycetota;Candidatus Uabimicrobiia;Candidatus Uabimicrobiales;Candidatus Uabimicrobiaceae;Candidatus Uabimicrobium;Candidatus Uabimicrobium amorphum	0	0	0	0	0	1
160791	Rhizorhabdus wittichii	species	cellular organisms;Bacteria;Pseudomonadati;Pseudomonadota;Alphaproteobacteria;Sphingomonadales;Rhizorhabdaceae;Rhizorhabdus;Rhizorhabdus wittichii	0	0	0	0	0	1
82541	Cupriavidus gilardii	species	cellular organisms;Bacteria;Pseudomonadati;Pseudomonadota;Betaproteobacteria;Burkholderiales;Burkholderiaceae;Cupriavidus;Cupriavidus gilardii	0	0	0	0	0	1
190146	Actinotignum urinale	species	cellular organisms;Bacteria;Bacillati;Actinomycetota;Actinomycetes;Actinomycetales;Actinomycetaceae;Actinotignum;Actinotignum urinale	0	0	0	0	0	1
869806	Marivirga	genus	cellular organisms;Bacteria;Pseudomonadati;FCB group;Bacteroidota/Chlorobiota group;Bacteroidota;Cytophagia;Cytophagales;Marivirgaceae;Marivirga	0	0	0	0	0	1
675090	Actinomyces weissii	species	cellular organisms;Bacteria;Bacillati;Actinomycetota;Actinomycetes;Actinomycetales;Actinomycetaceae;Actinomyces;Actinomyces weissii	0	0	0	0	0	1
1008307	Maricurvus nonylphenolicus	species	cellular organisms;Bacteria;Pseudomonadati;Pseudomonadota;Gammaproteobacteria;Cellvibrionales;Cellvibrionaceae;Maricurvus;Maricurvus nonylphenolicus	0	0	0	0	0	1
2371	Xylella fastidiosa	species	cellular organisms;Bacteria;Pseudomonadati;Pseudomonadota;Gammaproteobacteria;Lysobacterales;Lysobacteraceae;Xylella;Xylella fastidiosa	0	0	0	0	0	1
72	Simonsiella muelleri	species	cellular organisms;Bacteria;Pseudomonadati;Pseudomonadota;Betaproteobacteria;Neisseriales;Neisseriaceae;Simonsiella;Simonsiella muelleri	0	0	0	0	0	7
330879	Aspergillus fumigatus Af293	strain	cellular organisms;Eukaryota;Opisthokonta;Fungi;Dikarya;Ascomycota;saccharomyceta;Pezizomycotina;leotiomyceta;Eurotiomycetes;Eurotiomycetidae;Eurotiales;Aspergillaceae;Aspergillus;Aspergillus subgen. Fumigati;Aspergillus fumigatus;Aspergillus fumigatus Af293	0	0	0	0	0	1
155493	Gallibacterium	genus	cellular organisms;Bacteria;Pseudomonadati;Pseudomonadota;Gammaproteobacteria;Pasteurellales;Pasteurellaceae;Gallibacterium	0	0	0	0	0	1
1209493	Halomicronema hongdechloris	species	cellular organisms;Bacteria;Bacillati;Cyanobacteriota/Melainabacteria group;Cyanobacteriota;Cyanophyceae;Nodosilineales;Nodosilineaceae;Halomicronema;Halomicronema hongdechloris	0	0	0	0	0	1
1535204	Metabacillus endolithicus	species	cellular organisms;Bacteria;Bacillati;Bacillota;Bacilli;Bacillales;Bacillaceae;Metabacillus;Metabacillus endolithicus	0	0	0	0	0	1
3103127	Thalassovivens spotae	species	cellular organisms;Bacteria;Pseudomonadati;Pseudomonadota;Alphaproteobacteria;Rhodobacterales;Roseobacteraceae;Thalassovivens;Thalassovivens spotae	0	0	0	0	0	1
2500547	Apibacter raozihei	species	cellular organisms;Bacteria;Pseudomonadati;FCB group;Bacteroidota/Chlorobiota group;Bacteroidota;Flavobacteriia;Flavobacteriales;Weeksellaceae;Apibacter;Apibacter raozihei	0	0	0	0	0	1
1183412	Agrobacterium deltae	species	cellular organisms;Bacteria;Pseudomonadati;Pseudomonadota;Alphaproteobacteria;Hyphomicrobiales;Rhizobiaceae;Rhizobium/Agrobacterium group;Agrobacterium;Agrobacterium deltae	0	0	0	0	0	1
47770	Lactobacillus crispatus	species	cellular organisms;Bacteria;Bacillati;Bacillota;Bacilli;Lactobacillales;Lactobacillaceae;Lactobacillus;Lactobacillus crispatus	0	0	0	0	0	1
196816	unclassified Acinetobacter	no rank	cellular organisms;Bacteria;Pseudomonadati;Pseudomonadota;Gammaproteobacteria;Moraxellales;Moraxellaceae;Acinetobacter;unclassified Acinetobacter	0	0	0	0	0	1
146919	Salinibacter ruber	species	cellular organisms;Bacteria;Pseudomonadati;FCB group;Bacteroidota/Chlorobiota group;Rhodothermota;Rhodothermia;Rhodothermales;Salinibacteraceae;Salinibacter;Salinibacter ruber	0	0	0	0	0	1
1117707	Vibrio quintilis	species	cellular organisms;Bacteria;Pseudomonadati;Pseudomonadota;Gammaproteobacteria;Vibrionales;Vibrionaceae;Vibrio;Vibrio quintilis	0	0	0	0	0	1
710191	Methanobacterium ferruginis	species	cellular organisms;Archaea;Methanobacteriati;Methanobacteriota;Methanomada group;Methanobacteria;Methanobacteriales;Methanobacteriaceae;Methanobacterium;Methanobacterium ferruginis	0	0	0	0	0	1
1935446	Photobacterium toruni	species	cellular organisms;Bacteria;Pseudomonadati;Pseudomonadota;Gammaproteobacteria;Vibrionales;Vibrionaceae;Photobacterium;Photobacterium toruni	0	0	0	0	0	1
2620587	unclassified Ferrimonas	no rank	cellular organisms;Bacteria;Pseudomonadati;Pseudomonadota;Gammaproteobacteria;Alteromonadales;Ferrimonadaceae;Ferrimonas;unclassified Ferrimonas	0	0	0	0	0	1
3136564	Paraburkholderia sp. IMGN_8	species	cellular organisms;Bacteria;Pseudomonadati;Pseudomonadota;Betaproteobacteria;Burkholderiales;Burkholderiaceae;Paraburkholderia;unclassified Paraburkholderia;Paraburkholderia sp. IMGN_8	0	0	0	0	0	1
37929	Glutamicibacter nicotianae	species	cellular organisms;Bacteria;Bacillati;Actinomycetota;Actinomycetes;Micrococcales;Micrococcaceae;Glutamicibacter;Glutamicibacter nicotianae	0	0	0	0	0	1
147645	Paracoccus yeei	species	cellular organisms;Bacteria;Pseudomonadati;Pseudomonadota;Alphaproteobacteria;Rhodobacterales;Paracoccaceae;Paracoccus;Paracoccus yeei	0	0	0	0	0	1
54757	Plasmodium vinckei vinckei	subspecies	cellular organisms;Eukaryota;Sar;Alveolata;Apicomplexa;Aconoidasida;Haemosporida;Plasmodiidae;Plasmodium;Plasmodium (Vinckeia);Plasmodium vinckei;Plasmodium vinckei vinckei	0	0	0	0	0	1
58169	Rahnella inusitata	species	cellular organisms;Bacteria;Pseudomonadati;Pseudomonadota;Gammaproteobacteria;Enterobacterales;Yersiniaceae;Rahnella;Rahnella inusitata	0	0	0	0	0	1
226230	Saccharomyces kudriavzevii IFO 1802	strain	cellular organisms;Eukaryota;Opisthokonta;Fungi;Dikarya;Ascomycota;saccharomyceta;Saccharomycotina;Saccharomycetes;Saccharomycetales;Saccharomycetaceae;Saccharomyces;Saccharomyces kudriavzevii;Saccharomyces kudriavzevii IFO 1802	0	0	0	0	0	1
2903830	Streptomyces sp. NBC_01340	species	cellular organisms;Bacteria;Bacillati;Actinomycetota;Actinomycetes;Kitasatosporales;Streptomycetaceae;Streptomyces;unclassified Streptomyces;Streptomyces sp. NBC_01340	0	0	0	0	0	1
3031919	Superficieibacter sp. HKU1	species	cellular organisms;Bacteria;Pseudomonadati;Pseudomonadota;Gammaproteobacteria;Enterobacterales;Enterobacteriaceae;Superficieibacter;unclassified Superficieibacter;Superficieibacter sp. HKU1	0	0	0	0	0	1
2172103	Limnobaculum parvum	species	cellular organisms;Bacteria;Pseudomonadati;Pseudomonadota;Gammaproteobacteria;Enterobacterales;Budviciaceae;Limnobaculum;Limnobaculum parvum	0	0	0	0	0	1
759273	Colletotrichum higginsianum IMI 349063	strain	cellular organisms;Eukaryota;Opisthokonta;Fungi;Dikarya;Ascomycota;saccharomyceta;Pezizomycotina;leotiomyceta;sordariomyceta;Sordariomycetes;Hypocreomycetidae;Glomerellales;Glomerellaceae;Colletotrichum;Colletotrichum destructivum species complex;Colletotrichum higginsianum;Colletotrichum higginsianum IMI 349063	0	0	0	0	0	1
1161	Nostocales	order	cellular organisms;Bacteria;Bacillati;Cyanobacteriota/Melainabacteria group;Cyanobacteriota;Cyanophyceae;Nostocales	0	0	0	0	0	2
227321	Aspergillus nidulans FGSC A4	strain	cellular organisms;Eukaryota;Opisthokonta;Fungi;Dikarya;Ascomycota;saccharomyceta;Pezizomycotina;leotiomyceta;Eurotiomycetes;Eurotiomycetidae;Eurotiales;Aspergillaceae;Aspergillus;Aspergillus subgen. Nidulantes;Aspergillus nidulans;Aspergillus nidulans FGSC A4	0	0	0	0	0	1
29519	Borreliella garinii	species	cellular organisms;Bacteria;Pseudomonadati;Spirochaetota;Spirochaetia;Spirochaetales;Borreliaceae;Borreliella;Borreliella garinii	0	0	0	0	0	1
2608891	unclassified Enterococcus	no rank	cellular organisms;Bacteria;Bacillati;Bacillota;Bacilli;Lactobacillales;Enterococcaceae;Enterococcus;unclassified Enterococcus	0	0	0	0	0	1
88723	Natrinema	genus	cellular organisms;Archaea;Methanobacteriati;Methanobacteriota;Stenosarchaea group;Halobacteria;Halobacteriales;Natrialbaceae;Natrinema	0	0	0	0	0	1
2026199	Paraburkholderia aromaticivorans	species	cellular organisms;Bacteria;Pseudomonadati;Pseudomonadota;Betaproteobacteria;Burkholderiales;Burkholderiaceae;Paraburkholderia;Paraburkholderia aromaticivorans	0	0	0	0	0	1
28037	Streptococcus mitis	species	cellular organisms;Bacteria;Bacillati;Bacillota;Bacilli;Lactobacillales;Streptococcaceae;Streptococcus;Streptococcus mitis group;Streptococcus mitis	0	0	0	0	0	1
5059	Aspergillus flavus	species	cellular organisms;Eukaryota;Opisthokonta;Fungi;Dikarya;Ascomycota;saccharomyceta;Pezizomycotina;leotiomyceta;Eurotiomycetes;Eurotiomycetidae;Eurotiales;Aspergillaceae;Aspergillus;Aspergillus subgen. Circumdati;Aspergillus flavus	0	0	0	0	0	1
2740405	Candidatus Sulfurimonas marisnigri	species	cellular organisms;Bacteria;Pseudomonadati;Campylobacterota;Epsilonproteobacteria;Campylobacterales;Sulfurimonadaceae;Sulfurimonas;Candidatus Sulfurimonas marisnigri	0	0	0	0	0	1
86661	Bacillus cereus group	species group	cellular organisms;Bacteria;Bacillati;Bacillota;Bacilli;Bacillales;Bacillaceae;Bacillus;Bacillus cereus group	0	0	0	0	0	2
1848903	Capnocytophaga canis	species	cellular organisms;Bacteria;Pseudomonadati;FCB group;Bacteroidota/Chlorobiota group;Bacteroidota;Flavobacteriia;Flavobacteriales;Flavobacteriaceae;Capnocytophaga;Capnocytophaga canis	0	0	0	0	0	1
2903856	Streptomyces sp. NBC_01410	species	cellular organisms;Bacteria;Bacillati;Actinomycetota;Actinomycetes;Kitasatosporales;Streptomycetaceae;Streptomyces;unclassified Streptomyces;Streptomyces sp. NBC_01410	0	0	0	0	0	1
5874	Theileria annulata	species	cellular organisms;Eukaryota;Sar;Alveolata;Apicomplexa;Aconoidasida;Piroplasmida;Theileriidae;Theileria;Theileria annulata	0	0	0	0	0	1
521689	Thiocapsa bogorovii	species	cellular organisms;Bacteria;Pseudomonadati;Pseudomonadota;Gammaproteobacteria;Chromatiales;Chromatiaceae;Thiocapsa;Thiocapsa bogorovii	0	0	0	0	0	1
3122376	Pseudomonas sp. ML2-2023-6	species	cellular organisms;Bacteria;Pseudomonadati;Pseudomonadota;Gammaproteobacteria;Pseudomonadales;Pseudomonadaceae;Pseudomonas;unclassified Pseudomonas;Pseudomonas sp. ML2-2023-6	0	0	0	0	0	1
164330	Thauera aminoaromatica	species	cellular organisms;Bacteria;Pseudomonadati;Pseudomonadota;Betaproteobacteria;Rhodocyclales;Zoogloeaceae;Thauera;Thauera aminoaromatica	0	0	0	0	0	1
1492898	Flavisolibacter tropicus	species	cellular organisms;Bacteria;Pseudomonadati;FCB group;Bacteroidota/Chlorobiota group;Bacteroidota;Chitinophagia;Chitinophagales;Chitinophagaceae;Flavisolibacter;Flavisolibacter tropicus	0	0	0	0	0	1
577492	Mycobacterium paraterrae	species	cellular organisms;Bacteria;Bacillati;Actinomycetota;Actinomycetes;Mycobacteriales;Mycobacteriaceae;Mycobacterium;Mycobacterium paraterrae	0	0	0	0	0	1
2282170	Kordia sp. SMS9	species	cellular organisms;Bacteria;Pseudomonadati;FCB group;Bacteroidota/Chlorobiota group;Bacteroidota;Flavobacteriia;Flavobacteriales;Flavobacteriaceae;Kordia;unclassified Kordia;Kordia sp. SMS9	0	0	0	0	0	1
1481665	Advenella alkanexedens	species	cellular organisms;Bacteria;Pseudomonadati;Pseudomonadota;Betaproteobacteria;Burkholderiales;Alcaligenaceae;Advenella;Advenella alkanexedens	0	0	0	0	0	1
83554	Chlamydia psittaci	species	cellular organisms;Bacteria;Pseudomonadati;PVC group;Chlamydiota;Chlamydiia;Chlamydiales;Chlamydiaceae;Chlamydia/Chlamydophila group;Chlamydia;Chlamydia psittaci	0	0	0	0	0	2
2632938	unclassified Aliikangiella	no rank	cellular organisms;Bacteria;Pseudomonadati;Pseudomonadota;Gammaproteobacteria;Oceanospirillales;Pleioneaceae;Aliikangiella;unclassified Aliikangiella	0	0	0	0	0	2
633	Yersinia pseudotuberculosis	species	cellular organisms;Bacteria;Pseudomonadati;Pseudomonadota;Gammaproteobacteria;Enterobacterales;Yersiniaceae;Yersinia;Yersinia pseudotuberculosis complex;Yersinia pseudotuberculosis	0	0	0	0	0	1
463	Fluoribacter dumoffii	species	cellular organisms;Bacteria;Pseudomonadati;Pseudomonadota;Gammaproteobacteria;Legionellales;Legionellaceae;Fluoribacter;Fluoribacter dumoffii	0	0	0	0	0	1
326522	Neisseria animaloris	species	cellular organisms;Bacteria;Pseudomonadati;Pseudomonadota;Betaproteobacteria;Neisseriales;Neisseriaceae;Neisseria;Neisseria animaloris	0	0	0	0	0	1
656179	Pandoraea faecigallinarum	species	cellular organisms;Bacteria;Pseudomonadati;Pseudomonadota;Betaproteobacteria;Burkholderiales;Burkholderiaceae;Pandoraea;Pandoraea faecigallinarum	0	0	0	0	0	1
2017482	Thalassococcus sp. S3	species	cellular organisms;Bacteria;Pseudomonadati;Pseudomonadota;Alphaproteobacteria;Rhodobacterales;Roseobacteraceae;Thalassococcus;unclassified Thalassococcus;Thalassococcus sp. S3	0	0	0	0	0	1
1715285	Candidatus Providencia siddallii	species	cellular organisms;Bacteria;Pseudomonadati;Pseudomonadota;Gammaproteobacteria;Enterobacterales;Morganellaceae;Providencia;Candidatus Providencia siddallii	0	0	0	0	0	1
1411316	Pedobacter sp.	species	cellular organisms;Bacteria;Pseudomonadati;FCB group;Bacteroidota/Chlorobiota group;Bacteroidota;Sphingobacteriia;Sphingobacteriales;Sphingobacteriaceae;Pedobacter;unclassified Pedobacter;Pedobacter sp.	0	0	0	0	0	1
642	Aeromonas	genus	cellular organisms;Bacteria;Pseudomonadati;Pseudomonadota;Gammaproteobacteria;Aeromonadales;Aeromonadaceae;Aeromonas	0	0	0	0	0	2
3076685	Natronosalvus	genus	cellular organisms;Archaea;Methanobacteriati;Methanobacteriota;Stenosarchaea group;Halobacteria;Halobacteriales;Natrialbaceae;Natronosalvus	0	0	0	0	0	1
2847775	Atribacterales	order	cellular organisms;Bacteria;Pseudomonadati;Atribacterota;Atribacteria;Atribacterales	0	0	0	0	0	1
2697027	Sodalis ligni	species	cellular organisms;Bacteria;Pseudomonadati;Pseudomonadota;Gammaproteobacteria;Enterobacterales;Bruguierivoracaceae;Sodalis;Sodalis ligni	0	0	0	0	0	1
3153301	Methylomonas sp. AM2-LC	species	cellular organisms;Bacteria;Pseudomonadati;Pseudomonadota;Gammaproteobacteria;Methylococcales;Methylococcaceae;Methylomonas;unclassified Methylomonas;Methylomonas sp. AM2-LC	0	0	0	0	0	1
2968969	Stutzerimonas frequens	species	cellular organisms;Bacteria;Pseudomonadati;Pseudomonadota;Gammaproteobacteria;Pseudomonadales;Pseudomonadaceae;Stutzerimonas;Stutzerimonas stutzeri group;Stutzerimonas frequens	0	0	0	0	0	1
2425	Teredinibacter	genus	cellular organisms;Bacteria;Pseudomonadati;Pseudomonadota;Gammaproteobacteria;Cellvibrionales;Cellvibrionaceae;Teredinibacter	0	0	0	0	0	1
3681603	Kocuria sp. U4B	species	cellular organisms;Bacteria;Bacillati;Actinomycetota;Actinomycetes;Micrococcales;Micrococcaceae;Kocuria;unclassified Kocuria;Kocuria sp. U4B	0	0	0	0	0	1
3381356	Halobacillus sp. SY10	species	cellular organisms;Bacteria;Bacillati;Bacillota;Bacilli;Bacillales;Bacillaceae;Halobacillus;unclassified Halobacillus;Halobacillus sp. SY10	0	0	0	0	0	1
347534	Zobellella denitrificans	species	cellular organisms;Bacteria;Pseudomonadati;Pseudomonadota;Gammaproteobacteria;Aeromonadales;Aeromonadaceae;Zobellella;Zobellella denitrificans	0	0	0	0	0	1
2769490	Thalassotalea sp. LPB0316	species	cellular organisms;Bacteria;Pseudomonadati;Pseudomonadota;Gammaproteobacteria;Alteromonadales;Colwelliaceae;Thalassotalea;unclassified Thalassotalea;Thalassotalea sp. LPB0316	0	0	0	0	0	1
40324	Stenotrophomonas maltophilia	species	cellular organisms;Bacteria;Pseudomonadati;Pseudomonadota;Gammaproteobacteria;Lysobacterales;Lysobacteraceae;Stenotrophomonas;Stenotrophomonas maltophilia group;Stenotrophomonas maltophilia	0	0	0	0	0	1
2546359	Gloeothece verrucosa	species	cellular organisms;Bacteria;Bacillati;Cyanobacteriota/Melainabacteria group;Cyanobacteriota;Cyanophyceae;Oscillatoriophycideae;Chroococcales;Aphanothecaceae;Gloeothece;Gloeothece verrucosa	0	0	0	0	0	1
3440636	Psychrobacter sp. DM8	species	cellular organisms;Bacteria;Pseudomonadati;Pseudomonadota;Gammaproteobacteria;Moraxellales;Moraxellaceae;Psychrobacter;unclassified Psychrobacter;Psychrobacter sp. DM8	0	0	0	0	0	2
1578925	Pyricularia pennisetigena	species	cellular organisms;Eukaryota;Opisthokonta;Fungi;Dikarya;Ascomycota;saccharomyceta;Pezizomycotina;leotiomyceta;sordariomyceta;Sordariomycetes;Sordariomycetidae;Magnaporthales;Pyriculariaceae;Pyricularia;Pyricularia pennisetigena	0	0	0	0	0	1
3436237	Caballeronia sp. DA-9	species	cellular organisms;Bacteria;Pseudomonadati;Pseudomonadota;Betaproteobacteria;Burkholderiales;Burkholderiaceae;Caballeronia;unclassified Caballeronia;Caballeronia sp. DA-9	0	0	0	0	0	2
35554	Geobacter sulfurreducens	species	cellular organisms;Bacteria;Pseudomonadati;Thermodesulfobacteriota;Desulfuromonadia;Geobacterales;Geobacteraceae;Geobacter;Geobacter sulfurreducens	0	0	0	0	0	1
135622	Alteromonadales	order	cellular organisms;Bacteria;Pseudomonadati;Pseudomonadota;Gammaproteobacteria;Alteromonadales	0	0	0	0	0	1
187101	Sneathia vaginalis	species	cellular organisms;Bacteria;Fusobacteriati;Fusobacteriota;Fusobacteriia;Fusobacteriales;Leptotrichiaceae;Sneathia;Sneathia vaginalis	0	0	0	0	0	1
1235990	Candidatus Pantoea carbekii	species	cellular organisms;Bacteria;Pseudomonadati;Pseudomonadota;Gammaproteobacteria;Enterobacterales;Erwiniaceae;Pantoea;Candidatus Pantoea carbekii	0	0	0	0	0	1
11247	Bovine respiratory syncytial virus ATCC51908	no rank	Viruses;Riboviria;Orthornavirae;Negarnaviricota;Haploviricotina;Monjiviricetes;Mononegavirales;Pneumoviridae;Orthopneumovirus;Orthopneumovirus bovis;bovine respiratory syncytial virus;Bovine respiratory syncytial virus ATCC51908	0	0	0	0	0	1
196834	unclassified Colwellia	no rank	cellular organisms;Bacteria;Pseudomonadati;Pseudomonadota;Gammaproteobacteria;Alteromonadales;Colwelliaceae;Colwellia;unclassified Colwellia	0	0	0	0	0	1
225143	Oceanisphaera	genus	cellular organisms;Bacteria;Pseudomonadati;Pseudomonadota;Gammaproteobacteria;Aeromonadales;Aeromonadaceae;Oceanisphaera	0	0	0	0	0	1
507	Alcaligenes	genus	cellular organisms;Bacteria;Pseudomonadati;Pseudomonadota;Betaproteobacteria;Burkholderiales;Alcaligenaceae;Alcaligenes	0	0	0	0	0	1
3384240	Dyella sp. 20L07	species	cellular organisms;Bacteria;Pseudomonadati;Pseudomonadota;Gammaproteobacteria;Lysobacterales;Rhodanobacteraceae;Dyella;unclassified Dyella;Dyella sp. 20L07	0	0	0	0	0	1
48296	Acinetobacter pittii	species	cellular organisms;Bacteria;Pseudomonadati;Pseudomonadota;Gammaproteobacteria;Moraxellales;Moraxellaceae;Acinetobacter;Acinetobacter calcoaceticus/baumannii complex;Acinetobacter pittii	0	0	0	0	0	1
282132	Candidatus Protochlamydia	genus	cellular organisms;Bacteria;Pseudomonadati;PVC group;Chlamydiota;Chlamydiia;Parachlamydiales;Parachlamydiaceae;Candidatus Protochlamydia	0	0	0	0	0	1
267893	Idiomarinaceae	family	cellular organisms;Bacteria;Pseudomonadati;Pseudomonadota;Gammaproteobacteria;Alteromonadales;Idiomarinaceae	0	0	0	0	0	1
2878255	Cyanobacterium sp. DS4	species	cellular organisms;Bacteria;Bacillati;Cyanobacteriota/Melainabacteria group;Cyanobacteriota;Cyanophyceae;Oscillatoriophycideae;Chroococcales;Geminocystaceae;Cyanobacterium;unclassified Cyanobacterium;Cyanobacterium sp. DS4	0	0	0	0	0	1
5741	Giardia duodenalis	species	cellular organisms;Eukaryota;Metamonada;Fornicata;Diplomonadida;Hexamitidae;Giardiinae;Giardia;Giardia duodenalis	0	0	0	0	0	2
2837504	Heyndrickxia	genus	cellular organisms;Bacteria;Bacillati;Bacillota;Bacilli;Bacillales;Bacillaceae;Heyndrickxia	0	0	0	0	0	1
2662261	Raineyella fluvialis	species	cellular organisms;Bacteria;Bacillati;Actinomycetota;Actinomycetes;Propionibacteriales;Propionibacteriaceae;Raineyella;Raineyella fluvialis	0	0	0	0	0	1
418103	Plasmodium (Plasmodium)	subgenus	cellular organisms;Eukaryota;Sar;Alveolata;Apicomplexa;Aconoidasida;Haemosporida;Plasmodiidae;Plasmodium;Plasmodium (Plasmodium)	0	0	0	0	0	1
615	Serratia marcescens	species	cellular organisms;Bacteria;Pseudomonadati;Pseudomonadota;Gammaproteobacteria;Enterobacterales;Yersiniaceae;Serratia;Serratia marcescens	0	0	0	0	0	1
3137778	Vreelandella sp.	species	cellular organisms;Bacteria;Pseudomonadati;Pseudomonadota;Gammaproteobacteria;Oceanospirillales;Halomonadaceae;Vreelandella;unclassified Vreelandella;Vreelandella sp.	0	0	0	0	0	1
2642006	unclassified Lonepinella	no rank	cellular organisms;Bacteria;Pseudomonadati;Pseudomonadota;Gammaproteobacteria;Pasteurellales;Pasteurellaceae;Lonepinella;unclassified Lonepinella	0	0	0	0	0	1
1689272	Vitreoscilla massiliensis	species	cellular organisms;Bacteria;Pseudomonadati;Pseudomonadota;Betaproteobacteria;Neisseriales;Neisseriaceae;Vitreoscilla;Vitreoscilla massiliensis	0	0	0	0	0	1
1144748	Kangiella sediminilitoris	species	cellular organisms;Bacteria;Pseudomonadati;Pseudomonadota;Gammaproteobacteria;Kangiellales;Kangiellaceae;Kangiella;Kangiella sediminilitoris	0	0	0	0	0	1
1616781	Vibrio sp. S234-5	species	cellular organisms;Bacteria;Pseudomonadati;Pseudomonadota;Gammaproteobacteria;Vibrionales;Vibrionaceae;Vibrio;unclassified Vibrio;Vibrio sp. S234-5	0	0	0	0	0	2
2842354	Pseudomonas maumuensis	species	cellular organisms;Bacteria;Pseudomonadati;Pseudomonadota;Gammaproteobacteria;Pseudomonadales;Pseudomonadaceae;Pseudomonas;Pseudomonas maumuensis	0	0	0	0	0	1
3050131	Ligilactobacillus cholophilus	species	cellular organisms;Bacteria;Bacillati;Bacillota;Bacilli;Lactobacillales;Lactobacillaceae;Ligilactobacillus;Ligilactobacillus cholophilus	0	0	0	0	0	2
2724	Hirschia baltica	species	cellular organisms;Bacteria;Pseudomonadati;Pseudomonadota;Alphaproteobacteria;Hyphomonadales;Hyphomonadaceae;Hirschia;Hirschia baltica	0	0	0	0	0	1
28141	Cronobacter sakazakii	species	cellular organisms;Bacteria;Pseudomonadati;Pseudomonadota;Gammaproteobacteria;Enterobacterales;Enterobacteriaceae;Cronobacter;Cronobacter sakazakii	0	0	0	0	0	1
1296105	Cryptococcus tetragattii IND107	strain	cellular organisms;Eukaryota;Opisthokonta;Fungi;Dikarya;Basidiomycota;Agaricomycotina;Tremellomycetes;Tremellales;Cryptococcaceae;Cryptococcus;Cryptococcus gattii species complex;Cryptococcus tetragattii;Cryptococcus tetragattii IND107	0	0	0	0	0	1
570278	Allobacillus halotolerans	species	cellular organisms;Bacteria;Bacillati;Bacillota;Bacilli;Bacillales;Bacillaceae;Allobacillus;Allobacillus halotolerans	0	0	0	0	0	1
1307761	Salinispira pacifica	species	cellular organisms;Bacteria;Pseudomonadati;Spirochaetota;Spirochaetia;Spirochaetales;Spirochaetaceae;Salinispira;Salinispira pacifica	0	0	0	0	0	1
249188	Haemophilus pittmaniae	species	cellular organisms;Bacteria;Pseudomonadati;Pseudomonadota;Gammaproteobacteria;Pasteurellales;Pasteurellaceae;Haemophilus;Haemophilus pittmaniae	0	0	0	0	0	1
1159556	Ustilaginoidea virens	species	cellular organisms;Eukaryota;Opisthokonta;Fungi;Dikarya;Ascomycota;saccharomyceta;Pezizomycotina;leotiomyceta;sordariomyceta;Sordariomycetes;Hypocreomycetidae;Hypocreales;Clavicipitaceae;Ustilaginoidea;Ustilaginoidea virens	0	0	0	0	0	1
2995413	Neisseria leonii	species	cellular organisms;Bacteria;Pseudomonadati;Pseudomonadota;Betaproteobacteria;Neisseriales;Neisseriaceae;Neisseria;Neisseria leonii	0	0	0	0	0	2
285070	Petrimonas sulfuriphila	species	cellular organisms;Bacteria;Pseudomonadati;FCB group;Bacteroidota/Chlorobiota group;Bacteroidota;Bacteroidia;Bacteroidales;Dysgonomonadaceae;Petrimonas;Petrimonas sulfuriphila	0	0	0	0	0	2
3020829	Streptococcus sp. HN38	species	cellular organisms;Bacteria;Bacillati;Bacillota;Bacilli;Lactobacillales;Streptococcaceae;Streptococcus;unclassified Streptococcus;Streptococcus sp. HN38	0	0	0	0	0	1
3139409	Oligella sp. MSHR50489EDL	species	cellular organisms;Bacteria;Pseudomonadati;Pseudomonadota;Betaproteobacteria;Burkholderiales;Alcaligenaceae;Oligella;unclassified Oligella;Oligella sp. MSHR50489EDL	0	0	0	0	0	1
142058	Anaplasma ovis	species	cellular organisms;Bacteria;Pseudomonadati;Pseudomonadota;Alphaproteobacteria;Rickettsiales;Anaplasmataceae;Anaplasma;Anaplasma ovis	0	0	0	0	0	1
2497875	Enterobacter chuandaensis	species	cellular organisms;Bacteria;Pseudomonadati;Pseudomonadota;Gammaproteobacteria;Enterobacterales;Enterobacteriaceae;Enterobacter;Enterobacter cloacae complex;Enterobacter chuandaensis	0	0	0	0	0	1
5663	Leishmania enriettii	species	cellular organisms;Eukaryota;Discoba;Euglenozoa;Kinetoplastea;Metakinetoplastina;Trypanosomatida;Trypanosomatidae;Leishmaniinae;Leishmania;Mundinia;Leishmania enriettii	0	0	0	0	0	1
756892	Acinetobacter indicus	species	cellular organisms;Bacteria;Pseudomonadati;Pseudomonadota;Gammaproteobacteria;Moraxellales;Moraxellaceae;Acinetobacter;Acinetobacter indicus	0	0	0	0	0	1
2980099	Paenalcaligenes faecalis	species	cellular organisms;Bacteria;Pseudomonadati;Pseudomonadota;Betaproteobacteria;Burkholderiales;Alcaligenaceae;Paenalcaligenes;Paenalcaligenes faecalis	0	0	0	0	0	1
1445505	Gynuella sunshinyii	species	cellular organisms;Bacteria;Pseudomonadati;Pseudomonadota;Gammaproteobacteria;Oceanospirillales;Saccharospirillaceae;Gynuella;Gynuella sunshinyii	0	0	0	0	0	1
2267891	Campylobacter novaezeelandiae	species	cellular organisms;Bacteria;Pseudomonadati;Campylobacterota;Epsilonproteobacteria;Campylobacterales;Campylobacteraceae;Campylobacter;Campylobacter novaezeelandiae	0	0	0	0	0	1
264691	Trichormus variabilis	species	cellular organisms;Bacteria;Bacillati;Cyanobacteriota/Melainabacteria group;Cyanobacteriota;Cyanophyceae;Nostocales;Nostocaceae;Trichormus;Trichormus variabilis	0	0	0	0	0	1
223390	Ancylobacter polymorphus	species	cellular organisms;Bacteria;Pseudomonadati;Pseudomonadota;Alphaproteobacteria;Hyphomicrobiales;Xanthobacteraceae;Ancylobacter;Ancylobacter polymorphus	0	0	0	0	0	1
2909229	Saxibacter everestensis	species	cellular organisms;Bacteria;Bacillati;Actinomycetota;Actinomycetes;Micrococcales;Brevibacteriaceae;Saxibacter;Saxibacter everestensis	0	0	0	0	0	1
208452	Plasmodium coatneyi	species	cellular organisms;Eukaryota;Sar;Alveolata;Apicomplexa;Aconoidasida;Haemosporida;Plasmodiidae;Plasmodium;Plasmodium coatneyi	0	0	0	0	0	1
3434353	Streptococcus sp. KHUD_014	species	cellular organisms;Bacteria;Bacillati;Bacillota;Bacilli;Lactobacillales;Streptococcaceae;Streptococcus;unclassified Streptococcus;Streptococcus sp. KHUD_014	0	0	0	0	0	1
2283318	Aquirhabdus parva	species	cellular organisms;Bacteria;Pseudomonadati;Pseudomonadota;Gammaproteobacteria;Moraxellales;Moraxellaceae;Aquirhabdus;Aquirhabdus parva	0	0	0	0	0	1
354	Azotobacter vinelandii	species	cellular organisms;Bacteria;Pseudomonadati;Pseudomonadota;Gammaproteobacteria;Pseudomonadales;Pseudomonadaceae;Azotobacter group;Azotobacter;Azotobacter vinelandii	0	0	0	0	0	1
1296121	Kwoniella dejecticola CBS 10117	strain	cellular organisms;Eukaryota;Opisthokonta;Fungi;Dikarya;Basidiomycota;Agaricomycotina;Tremellomycetes;Tremellales;Cryptococcaceae;Kwoniella;Kwoniella dejecticola;Kwoniella dejecticola CBS 10117	0	0	0	0	0	1
2771471	Sulfurimonadaceae	family	cellular organisms;Bacteria;Pseudomonadati;Campylobacterota;Epsilonproteobacteria;Campylobacterales;Sulfurimonadaceae	0	0	0	0	0	1
2183934	Marinospirillum sp.	species	cellular organisms;Bacteria;Pseudomonadati;Pseudomonadota;Gammaproteobacteria;Oceanospirillales;Oceanospirillaceae;Marinospirillum;unclassified Marinospirillum;Marinospirillum sp.	0	0	0	0	0	1
1789224	Acinetobacter larvae	species	cellular organisms;Bacteria;Pseudomonadati;Pseudomonadota;Gammaproteobacteria;Moraxellales;Moraxellaceae;Acinetobacter;Acinetobacter larvae	0	0	0	0	0	1
3682582	Pseudomonas sp. ZT5P21	species	cellular organisms;Bacteria;Pseudomonadati;Pseudomonadota;Gammaproteobacteria;Pseudomonadales;Pseudomonadaceae;Pseudomonas;unclassified Pseudomonas;Pseudomonas sp. ZT5P21	0	0	0	0	0	1
261963	Kangiella	genus	cellular organisms;Bacteria;Pseudomonadati;Pseudomonadota;Gammaproteobacteria;Kangiellales;Kangiellaceae;Kangiella	0	0	0	0	0	1
1457365	Cyclonatronum proteinivorum	species	cellular organisms;Bacteria;Pseudomonadati;FCB group;Bacteroidota/Chlorobiota group;Balneolota;Balneolia;Balneolales;Cyclonatronaceae;Cyclonatronum;Cyclonatronum proteinivorum	0	0	0	0	0	1
61648	Kluyvera intermedia	species	cellular organisms;Bacteria;Pseudomonadati;Pseudomonadota;Gammaproteobacteria;Enterobacterales;Enterobacteriaceae;Kluyvera;Kluyvera intermedia	0	0	0	0	0	1
73779	Methylocaldum gracile	species	cellular organisms;Bacteria;Pseudomonadati;Pseudomonadota;Gammaproteobacteria;Methylococcales;Methylococcaceae;Methylocaldum;Methylocaldum gracile	0	0	0	0	0	1
2939492	Nocardiopsis sp. YSL2	species	cellular organisms;Bacteria;Bacillati;Actinomycetota;Actinomycetes;Streptosporangiales;Nocardiopsidaceae;Nocardiopsis;unclassified Nocardiopsis;Nocardiopsis sp. YSL2	0	0	0	0	0	1
2184581	Arthrobacter sp. AQ5-05	species	cellular organisms;Bacteria;Bacillati;Actinomycetota;Actinomycetes;Micrococcales;Micrococcaceae;Arthrobacter;unclassified Arthrobacter;Arthrobacter sp. AQ5-05	0	0	0	0	0	1
774	Bartonella bacilliformis	species	cellular organisms;Bacteria;Pseudomonadati;Pseudomonadota;Alphaproteobacteria;Hyphomicrobiales;Bartonellaceae;Bartonella;Bartonella bacilliformis	0	0	0	0	0	1
1988	Actinomadura	genus	cellular organisms;Bacteria;Bacillati;Actinomycetota;Actinomycetes;Streptosporangiales;Thermomonosporaceae;Actinomadura	0	0	0	0	0	1
2231721	Muricoccus radiodurans	species	cellular organisms;Bacteria;Pseudomonadati;Pseudomonadota;Alphaproteobacteria;Acetobacterales;Roseomonadaceae;Muricoccus;Muricoccus radiodurans	0	0	0	0	0	1
67828	Citrobacter gillenii	species	cellular organisms;Bacteria;Pseudomonadati;Pseudomonadota;Gammaproteobacteria;Enterobacterales;Enterobacteriaceae;Citrobacter;Citrobacter freundii complex;Citrobacter gillenii	0	0	0	0	0	1
569360	Fusarium sambucinum species complex	species group	cellular organisms;Eukaryota;Opisthokonta;Fungi;Dikarya;Ascomycota;saccharomyceta;Pezizomycotina;leotiomyceta;sordariomyceta;Sordariomycetes;Hypocreomycetidae;Hypocreales;Nectriaceae;Fusarium;Fusarium sambucinum species complex	0	0	0	0	0	1
1849032	Arthrobacter sp. U41	species	cellular organisms;Bacteria;Bacillati;Actinomycetota;Actinomycetes;Micrococcales;Micrococcaceae;Arthrobacter;unclassified Arthrobacter;Arthrobacter sp. U41	0	0	0	0	0	1
2901164	Stutzerimonas	genus	cellular organisms;Bacteria;Pseudomonadati;Pseudomonadota;Gammaproteobacteria;Pseudomonadales;Pseudomonadaceae;Stutzerimonas	0	0	0	0	0	1
668	Aliivibrio fischeri	species	cellular organisms;Bacteria;Pseudomonadati;Pseudomonadota;Gammaproteobacteria;Vibrionales;Vibrionaceae;Aliivibrio;Aliivibrio fischeri	0	0	0	0	0	1
2781961	Echinicola sp. 20G	species	cellular organisms;Bacteria;Pseudomonadati;FCB group;Bacteroidota/Chlorobiota group;Bacteroidota;Cytophagia;Cytophagales;Cyclobacteriaceae;Echinicola;unclassified Echinicola;Echinicola sp. 20G	0	0	0	0	0	1
70346	Acinetobacter variabilis	species	cellular organisms;Bacteria;Pseudomonadati;Pseudomonadota;Gammaproteobacteria;Moraxellales;Moraxellaceae;Acinetobacter;Acinetobacter variabilis	0	0	0	0	0	1
714	Aggregatibacter actinomycetemcomitans	species	cellular organisms;Bacteria;Pseudomonadati;Pseudomonadota;Gammaproteobacteria;Pasteurellales;Pasteurellaceae;Aggregatibacter;Aggregatibacter actinomycetemcomitans	0	0	0	0	0	1
33996	Gluconacetobacter diazotrophicus	species	cellular organisms;Bacteria;Pseudomonadati;Pseudomonadota;Alphaproteobacteria;Acetobacterales;Acetobacteraceae;Gluconacetobacter;Gluconacetobacter diazotrophicus	0	0	0	0	0	1
40567	Actinosynnema mirum	species	cellular organisms;Bacteria;Bacillati;Actinomycetota;Actinomycetes;Pseudonocardiales;Pseudonocardiaceae;Actinosynnema;Actinosynnema mirum	0	0	0	0	0	1
2978741	Vibrio sp. J502	species	cellular organisms;Bacteria;Pseudomonadati;Pseudomonadota;Gammaproteobacteria;Vibrionales;Vibrionaceae;Vibrio;unclassified Vibrio;Vibrio sp. J502	0	0	0	0	0	1
3075823	Hwangdonia lutea	species	cellular organisms;Bacteria;Pseudomonadati;FCB group;Bacteroidota/Chlorobiota group;Bacteroidota;Flavobacteriia;Flavobacteriales;Flavobacteriaceae;Hwangdonia;Hwangdonia lutea	0	0	0	0	0	1
2908637	Acinetobacter sp. SCLZS86	species	cellular organisms;Bacteria;Pseudomonadati;Pseudomonadota;Gammaproteobacteria;Moraxellales;Moraxellaceae;Acinetobacter;unclassified Acinetobacter;Acinetobacter sp. SCLZS86	0	0	0	0	0	1
482564	Phormidium nigroviride	species	cellular organisms;Bacteria;Bacillati;Cyanobacteriota/Melainabacteria group;Cyanobacteriota;Cyanophyceae;Oscillatoriophycideae;Oscillatoriales;Oscillatoriaceae;Phormidium;Phormidium nigroviride	0	0	0	0	0	1
3132260	Alkalihalobacillus phoenicis	species	cellular organisms;Bacteria;Bacillati;Bacillota;Bacilli;Bacillales;Bacillaceae;Alkalihalobacillus;Alkalihalobacillus phoenicis	0	0	0	0	0	1
1198136	Tevenvirinae	subfamily	Viruses;Duplodnaviria;Heunggongvirae;Uroviricota;Caudoviricetes;Pantevenvirales;Straboviridae;Tevenvirinae	0	0	0	0	0	1
1454725	Candidatus Caldatribacterium	genus	cellular organisms;Bacteria;Pseudomonadati;Atribacterota;Atribacteria;Atribacterales;Candidatus Caldatribacteriaceae;Candidatus Caldatribacterium	0	0	0	0	0	1
165695	Sphingobium	genus	cellular organisms;Bacteria;Pseudomonadati;Pseudomonadota;Alphaproteobacteria;Sphingomonadales;Sphingobiaceae;Sphingobium	0	0	0	0	0	1
614	Serratia liquefaciens	species	cellular organisms;Bacteria;Pseudomonadati;Pseudomonadota;Gammaproteobacteria;Enterobacterales;Yersiniaceae;Serratia;Serratia liquefaciens	0	0	0	0	0	1
2766470	Leuconostoc falkenbergense	species	cellular organisms;Bacteria;Bacillati;Bacillota;Bacilli;Lactobacillales;Lactobacillaceae;Leuconostoc;Leuconostoc falkenbergense	0	0	0	0	0	1
3372850	Agromyces sp. MMS24-K17	species	cellular organisms;Bacteria;Bacillati;Actinomycetota;Actinomycetes;Micrococcales;Microbacteriaceae;Agromyces;unclassified Agromyces;Agromyces sp. MMS24-K17	0	0	0	0	0	1
1598	Limosilactobacillus reuteri	species	cellular organisms;Bacteria;Bacillati;Bacillota;Bacilli;Lactobacillales;Lactobacillaceae;Limosilactobacillus;Limosilactobacillus reuteri	0	0	0	0	0	1
2975903	Streptomyces sp. NBC_01622	species	cellular organisms;Bacteria;Bacillati;Actinomycetota;Actinomycetes;Kitasatosporales;Streptomycetaceae;Streptomyces;unclassified Streptomyces;Streptomyces sp. NBC_01622	0	0	0	0	0	1
2751189	Streptomyces sp. NEAU-sy36	species	cellular organisms;Bacteria;Bacillati;Actinomycetota;Actinomycetes;Kitasatosporales;Streptomycetaceae;Streptomyces;unclassified Streptomyces;Streptomyces sp. NEAU-sy36	0	0	0	0	0	1
45668	Halobacillus litoralis	species	cellular organisms;Bacteria;Bacillati;Bacillota;Bacilli;Bacillales;Bacillaceae;Halobacillus;Halobacillus litoralis	0	0	0	0	0	1
2983215	Acinetobacter sp. ESL0695	species	cellular organisms;Bacteria;Pseudomonadati;Pseudomonadota;Gammaproteobacteria;Moraxellales;Moraxellaceae;Acinetobacter;unclassified Acinetobacter;Acinetobacter sp. ESL0695	0	0	0	0	0	1
83655	Leclercia adecarboxylata	species	cellular organisms;Bacteria;Pseudomonadati;Pseudomonadota;Gammaproteobacteria;Enterobacterales;Enterobacteriaceae;Leclercia;Leclercia adecarboxylata	0	0	0	0	0	1
1423	Bacillus subtilis	species	cellular organisms;Bacteria;Bacillati;Bacillota;Bacilli;Bacillales;Bacillaceae;Bacillus;Bacillus subtilis group;Bacillus subtilis	0	0	0	0	0	1
56730	Rhizobium gallicum	species	cellular organisms;Bacteria;Pseudomonadati;Pseudomonadota;Alphaproteobacteria;Hyphomicrobiales;Rhizobiaceae;Rhizobium/Agrobacterium group;Rhizobium;Rhizobium gallicum	0	0	0	0	0	1
77022	Cylindrospermopsis raciborskii	species	cellular organisms;Bacteria;Bacillati;Cyanobacteriota/Melainabacteria group;Cyanobacteriota;Cyanophyceae;Nostocales;Aphanizomenonaceae;Cylindrospermopsis;Cylindrospermopsis raciborskii	0	0	0	0	0	1
2914710	Sphaerotilus microaerophilus	species	cellular organisms;Bacteria;Pseudomonadati;Pseudomonadota;Betaproteobacteria;Burkholderiales;Sphaerotilaceae;Sphaerotilus;Sphaerotilus microaerophilus	0	0	0	0	0	1
2894201	Citrobacter meridianamericanus	species	cellular organisms;Bacteria;Pseudomonadati;Pseudomonadota;Gammaproteobacteria;Enterobacterales;Enterobacteriaceae;Citrobacter;Citrobacter meridianamericanus	0	0	0	0	0	1
1742358	Cytobacillus praedii	species	cellular organisms;Bacteria;Bacillati;Bacillota;Bacilli;Bacillales;Bacillaceae;Cytobacillus;Cytobacillus praedii	0	0	0	0	0	1
2647929	unclassified Promicromonospora	no rank	cellular organisms;Bacteria;Bacillati;Actinomycetota;Actinomycetes;Micrococcales;Promicromonosporaceae;Promicromonospora;unclassified Promicromonospora	0	0	0	0	0	1
433	Acetobacteraceae	family	cellular organisms;Bacteria;Pseudomonadati;Pseudomonadota;Alphaproteobacteria;Acetobacterales;Acetobacteraceae	0	0	0	0	0	1
1470434	Zhongshania aliphaticivorans	species	cellular organisms;Bacteria;Pseudomonadati;Pseudomonadota;Gammaproteobacteria;Cellvibrionales;Spongiibacteraceae;Zhongshania;Zhongshania aliphaticivorans	0	0	0	0	0	1
745410	Gallaecimonas	genus	cellular organisms;Bacteria;Pseudomonadati;Pseudomonadota;Gammaproteobacteria;Enterobacterales;Gallaecimonadaceae;Gallaecimonas	0	0	0	0	0	1
31988	Aminobacter	genus	cellular organisms;Bacteria;Pseudomonadati;Pseudomonadota;Alphaproteobacteria;Hyphomicrobiales;Phyllobacteriaceae;Aminobacter	0	0	0	0	0	1
2025349	Novosphingobium sp. 9	species	cellular organisms;Bacteria;Pseudomonadati;Pseudomonadota;Alphaproteobacteria;Sphingomonadales;Sphingomonadaceae;Novosphingobium;unclassified Novosphingobium;Novosphingobium sp. 9	0	0	0	0	0	1
