taxonomy_id	name	rank	lineage	InfA-30_diamond.diamond	PI2-20_diamond.diamond	InfA-33_diamond.diamond	InfB-22_diamond.diamond	RSA-24_diamond.diamond	RSV-25_diamond.diamond
0				4891804	6883169	7202265	9561981	6055638	26649136
9606	Homo sapiens	species	cellular organisms;Eukaryota;Opisthokonta;Metazoa;Eumetazoa;Bilateria;Deuterostomia;Chordata;Craniata;Vertebrata;Gnathostomata;Teleostomi;Euteleostomi;Sarcopterygii;Dipnotetrapodomorpha;Tetrapoda;Amniota;Mammalia;Theria;Eutheria;Boreoeutheria;Euarchontoglires;Primates;Haplorrhini;Simiiformes;Catarrhini;Hominoidea;Hominidae;Homininae;Homo;Homo sapiens	17932406	14461968	24109096	14605788	6228796	668595
131567	cellular organisms	cellular root	cellular organisms	238343	352628	355018	477918	108498	89891
2	Bacteria	domain	cellular organisms;Bacteria	4265	8696	7917	14895	382261	265064
1428	Bacillus thuringiensis	species	cellular organisms;Bacteria;Bacillati;Bacillota;Bacilli;Bacillales;Bacillaceae;Bacillus;Bacillus cereus group;Bacillus thuringiensis	9364	10432	19665	12169	5419	409
33154	Opisthokonta	clade	cellular organisms;Eukaryota;Opisthokonta	1309	2033	3091	13001	1274	408
2759	Eukaryota	domain	cellular organisms;Eukaryota	5124	10935	10172	36413	9796	4122
3418716	Litorimonas sp. WD9-15	species	cellular organisms;Bacteria;Pseudomonadati;Pseudomonadota;Alphaproteobacteria;Maricaulales;Robiginitomaculaceae;Litorimonas;unclassified Litorimonas;Litorimonas sp. WD9-15	1	0	0	0	0	0
28211	Alphaproteobacteria	class	cellular organisms;Bacteria;Pseudomonadati;Pseudomonadota;Alphaproteobacteria	1013	1695	1209	2333	874	137
543	Enterobacteriaceae	family	cellular organisms;Bacteria;Pseudomonadati;Pseudomonadota;Gammaproteobacteria;Enterobacterales;Enterobacteriaceae	138	3723	7333	63318	12187	932961
784	Orientia tsutsugamushi	species	cellular organisms;Bacteria;Pseudomonadati;Pseudomonadota;Alphaproteobacteria;Rickettsiales;Rickettsiaceae;Rickettsieae;Orientia;Orientia tsutsugamushi	99	158	108	200	23	6
322104	Scheffersomyces stipitis CBS 6054	strain	cellular organisms;Eukaryota;Opisthokonta;Fungi;Dikarya;Ascomycota;saccharomyceta;Saccharomycotina;Pichiomycetes;Serinales;Debaryomycetaceae;Scheffersomyces;Scheffersomyces stipitis;Scheffersomyces stipitis CBS 6054	477	1006	1898	6141	440	659
33988	Rickettsieae	tribe	cellular organisms;Bacteria;Pseudomonadati;Pseudomonadota;Alphaproteobacteria;Rickettsiales;Rickettsiaceae;Rickettsieae	204	260	266	370	62	7
1760	Actinomycetes	class	cellular organisms;Bacteria;Bacillati;Actinomycetota;Actinomycetes	37	48	66	78	7380	12
32008	Burkholderia	genus	cellular organisms;Bacteria;Pseudomonadati;Pseudomonadota;Betaproteobacteria;Burkholderiales;Burkholderiaceae;Burkholderia	752	1099	3342	7420	598	303
3423955	Dankookia sp. P2	species	cellular organisms;Bacteria;Pseudomonadati;Pseudomonadota;Alphaproteobacteria;Acetobacterales;Roseomonadaceae;Dankookia;unclassified Dankookia;Dankookia sp. P2	151	303	199	435	54	4
1	root	no rank		101	515	488	2441	181093	3172
1224	Pseudomonadota	phylum	cellular organisms;Bacteria;Pseudomonadati;Pseudomonadota	158	1525	1357	2397	2383	321035
67082	BeAn 58058 virus	species	Viruses;Varidnaviria;Bamfordvirae;Nucleocytoviricota;Pokkesviricetes;Chitovirales;Poxviridae;Chordopoxvirinae;Oryzopoxvirus;unclassified Oryzopoxvirus;BeAn 58058 virus	3	6	8	37	3	3
1236	Gammaproteobacteria	class	cellular organisms;Bacteria;Pseudomonadati;Pseudomonadota;Gammaproteobacteria	38	1031	1278	3638	28432	396480
2999062	Brevibacterium sp. BRM-1	species	cellular organisms;Bacteria;Bacillati;Actinomycetota;Actinomycetes;Micrococcales;Brevibacteriaceae;Brevibacterium;unclassified Brevibacterium;Brevibacterium sp. BRM-1	1	0	0	0	0	0
2996318	unclassified Candidatus Tisiphia	no rank	cellular organisms;Bacteria;Pseudomonadati;Pseudomonadota;Alphaproteobacteria;Rickettsiales;Rickettsiaceae;Rickettsieae;Candidatus Tisiphia;unclassified Candidatus Tisiphia	28	25	24	43	33	1
1280	Staphylococcus aureus	species	cellular organisms;Bacteria;Bacillati;Bacillota;Bacilli;Bacillales;Staphylococcaceae;Staphylococcus;Staphylococcus aureus	336	1008	1272	1524	83258	3684
85007	Mycobacteriales	order	cellular organisms;Bacteria;Bacillati;Actinomycetota;Actinomycetes;Mycobacteriales	1	2	29	0	396	0
76775	Malassezia restricta	species	cellular organisms;Eukaryota;Opisthokonta;Fungi;Dikarya;Basidiomycota;Ustilaginomycotina;Malasseziomycetes;Malasseziales;Malasseziaceae;Malassezia;Malassezia restricta	35	43	22	59	8	0
12022	Escherichia phage MS2	no rank	Viruses;Riboviria;Orthornavirae;Lenarviricota;Leviviricetes;Norzivirales;Fiersviridae;Emesvirus;Emesvirus zinderi;Escherichia phage MS2	185	858	1407	2148	2991	667
204441	Rhodospirillales	order	cellular organisms;Bacteria;Pseudomonadati;Pseudomonadota;Alphaproteobacteria;Rhodospirillales	26	58	41	101	11	0
43765	Corynebacterium amycolatum	species	cellular organisms;Bacteria;Bacillati;Actinomycetota;Actinomycetes;Mycobacteriales;Corynebacteriaceae;Corynebacterium;Corynebacterium amycolatum	55	183	71	487	602	44
2632610	unclassified Brucella	no rank	cellular organisms;Bacteria;Pseudomonadati;Pseudomonadota;Alphaproteobacteria;Hyphomicrobiales;Brucellaceae;Brucella/Ochrobactrum group;Brucella;unclassified Brucella	1	1	0	0	0	0
562	Escherichia coli	species	cellular organisms;Bacteria;Pseudomonadati;Pseudomonadota;Gammaproteobacteria;Enterobacterales;Enterobacteriaceae;Escherichia;Escherichia coli	69	2877	11043	67777	1634	3145849
451864	Dikarya	subkingdom	cellular organisms;Eukaryota;Opisthokonta;Fungi;Dikarya	84	102	186	588	68	18
5866	Babesia bigemina	species	cellular organisms;Eukaryota;Sar;Alveolata;Apicomplexa;Aconoidasida;Piroplasmida;Babesiidae;Babesia;Babesia bigemina	75	104	166	994	868	60
564305	Kwoniella shivajii	species	cellular organisms;Eukaryota;Opisthokonta;Fungi;Dikarya;Basidiomycota;Agaricomycotina;Tremellomycetes;Tremellales;Cryptococcaceae;Kwoniella;Kwoniella shivajii	2	9	7	7	1	0
296543	Thalassiosira pseudonana CCMP1335	strain	cellular organisms;Eukaryota;Sar;Stramenopiles;Ochrophyta;Bacillariophyta;Coscinodiscophyceae;Thalassiosirophycidae;Thalassiosirales;Thalassiosiraceae;Thalassiosira;Thalassiosira pseudonana;Thalassiosira pseudonana CCMP1335	20	41	26	213	19	9
11646	Lentivirus	genus	Viruses;Riboviria;Pararnavirae;Artverviricota;Revtraviricetes;Ortervirales;Retroviridae;Orthoretrovirinae;Lentivirus	23	689	273	1717	12462	253
2224	Methanothrix thermoacetophila	species	cellular organisms;Archaea;Methanobacteriati;Methanobacteriota;Stenosarchaea group;Methanomicrobia;Methanotrichales;Methanotrichaceae;Methanothrix;Methanothrix thermoacetophila	4	4	6	6	1	0
94643	Besnoitia besnoiti	species	cellular organisms;Eukaryota;Sar;Alveolata;Apicomplexa;Conoidasida;Coccidia;Eucoccidiorida;Eimeriorina;Sarcocystidae;Besnoitia;Besnoitia besnoiti	33	172	82	384	190	641
3400908	Parablastomonas sp. CN1-191	species	cellular organisms;Bacteria;Pseudomonadati;Pseudomonadota;Alphaproteobacteria;Sphingomonadales;Sphingomonadaceae;Parablastomonas;unclassified Parablastomonas;Parablastomonas sp. CN1-191	31	49	31	63	17	1
181124	Marasmius oreades	species	cellular organisms;Eukaryota;Opisthokonta;Fungi;Dikarya;Basidiomycota;Agaricomycotina;Agaricomycetes;Agaricomycetidae;Agaricales;Marasmiineae;Marasmiaceae;Marasmius;Marasmius oreades	3	0	0	6	3	0
125216	Roseomonas	genus	cellular organisms;Bacteria;Pseudomonadati;Pseudomonadota;Alphaproteobacteria;Acetobacterales;Roseomonadaceae;Roseomonas	4	3	6	14	1	0
5267	Ustilaginales	order	cellular organisms;Eukaryota;Opisthokonta;Fungi;Dikarya;Basidiomycota;Ustilaginomycotina;Ustilaginomycetes;Ustilaginales	4	2	1	105	1	0
3092147	Tateyamaria sp. SN3-11	species	cellular organisms;Bacteria;Pseudomonadati;Pseudomonadota;Alphaproteobacteria;Rhodobacterales;Roseobacteraceae;Tateyamaria;unclassified Tateyamaria;Tateyamaria sp. SN3-11	5	5	12	4	2	0
670386	Heterostelium album PN500	strain	cellular organisms;Eukaryota;Amoebozoa;Evosea;Eumycetozoa;Dictyostelia;Acytosteliales;Acytosteliaceae;Heterostelium;Heterostelium album;Heterostelium album PN500	5	3	16	14	0	0
5863	Piroplasmida	order	cellular organisms;Eukaryota;Sar;Alveolata;Apicomplexa;Aconoidasida;Piroplasmida	54	166	109	623	102	108
1234143	Endozoicomonas euniceicola	species	cellular organisms;Bacteria;Pseudomonadati;Pseudomonadota;Gammaproteobacteria;Oceanospirillales;Endozoicomonadaceae;Endozoicomonas;Endozoicomonas euniceicola	8	20	4	31	1	4
5059	Aspergillus flavus	species	cellular organisms;Eukaryota;Opisthokonta;Fungi;Dikarya;Ascomycota;saccharomyceta;Pezizomycotina;leotiomyceta;Eurotiomycetes;Eurotiomycetidae;Eurotiales;Aspergillaceae;Aspergillus;Aspergillus subgen. Circumdati;Aspergillus flavus	21	24	38	491	1	0
1783272	Bacillati	kingdom	cellular organisms;Bacteria;Bacillati	55	140	103	302	249270	744
3569183	Tessaracoccus sp. G1721	species	cellular organisms;Bacteria;Bacillati;Actinomycetota;Actinomycetes;Propionibacteriales;Propionibacteriaceae;Tessaracoccus;unclassified Tessaracoccus;Tessaracoccus sp. G1721	2	0	0	1	0	0
91347	Enterobacterales	order	cellular organisms;Bacteria;Pseudomonadati;Pseudomonadota;Gammaproteobacteria;Enterobacterales	23	499	425	2375	3476	1858
114277	spotted fever group	species group	cellular organisms;Bacteria;Pseudomonadati;Pseudomonadota;Alphaproteobacteria;Rickettsiales;Rickettsiaceae;Rickettsieae;Rickettsia;spotted fever group	4	6	5	13	1	0
168172	Puccinia striiformis f. sp. tritici	forma specialis	cellular organisms;Eukaryota;Opisthokonta;Fungi;Dikarya;Basidiomycota;Pucciniomycotina;Pucciniomycetes;Pucciniales;Pucciniaceae;Puccinia;Puccinia striiformis;Puccinia striiformis f. sp. tritici	21	47	87	561	17	8
68287	Mesorhizobium	genus	cellular organisms;Bacteria;Pseudomonadati;Pseudomonadota;Alphaproteobacteria;Hyphomicrobiales;Phyllobacteriaceae;Mesorhizobium	3	2	7	3	137	6
158836	Enterobacter hormaechei	species	cellular organisms;Bacteria;Pseudomonadati;Pseudomonadota;Gammaproteobacteria;Enterobacterales;Enterobacteriaceae;Enterobacter;Enterobacter cloacae complex;Enterobacter hormaechei	210	397	367	690	748	87
356	Hyphomicrobiales	order	cellular organisms;Bacteria;Pseudomonadati;Pseudomonadota;Alphaproteobacteria;Hyphomicrobiales	92	263	187	230	2604	123
28100	Phyllobacterium	genus	cellular organisms;Bacteria;Pseudomonadati;Pseudomonadota;Alphaproteobacteria;Hyphomicrobiales;Phyllobacteriaceae;Phyllobacterium	91	361	342	548	11975	308
573	Klebsiella pneumoniae	species	cellular organisms;Bacteria;Pseudomonadati;Pseudomonadota;Gammaproteobacteria;Enterobacterales;Enterobacteriaceae;Klebsiella;Klebsiella pneumoniae complex;Klebsiella pneumoniae	38	113	91	749	899	39
4893	Saccharomycetaceae	family	cellular organisms;Eukaryota;Opisthokonta;Fungi;Dikarya;Ascomycota;saccharomyceta;Saccharomycotina;Saccharomycetes;Saccharomycetales;Saccharomycetaceae	17	22	32	71	8	1
555317	Phyllobacterium meliloti	species	cellular organisms;Bacteria;Pseudomonadati;Pseudomonadota;Alphaproteobacteria;Hyphomicrobiales;Phyllobacteriaceae;Phyllobacterium;Phyllobacterium meliloti	9	155	29	59	195	77
2698737	Sar	clade	cellular organisms;Eukaryota;Sar	61	185	126	748	106	91
76892	Caulobacteraceae	family	cellular organisms;Bacteria;Pseudomonadati;Pseudomonadota;Alphaproteobacteria;Caulobacterales;Caulobacteraceae	1	1	2	3	17	0
2745	Halomonas	genus	cellular organisms;Bacteria;Pseudomonadati;Pseudomonadota;Gammaproteobacteria;Oceanospirillales;Halomonadaceae;Halomonas	1	0	0	1	0	0
1537102	Theileria equi strain WA	strain	cellular organisms;Eukaryota;Sar;Alveolata;Apicomplexa;Aconoidasida;Piroplasmida;Theileriidae;Theileria;Theileria equi;Theileria equi strain WA	5	27	24	117	21	19
1033854	Thioalkalivibrio sulfidiphilus	species	cellular organisms;Bacteria;Pseudomonadati;Pseudomonadota;Gammaproteobacteria;Chromatiales;Ectothiorhodospiraceae;Thioalkalivibrio;Thioalkalivibrio sulfidiphilus	14	19	8	29	3	1
153135	Gammaretrovirus	genus	Viruses;Riboviria;Pararnavirae;Artverviricota;Revtraviricetes;Ortervirales;Retroviridae;Orthoretrovirinae;Gammaretrovirus	8	3	36	156	0	21
2916816	Wolbachia endosymbiont of Howardula sp.	species	cellular organisms;Bacteria;Pseudomonadati;Pseudomonadota;Alphaproteobacteria;Rickettsiales;Anaplasmataceae;Wolbachieae;Wolbachia;unclassified Wolbachia;Wolbachia endosymbiont of Howardula sp.	12	23	28	71	7	0
218111	Wolbachia endosymbiont of Corcyra cephalonica	species	cellular organisms;Bacteria;Pseudomonadati;Pseudomonadota;Alphaproteobacteria;Rickettsiales;Anaplasmataceae;Wolbachieae;Wolbachia;unclassified Wolbachia;Wolbachia endosymbiont of Corcyra cephalonica	25	38	28	48	7	7
4751	Fungi	kingdom	cellular organisms;Eukaryota;Opisthokonta;Fungi	7	6	12	79	0	0
1437360	Bradyrhizobium erythrophlei	species	cellular organisms;Bacteria;Pseudomonadati;Pseudomonadota;Alphaproteobacteria;Hyphomicrobiales;Nitrobacteraceae;Bradyrhizobium;Bradyrhizobium erythrophlei	2	0	0	0	0	0
348837	Spironucleus salmonicida	species	cellular organisms;Eukaryota;Metamonada;Fornicata;Diplomonadida;Hexamitidae;Hexamitinae;Spironucleus;Spironucleus salmonicida	24	60	52	318	11	0
2029849	Marinicauda algicola	species	cellular organisms;Bacteria;Pseudomonadati;Pseudomonadota;Alphaproteobacteria;Maricaulales;Maricaulaceae;Marinicauda;Marinicauda algicola	5	10	3	7	1	0
2851642	Microbacterium aurugineum	species	cellular organisms;Bacteria;Bacillati;Actinomycetota;Actinomycetes;Micrococcales;Microbacteriaceae;Microbacterium;Microbacterium aurugineum	16	41	30	37	6	2
5296	Puccinia	genus	cellular organisms;Eukaryota;Opisthokonta;Fungi;Dikarya;Basidiomycota;Pucciniomycotina;Pucciniomycetes;Pucciniales;Pucciniaceae;Puccinia	9	5	20	213	4	3
2623546	unclassified Deinococcus	no rank	cellular organisms;Bacteria;Thermotogati;Deinococcota;Deinococci;Deinococcales;Deinococcaceae;Deinococcus;unclassified Deinococcus	1	0	0	0	0	0
119060	Burkholderiaceae	family	cellular organisms;Bacteria;Pseudomonadati;Pseudomonadota;Betaproteobacteria;Burkholderiales;Burkholderiaceae	7	2339	6366	1825	641	129
1758194	Achromobacter sp. AONIH1	species	cellular organisms;Bacteria;Pseudomonadati;Pseudomonadota;Betaproteobacteria;Burkholderiales;Alcaligenaceae;Achromobacter;unclassified Achromobacter;Achromobacter sp. AONIH1	10	3	9	0	0	8
57706	Citrobacter braakii	species	cellular organisms;Bacteria;Pseudomonadati;Pseudomonadota;Gammaproteobacteria;Enterobacterales;Enterobacteriaceae;Citrobacter;Citrobacter freundii complex;Citrobacter braakii	2	15	7	30	4	7
485	Neisseria gonorrhoeae	species	cellular organisms;Bacteria;Pseudomonadati;Pseudomonadota;Betaproteobacteria;Neisseriales;Neisseriaceae;Neisseria;Neisseria gonorrhoeae	11	7	1	118	743	4
171549	Bacteroidales	order	cellular organisms;Bacteria;Pseudomonadati;FCB group;Bacteroidota/Chlorobiota group;Bacteroidota;Bacteroidia;Bacteroidales	4	1	1	0	0	0
5204	Basidiomycota	phylum	cellular organisms;Eukaryota;Opisthokonta;Fungi;Dikarya;Basidiomycota	15	14	12	108	66	1
2718938	Phyllobacterium sp. 628	species	cellular organisms;Bacteria;Pseudomonadati;Pseudomonadota;Alphaproteobacteria;Hyphomicrobiales;Phyllobacteriaceae;Phyllobacterium;unclassified Phyllobacterium;Phyllobacterium sp. 628	7	18	53	21	194	14
28105	Sinorhizobium	genus	cellular organisms;Bacteria;Pseudomonadati;Pseudomonadota;Alphaproteobacteria;Hyphomicrobiales;Rhizobiaceae;Sinorhizobium/Ensifer group;Sinorhizobium	1	1	1	0	0	0
621	Shigella boydii	species	cellular organisms;Bacteria;Pseudomonadati;Pseudomonadota;Gammaproteobacteria;Enterobacterales;Enterobacteriaceae;Shigella;Shigella boydii	1	0	6	0	18	0
2897332	Roseomonas cutis	species	cellular organisms;Bacteria;Pseudomonadati;Pseudomonadota;Alphaproteobacteria;Acetobacterales;Roseomonadaceae;Roseomonas;Roseomonas cutis	5	12	6	14	4	0
2617606	unclassified Castellaniella	no rank	cellular organisms;Bacteria;Pseudomonadati;Pseudomonadota;Betaproteobacteria;Burkholderiales;Alcaligenaceae;Castellaniella;unclassified Castellaniella	2	0	0	2	0	1
2769490	Thalassotalea sp. LPB0316	species	cellular organisms;Bacteria;Pseudomonadati;Pseudomonadota;Gammaproteobacteria;Alteromonadales;Colwelliaceae;Thalassotalea;unclassified Thalassotalea;Thalassotalea sp. LPB0316	1	0	0	0	0	0
1227	Nitrosococcus	genus	cellular organisms;Bacteria;Pseudomonadati;Pseudomonadota;Gammaproteobacteria;Chromatiales;Chromatiaceae;Nitrosococcus	6	5	8	8	1	1
34061	Moraxella cuniculi	species	cellular organisms;Bacteria;Pseudomonadati;Pseudomonadota;Gammaproteobacteria;Moraxellales;Moraxellaceae;Moraxella;Moraxella cuniculi	1	0	0	10	0	57
145971	Colletotrichum lupini	species	cellular organisms;Eukaryota;Opisthokonta;Fungi;Dikarya;Ascomycota;saccharomyceta;Pezizomycotina;leotiomyceta;sordariomyceta;Sordariomycetes;Hypocreomycetidae;Glomerellales;Glomerellaceae;Colletotrichum;Colletotrichum acutatum species complex;Colletotrichum lupini	5	17	23	167	1	1
2811788	Burkholderia sp. MS455	species	cellular organisms;Bacteria;Pseudomonadati;Pseudomonadota;Betaproteobacteria;Burkholderiales;Burkholderiaceae;Burkholderia;unclassified Burkholderia;Burkholderia sp. MS455	3	0	0	5	0	0
559295	Lachancea thermotolerans CBS 6340	strain	cellular organisms;Eukaryota;Opisthokonta;Fungi;Dikarya;Ascomycota;saccharomyceta;Saccharomycotina;Saccharomycetes;Saccharomycetales;Saccharomycetaceae;Lachancea;Lachancea thermotolerans;Lachancea thermotolerans CBS 6340	4	0	0	3	0	0
2048283	Thalassospira marina	species	cellular organisms;Bacteria;Pseudomonadati;Pseudomonadota;Alphaproteobacteria;Rhodospirillales;Thalassospiraceae;Thalassospira;Thalassospira marina	16	36	13	30	3	1
4952	Yarrowia lipolytica	species	cellular organisms;Eukaryota;Opisthokonta;Fungi;Dikarya;Ascomycota;saccharomyceta;Saccharomycotina;Dipodascomycetes;Dipodascales;Dipodascales incertae sedis;Yarrowia;Yarrowia lipolytica	14	43	27	140	19	30
484906	Babesia bovis T2Bo	no rank	cellular organisms;Eukaryota;Sar;Alveolata;Apicomplexa;Aconoidasida;Piroplasmida;Babesiidae;Babesia;Babesia bovis;Babesia bovis T2Bo	4	3	5	2	0	0
456999	Rhizoctonia solani	species	cellular organisms;Eukaryota;Opisthokonta;Fungi;Dikarya;Basidiomycota;Agaricomycotina;Agaricomycetes;Agaricomycetes incertae sedis;Cantharellales;Ceratobasidiaceae;Rhizoctonia;Rhizoctonia solani	4	6	9	12	0	0
1300323	Scheffersomyces segobiensis virus L	no rank	Viruses;Riboviria;Orthornavirae;Duplornaviricota;Chrymotiviricetes;Ghabrivirales;Alphatotivirineae;Orthototiviridae;Totivirus;Totivirus roku;Scheffersomyces segobiensis virus L	3	0	26	0	20	0
374	Bradyrhizobium	genus	cellular organisms;Bacteria;Pseudomonadati;Pseudomonadota;Alphaproteobacteria;Hyphomicrobiales;Nitrobacteraceae;Bradyrhizobium	2	6	54	6	52	4
1346319	Candidatus Trichorickettsia mobilis	species	cellular organisms;Bacteria;Pseudomonadati;Pseudomonadota;Alphaproteobacteria;Rickettsiales;Rickettsiaceae;Rickettsieae;Candidatus Trichorickettsia;Candidatus Trichorickettsia mobilis	9	5	11	12	2	1
818	Bacteroides thetaiotaomicron	species	cellular organisms;Bacteria;Pseudomonadati;FCB group;Bacteroidota/Chlorobiota group;Bacteroidota;Bacteroidia;Bacteroidales;Bacteroidaceae;Bacteroides;Bacteroides thetaiotaomicron	2	1	0	1	0	4
3066217	Cardinium endosymbiont of Nabis limbatus	species	cellular organisms;Bacteria;Pseudomonadati;FCB group;Bacteroidota/Chlorobiota group;Bacteroidota;Cytophagia;Cytophagales;Amoebophilaceae;Candidatus Cardinium;unclassified Candidatus Cardinium;Cardinium endosymbiont of Nabis limbatus	18	34	36	347	42	6
570267	Methanocella paludicola	species	cellular organisms;Archaea;Methanobacteriati;Methanobacteriota;Stenosarchaea group;Methanomicrobia;Methanocellales;Methanocellaceae;Methanocella;Methanocella paludicola	2	0	0	0	0	0
61645	Enterobacter asburiae	species	cellular organisms;Bacteria;Pseudomonadati;Pseudomonadota;Gammaproteobacteria;Enterobacterales;Enterobacteriaceae;Enterobacter;Enterobacter cloacae complex;Enterobacter asburiae	16	20	0	141	222	1
2627773	unclassified Conexibacter	no rank	cellular organisms;Bacteria;Bacillati;Actinomycetota;Thermoleophilia;Solirubrobacterales;Conexibacteraceae;Conexibacter;unclassified Conexibacter	3	7	2	4	0	0
4890	Ascomycota	phylum	cellular organisms;Eukaryota;Opisthokonta;Fungi;Dikarya;Ascomycota	1	1	1	4	0	1
1649453	Gimesia	genus	cellular organisms;Bacteria;Pseudomonadati;PVC group;Planctomycetota;Planctomycetia;Planctomycetales;Planctomycetaceae;Gimesia	1	0	0	0	0	0
3379134	Pseudomonadati	kingdom	cellular organisms;Bacteria;Pseudomonadati	36	81	178	426	401	87739
75	Caulobacter	genus	cellular organisms;Bacteria;Pseudomonadati;Pseudomonadota;Alphaproteobacteria;Caulobacterales;Caulobacteraceae;Caulobacter	1	1	1	3	4	0
198251	Candidatus Pelagibacter	genus	cellular organisms;Bacteria;Pseudomonadati;Pseudomonadota;Alphaproteobacteria;Candidatus Pelagibacterales;Candidatus Pelagibacteraceae;Candidatus Pelagibacter	2	1	0	3	0	0
36914	Lodderomyces elongisporus	species	cellular organisms;Eukaryota;Opisthokonta;Fungi;Dikarya;Ascomycota;saccharomyceta;Saccharomycotina;Pichiomycetes;Serinales;Debaryomycetaceae;Candida/Lodderomyces clade;Lodderomyces;Lodderomyces elongisporus	1	8	0	18	0	0
716545	saccharomyceta	clade	cellular organisms;Eukaryota;Opisthokonta;Fungi;Dikarya;Ascomycota;saccharomyceta	7	14	18	100	20	5
2528025	Stieleria bergensis	species	cellular organisms;Bacteria;Pseudomonadati;PVC group;Planctomycetota;Planctomycetia;Pirellulales;Pirellulaceae;Stieleria;Stieleria bergensis	1	0	0	0	0	0
408	Methylorubrum extorquens	species	cellular organisms;Bacteria;Pseudomonadati;Pseudomonadota;Alphaproteobacteria;Hyphomicrobiales;Methylobacteriaceae;Methylorubrum;Methylorubrum extorquens	1	0	1	2	0	0
1716	Corynebacterium	genus	cellular organisms;Bacteria;Bacillati;Actinomycetota;Actinomycetes;Mycobacteriales;Corynebacteriaceae;Corynebacterium	10	7	15	725	43155	16
4896	Schizosaccharomyces pombe	species	cellular organisms;Eukaryota;Opisthokonta;Fungi;Dikarya;Ascomycota;Taphrinomycotina;Schizosaccharomycetes;Schizosaccharomycetales;Schizosaccharomycetaceae;Schizosaccharomyces;Schizosaccharomyces pombe	2	6	6	21	2	1
2593676	unclassified Streptomyces	no rank	cellular organisms;Bacteria;Bacillati;Actinomycetota;Actinomycetes;Kitasatosporales;Streptomycetaceae;Streptomyces;unclassified Streptomyces	2	0	0	1	2	0
1750527	Roseomonas fluvialis	species	cellular organisms;Bacteria;Pseudomonadati;Pseudomonadota;Alphaproteobacteria;Acetobacterales;Roseomonadaceae;Roseomonas;Roseomonas fluvialis	3	9	2	10	2	0
227873	Pannonibacter	genus	cellular organisms;Bacteria;Pseudomonadati;Pseudomonadota;Alphaproteobacteria;Hyphomicrobiales;Stappiaceae;Pannonibacter	7	8	6	118	3	0
5654	Trypanosomatidae	family	cellular organisms;Eukaryota;Discoba;Euglenozoa;Kinetoplastea;Metakinetoplastina;Trypanosomatida;Trypanosomatidae	1	9	0	1	0	2
2575872	Bauldia sp.	species	cellular organisms;Bacteria;Pseudomonadati;Pseudomonadota;Alphaproteobacteria;Hyphomicrobiales;Kaistiaceae;Bauldia;unclassified Bauldia;Bauldia sp.	3	1	1	0	0	0
160791	Rhizorhabdus wittichii	species	cellular organisms;Bacteria;Pseudomonadati;Pseudomonadota;Alphaproteobacteria;Sphingomonadales;Rhizorhabdaceae;Rhizorhabdus;Rhizorhabdus wittichii	1	1	0	0	0	0
3708	Brassica napus	species	cellular organisms;Eukaryota;Viridiplantae;Streptophyta;Streptophytina;Embryophyta;Tracheophyta;Euphyllophyta;Spermatophyta;Magnoliopsida;Mesangiospermae;eudicotyledons;Gunneridae;Pentapetalae;rosids;malvids;Brassicales;Brassicaceae;Brassiceae;Brassica;Brassica napus	13	63	30	118	6	5
1701758	Aureimonas populi	species	cellular organisms;Bacteria;Pseudomonadati;Pseudomonadota;Alphaproteobacteria;Hyphomicrobiales;Aurantimonadaceae;Aureimonas;Aureimonas populi	3	1	0	6	0	0
147537	Saccharomycotina	subphylum	cellular organisms;Eukaryota;Opisthokonta;Fungi;Dikarya;Ascomycota;saccharomyceta;Saccharomycotina	4	15	9	42	13	6
2768161	Roseomonas marmotae	species	cellular organisms;Bacteria;Pseudomonadati;Pseudomonadota;Alphaproteobacteria;Acetobacterales;Roseomonadaceae;Roseomonas;Roseomonas marmotae	4	1	3	3	0	0
412133	Trichomonas vaginalis G3	isolate	cellular organisms;Eukaryota;Metamonada;Parabasalia;Trichomonadida;Trichomonadidae;Trichomonas;Trichomonas vaginalis;Trichomonas vaginalis G3	6	6	82	139	0	0
5139	Sordariales	order	cellular organisms;Eukaryota;Opisthokonta;Fungi;Dikarya;Ascomycota;saccharomyceta;Pezizomycotina;leotiomyceta;sordariomyceta;Sordariomycetes;Sordariomycetidae;Sordariales	4	10	18	16	1	0
44689	Dictyostelium discoideum	species	cellular organisms;Eukaryota;Amoebozoa;Evosea;Eumycetozoa;Dictyostelia;Dictyosteliales;Dictyosteliaceae;Dictyostelium;Dictyostelium discoideum	1	2	3	8	0	0
3055080	Stenotrophomonas pigmentata	species	cellular organisms;Bacteria;Pseudomonadati;Pseudomonadota;Gammaproteobacteria;Lysobacterales;Lysobacteraceae;Stenotrophomonas;Stenotrophomonas pigmentata	1	0	0	0	0	0
2005462	Calothrix sp. NIES-3974	species	cellular organisms;Bacteria;Bacillati;Cyanobacteriota/Melainabacteria group;Cyanobacteriota;Cyanophyceae;Nostocales;Calotrichaceae;Calothrix;unclassified Calothrix;Calothrix sp. NIES-3974	1	0	0	0	0	0
1497974	Georgenia sp. SUBG003	species	cellular organisms;Bacteria;Bacillati;Actinomycetota;Actinomycetes;Allobogoriellales;Allobogoriellaceae;Georgenia;unclassified Georgenia;Georgenia sp. SUBG003	4	6	5	11	36	2
58135	Desulfofundulus kuznetsovii	species	cellular organisms;Bacteria;Bacillati;Bacillota;Clostridia;Eubacteriales;Peptococcaceae;Desulfofundulus;Desulfofundulus kuznetsovii	1	0	1	0	0	0
78543	Pseudomonas migulae	species	cellular organisms;Bacteria;Pseudomonadati;Pseudomonadota;Gammaproteobacteria;Pseudomonadales;Pseudomonadaceae;Pseudomonas;Pseudomonas fluorescens group;Pseudomonas migulae	11	29	31	340	32	3
3064829	Radicibacter daui	species	cellular organisms;Bacteria;Pseudomonadati;Pseudomonadota;Alphaproteobacteria;Radicibacterales;Radicibacteraceae;Radicibacter;Radicibacter daui	2	3	2	2	0	0
85015	Nocardioidaceae	family	cellular organisms;Bacteria;Bacillati;Actinomycetota;Actinomycetes;Propionibacteriales;Nocardioidaceae	12	25	10	18	3	1
9	Buchnera aphidicola	species	cellular organisms;Bacteria;Pseudomonadati;Pseudomonadota;Gammaproteobacteria;Enterobacterales;Erwiniaceae;Buchnera;Buchnera aphidicola	2	2	0	0	0	0
28216	Betaproteobacteria	class	cellular organisms;Bacteria;Pseudomonadati;Pseudomonadota;Betaproteobacteria	2	1	7	10	1	57
133	Methylocystis	genus	cellular organisms;Bacteria;Pseudomonadati;Pseudomonadota;Alphaproteobacteria;Hyphomicrobiales;Methylocystaceae;Methylocystis	6	12	13	8	3	1
1107	Chloroflexus	genus	cellular organisms;Bacteria;Bacillati;Chloroflexota;Chloroflexia;Chloroflexales;Chloroflexineae;Chloroflexaceae;Chloroflexus	2	5	7	5	1	0
716546	leotiomyceta	clade	cellular organisms;Eukaryota;Opisthokonta;Fungi;Dikarya;Ascomycota;saccharomyceta;Pezizomycotina;leotiomyceta	27	53	69	152	14	5
327045	Orthoretrovirinae	subfamily	Viruses;Riboviria;Pararnavirae;Artverviricota;Revtraviricetes;Ortervirales;Retroviridae;Orthoretrovirinae	2	37	10	124	1293	26
82115	Rhizobiaceae	family	cellular organisms;Bacteria;Pseudomonadati;Pseudomonadota;Alphaproteobacteria;Hyphomicrobiales;Rhizobiaceae	3	0	2	42	1	2
222	Achromobacter	genus	cellular organisms;Bacteria;Pseudomonadati;Pseudomonadota;Betaproteobacteria;Burkholderiales;Alcaligenaceae;Achromobacter	2	9	5	0	22	57
2231721	Muricoccus radiodurans	species	cellular organisms;Bacteria;Pseudomonadati;Pseudomonadota;Alphaproteobacteria;Acetobacterales;Roseomonadaceae;Muricoccus;Muricoccus radiodurans	1	0	0	0	0	0
204457	Sphingomonadales	order	cellular organisms;Bacteria;Pseudomonadati;Pseudomonadota;Alphaproteobacteria;Sphingomonadales	6	16	14	37	15	8
265	Paracoccus	genus	cellular organisms;Bacteria;Pseudomonadati;Pseudomonadota;Alphaproteobacteria;Rhodobacterales;Paracoccaceae;Paracoccus	1	0	0	0	2	0
766	Rickettsiales	order	cellular organisms;Bacteria;Pseudomonadati;Pseudomonadota;Alphaproteobacteria;Rickettsiales	8	5	6	7	3	0
5820	Plasmodium	genus	cellular organisms;Eukaryota;Sar;Alveolata;Apicomplexa;Aconoidasida;Haemosporida;Plasmodiidae;Plasmodium	3	1	0	3	0	0
313985	Trichlorobacter lovleyi	species	cellular organisms;Bacteria;Pseudomonadati;Thermodesulfobacteriota;Desulfuromonadia;Geobacterales;Geobacteraceae;Trichlorobacter;Trichlorobacter lovleyi	1	0	0	0	0	0
3035935	Marinivivus vitaminiproducens	species	cellular organisms;Bacteria;Pseudomonadati;Pseudomonadota;Alphaproteobacteria;Geminicoccales;Geminicoccaceae;Marinivivus;Marinivivus vitaminiproducens	2	2	4	6	2	0
2572090	Nostoc sp. TCL240-02	species	cellular organisms;Bacteria;Bacillati;Cyanobacteriota/Melainabacteria group;Cyanobacteriota;Cyanophyceae;Nostocales;Nostocaceae;Nostoc;unclassified Nostoc;Nostoc sp. TCL240-02	10	16	18	20	2	4
153232	Oceanicaulis	genus	cellular organisms;Bacteria;Pseudomonadati;Pseudomonadota;Alphaproteobacteria;Maricaulales;Maricaulaceae;Oceanicaulis	7	10	2	10	4	1
1922226	Anderseniella sp. Alg231-50	species	cellular organisms;Bacteria;Pseudomonadati;Pseudomonadota;Alphaproteobacteria;Hyphomicrobiales;Parvibaculaceae;Anderseniella;unclassified Anderseniella;Anderseniella sp. Alg231-50	1	2	1	1	0	0
135618	Methylococcales	order	cellular organisms;Bacteria;Pseudomonadati;Pseudomonadota;Gammaproteobacteria;Methylococcales	3	2	2	7	0	0
32615	Puma lentivirus 14	no rank	Viruses;Riboviria;Pararnavirae;Artverviricota;Revtraviricetes;Ortervirales;Retroviridae;Orthoretrovirinae;Lentivirus;Lentivirus pum;Puma lentivirus;Puma lentivirus 14	5	124	44	294	2862	57
11768	Feline leukemia virus	no rank	Viruses;Riboviria;Pararnavirae;Artverviricota;Revtraviricetes;Ortervirales;Retroviridae;Orthoretrovirinae;Gammaretrovirus;Gammaretrovirus felleu;Feline leukemia virus	3	0	0	0	0	2
28256	Halomonadaceae	family	cellular organisms;Bacteria;Pseudomonadati;Pseudomonadota;Gammaproteobacteria;Oceanospirillales;Halomonadaceae	6	8	2	8	0	1
367110	Neurospora crassa OR74A	strain	cellular organisms;Eukaryota;Opisthokonta;Fungi;Dikarya;Ascomycota;saccharomyceta;Pezizomycotina;leotiomyceta;sordariomyceta;Sordariomycetes;Sordariomycetidae;Sordariales;Sordariaceae;Neurospora;Neurospora crassa;Neurospora crassa OR74A	6	6	9	6	3	0
75682	Oxalobacteraceae	family	cellular organisms;Bacteria;Pseudomonadati;Pseudomonadota;Betaproteobacteria;Burkholderiales;Oxalobacteraceae	2	0	0	0	0	0
390876	Nisaea	genus	cellular organisms;Bacteria;Pseudomonadati;Pseudomonadota;Alphaproteobacteria;Rhodospirillales;Thalassobaculaceae;Nisaea	3	5	2	9	0	0
212123	Wolbachia endosymbiont of Ctenocephalides felis	species	cellular organisms;Bacteria;Pseudomonadati;Pseudomonadota;Alphaproteobacteria;Rickettsiales;Anaplasmataceae;Wolbachieae;Wolbachia;unclassified Wolbachia;Wolbachia endosymbiont of Ctenocephalides felis	3	5	8	5	0	0
194443	Primate T-lymphotropic virus 3	no rank	Viruses;Riboviria;Pararnavirae;Artverviricota;Revtraviricetes;Ortervirales;Retroviridae;Orthoretrovirinae;Deltaretrovirus;Deltaretrovirus priTlym3;Primate T-lymphotropic virus 3	1	0	0	0	0	0
117187	Fusarium verticillioides	species	cellular organisms;Eukaryota;Opisthokonta;Fungi;Dikarya;Ascomycota;saccharomyceta;Pezizomycotina;leotiomyceta;sordariomyceta;Sordariomycetes;Hypocreomycetidae;Hypocreales;Nectriaceae;Fusarium;Fusarium fujikuroi species complex;Fusarium verticillioides	2	2	0	4	0	0
256821	Gulosibacter molinativorax	species	cellular organisms;Bacteria;Bacillati;Actinomycetota;Actinomycetes;Micrococcales;Microbacteriaceae;Gulosibacter;Gulosibacter molinativorax	1	0	0	0	0	0
41275	Brevundimonas	genus	cellular organisms;Bacteria;Pseudomonadati;Pseudomonadota;Alphaproteobacteria;Caulobacterales;Caulobacteraceae;Brevundimonas	2	1	0	1	9	0
2306583	Halomonas sp. JS92-SW72	species	cellular organisms;Bacteria;Pseudomonadati;Pseudomonadota;Gammaproteobacteria;Oceanospirillales;Halomonadaceae;Halomonas;unclassified Halomonas;Halomonas sp. JS92-SW72	1	0	9	2	0	0
254246	Aquicella lusitana	species	cellular organisms;Bacteria;Pseudomonadati;Pseudomonadota;Gammaproteobacteria;Legionellales;Coxiellaceae;Aquicella;Aquicella lusitana	2	0	2	2	0	0
1703338	Croceicoccus sp. Ery15	species	cellular organisms;Bacteria;Pseudomonadati;Pseudomonadota;Alphaproteobacteria;Sphingomonadales;Erythrobacteraceae;Croceicoccus;unclassified Croceicoccus;Croceicoccus sp. Ery15	2	1	1	3	1	0
2552947	Candidatus Magnetomonas plexicatena	species	cellular organisms;Bacteria;Pseudomonadati;Nitrospirota;Nitrospiria;Candidatus Magnetomonas;Candidatus Magnetomonas plexicatena	1	1	1	1	0	0
1894999	Enhydrobacter sp.	species	cellular organisms;Bacteria;Pseudomonadati;Pseudomonadota;Alphaproteobacteria;Hyphomicrobiales;Hyphomicrobiales incertae sedis;Enhydrobacter;unclassified Enhydrobacter;Enhydrobacter sp.	1	0	3	0	0	0
69277	Phyllobacteriaceae	family	cellular organisms;Bacteria;Pseudomonadati;Pseudomonadota;Alphaproteobacteria;Hyphomicrobiales;Phyllobacteriaceae	6	20	11	21	220	21
953	Wolbachia	genus	cellular organisms;Bacteria;Pseudomonadati;Pseudomonadota;Alphaproteobacteria;Rickettsiales;Anaplasmataceae;Wolbachieae;Wolbachia	2	1	5	2	0	0
122368	Cercospora beticola	species	cellular organisms;Eukaryota;Opisthokonta;Fungi;Dikarya;Ascomycota;saccharomyceta;Pezizomycotina;leotiomyceta;dothideomyceta;Dothideomycetes;Dothideomycetidae;Mycosphaerellales;Mycosphaerellaceae;Cercospora;Cercospora beticola	6	3	7	6	0	0
3385906	Roseomonadaceae	family	cellular organisms;Bacteria;Pseudomonadati;Pseudomonadota;Alphaproteobacteria;Acetobacterales;Roseomonadaceae	3	11	7	11	2	0
5478	Nakaseomyces glabratus	species	cellular organisms;Eukaryota;Opisthokonta;Fungi;Dikarya;Ascomycota;saccharomyceta;Saccharomycotina;Saccharomycetes;Saccharomycetales;Saccharomycetaceae;Nakaseomyces;Nakaseomyces glabratus	1	4	7	39	0	0
13687	Sphingomonas	genus	cellular organisms;Bacteria;Pseudomonadati;Pseudomonadota;Alphaproteobacteria;Sphingomonadales;Sphingomonadaceae;Sphingomonas	1	0	3	0	2	1
1486262	Martelella endophytica	species	cellular organisms;Bacteria;Pseudomonadati;Pseudomonadota;Alphaproteobacteria;Hyphomicrobiales;Aurantimonadaceae;Martelella;Martelella endophytica	1	0	0	1	0	0
588596	Rhizophagus irregularis	species	cellular organisms;Eukaryota;Opisthokonta;Fungi;Fungi incertae sedis;Mucoromycota;Glomeromycotina;Glomeromycetes;Glomerales;Glomeraceae;Rhizophagus;Rhizophagus irregularis	2	7	3	55	1	0
555315	Ensifer canadensis	species	cellular organisms;Bacteria;Pseudomonadati;Pseudomonadota;Alphaproteobacteria;Hyphomicrobiales;Rhizobiaceae;Sinorhizobium/Ensifer group;Ensifer;Ensifer canadensis	3	0	0	0	0	0
1597781	Eleftheria terrae	species	cellular organisms;Bacteria;Pseudomonadati;Pseudomonadota;Betaproteobacteria;Burkholderiales;Burkholderiales genera incertae sedis;Eleftheria;Eleftheria terrae	3	8	3	20	0	1
2831106	Devosiaceae	family	cellular organisms;Bacteria;Pseudomonadati;Pseudomonadota;Alphaproteobacteria;Hyphomicrobiales;Devosiaceae	2	1	5	2	3	0
5270	Mycosarcoma maydis	species	cellular organisms;Eukaryota;Opisthokonta;Fungi;Dikarya;Basidiomycota;Ustilaginomycotina;Ustilaginomycetes;Ustilaginales;Ustilaginales incertae sedis;Mycosarcoma;Mycosarcoma maydis	4	4	10	173	1	0
1085644	Allofrancisella frigidaquae	species	cellular organisms;Bacteria;Pseudomonadati;Pseudomonadota;Gammaproteobacteria;Thiotrichales;Francisellaceae;Allofrancisella;Allofrancisella frigidaquae	1	10	28	138	0	1
2842664	Emesvirus	genus	Viruses;Riboviria;Orthornavirae;Lenarviricota;Leviviricetes;Norzivirales;Fiersviridae;Emesvirus	3	18	31	48	61	15
126	Planctomycetaceae	family	cellular organisms;Bacteria;Pseudomonadati;PVC group;Planctomycetota;Planctomycetia;Planctomycetales;Planctomycetaceae	2	0	0	1	0	0
2635419	unclassified Tessaracoccus	no rank	cellular organisms;Bacteria;Bacillati;Actinomycetota;Actinomycetes;Propionibacteriales;Propionibacteriaceae;Tessaracoccus;unclassified Tessaracoccus	2	0	0	0	0	0
64462	Walleye epidermal hyperplasia virus 1	no rank	Viruses;Riboviria;Pararnavirae;Artverviricota;Revtraviricetes;Ortervirales;Retroviridae;Orthoretrovirinae;Epsilonretrovirus;Epsilonretrovirus walepihyp1;Walleye epidermal hyperplasia virus 1	2	0	0	3	0	0
2201350	Phenylobacterium parvum	species	cellular organisms;Bacteria;Pseudomonadati;Pseudomonadota;Alphaproteobacteria;Caulobacterales;Caulobacteraceae;Phenylobacterium;Phenylobacterium parvum	4	3	1	0	0	0
147541	Dothideomycetes	class	cellular organisms;Eukaryota;Opisthokonta;Fungi;Dikarya;Ascomycota;saccharomyceta;Pezizomycotina;leotiomyceta;dothideomyceta;Dothideomycetes	1	0	1	0	1	0
287	Pseudomonas aeruginosa	species	cellular organisms;Bacteria;Pseudomonadati;Pseudomonadota;Gammaproteobacteria;Pseudomonadales;Pseudomonadaceae;Pseudomonas;Pseudomonas aeruginosa group;Pseudomonas aeruginosa	2	1	2	2	10	197
5864	Babesia	genus	cellular organisms;Eukaryota;Sar;Alveolata;Apicomplexa;Aconoidasida;Piroplasmida;Babesiidae;Babesia	1	0	0	0	0	0
223818	Malassezia japonica	species	cellular organisms;Eukaryota;Opisthokonta;Fungi;Dikarya;Basidiomycota;Ustilaginomycotina;Malasseziomycetes;Malasseziales;Malasseziaceae;Malassezia;Malassezia japonica	3	1	2	8	0	1
3402688	Legionella sp. D16C41	species	cellular organisms;Bacteria;Pseudomonadati;Pseudomonadota;Gammaproteobacteria;Legionellales;Legionellaceae;Legionella;unclassified Legionella;Legionella sp. D16C41	1	0	1	0	0	0
330879	Aspergillus fumigatus Af293	strain	cellular organisms;Eukaryota;Opisthokonta;Fungi;Dikarya;Ascomycota;saccharomyceta;Pezizomycotina;leotiomyceta;Eurotiomycetes;Eurotiomycetidae;Eurotiales;Aspergillaceae;Aspergillus;Aspergillus subgen. Fumigati;Aspergillus fumigatus;Aspergillus fumigatus Af293	1	0	0	1	0	0
3053610	Pseudoblastomonas flavescens	species	cellular organisms;Bacteria;Pseudomonadati;Pseudomonadota;Alphaproteobacteria;Sphingomonadales;Erythrobacteraceae;Pseudoblastomonas;Pseudoblastomonas flavescens	1	0	0	1	0	0
2304600	Breoghania sp. L-A4	species	cellular organisms;Bacteria;Pseudomonadati;Pseudomonadota;Alphaproteobacteria;Hyphomicrobiales;Stappiaceae;Breoghania;unclassified Breoghania;Breoghania sp. L-A4	1	0	0	0	0	0
208348	Puccinia triticina	species	cellular organisms;Eukaryota;Opisthokonta;Fungi;Dikarya;Basidiomycota;Pucciniomycotina;Pucciniomycetes;Pucciniales;Pucciniaceae;Puccinia;Puccinia triticina	6	19	27	260	12	14
561	Escherichia	genus	cellular organisms;Bacteria;Pseudomonadati;Pseudomonadota;Gammaproteobacteria;Enterobacterales;Enterobacteriaceae;Escherichia	3	7	33	50	62	2
2631404	unclassified Tardiphaga	no rank	cellular organisms;Bacteria;Pseudomonadati;Pseudomonadota;Alphaproteobacteria;Hyphomicrobiales;Nitrobacteraceae;Tardiphaga;unclassified Tardiphaga	1	2	1	7	2	0
869250	Theileria orientalis strain Shintoku	strain	cellular organisms;Eukaryota;Sar;Alveolata;Apicomplexa;Aconoidasida;Piroplasmida;Theileriidae;Theileria;Theileria orientalis;Theileria orientalis strain Shintoku	1	1	0	0	0	0
28901	Salmonella enterica	species	cellular organisms;Bacteria;Pseudomonadati;Pseudomonadota;Gammaproteobacteria;Enterobacterales;Enterobacteriaceae;Salmonella;Salmonella enterica	1	16	179	1699	410	7757
859058	Caenispirillum salinarum	species	cellular organisms;Bacteria;Pseudomonadati;Pseudomonadota;Alphaproteobacteria;Rhodospirillales;Novispirillaceae;Caenispirillum;Caenispirillum salinarum	7	19	11	26	2	3
77551	Wolbachia endosymbiont of Onchocerca volvulus	species	cellular organisms;Bacteria;Pseudomonadati;Pseudomonadota;Alphaproteobacteria;Rickettsiales;Anaplasmataceae;Wolbachieae;Wolbachia;unclassified Wolbachia;Wolbachia endosymbiont of Onchocerca volvulus	1	0	0	0	0	0
1295531	Cryptococcus depauperatus CBS 7841	strain	cellular organisms;Eukaryota;Opisthokonta;Fungi;Dikarya;Basidiomycota;Agaricomycotina;Tremellomycetes;Tremellales;Cryptococcaceae;Cryptococcus;Cryptococcus depauperatus;Cryptococcus depauperatus CBS 7841	3	2	0	3	2	0
53399	Hyphomicrobium denitrificans	species	cellular organisms;Bacteria;Pseudomonadati;Pseudomonadota;Alphaproteobacteria;Hyphomicrobiales;Hyphomicrobiaceae;Hyphomicrobium;Hyphomicrobium denitrificans	1	4	1	1	1	0
782	Rickettsia prowazekii	species	cellular organisms;Bacteria;Pseudomonadati;Pseudomonadota;Alphaproteobacteria;Rickettsiales;Rickettsiaceae;Rickettsieae;Rickettsia;typhus group;Rickettsia prowazekii	1	0	0	0	0	0
2602016	Hypericibacter adhaerens	species	cellular organisms;Bacteria;Pseudomonadati;Pseudomonadota;Alphaproteobacteria;Rhodospirillales;Dongiaceae;Hypericibacter;Hypericibacter adhaerens	2	0	0	0	0	0
2528026	Maioricimonas rarisocia	species	cellular organisms;Bacteria;Pseudomonadati;PVC group;Planctomycetota;Planctomycetia;Planctomycetales;Planctomycetaceae;Maioricimonas;Maioricimonas rarisocia	1	0	0	0	0	0
3028117	Cyanophyceae	class	cellular organisms;Bacteria;Bacillati;Cyanobacteriota/Melainabacteria group;Cyanobacteriota;Cyanophyceae	1	0	2	4	0	5
2621675	unclassified Dactylosporangium	no rank	cellular organisms;Bacteria;Bacillati;Actinomycetota;Actinomycetes;Micromonosporales;Micromonosporaceae;Dactylosporangium;unclassified Dactylosporangium	1	0	0	0	0	0
45404	Beijerinckiaceae	family	cellular organisms;Bacteria;Pseudomonadati;Pseudomonadota;Alphaproteobacteria;Hyphomicrobiales;Beijerinckiaceae	1	0	0	0	0	0
2908651	Ornithinimicrobium sp. INDO-MA30-4	species	cellular organisms;Bacteria;Bacillati;Actinomycetota;Actinomycetes;Micrococcales;Ornithinimicrobiaceae;Ornithinimicrobium;unclassified Ornithinimicrobium;Ornithinimicrobium sp. INDO-MA30-4	1	0	3	0	0	0
942	Anaplasmataceae	family	cellular organisms;Bacteria;Pseudomonadati;Pseudomonadota;Alphaproteobacteria;Rickettsiales;Anaplasmataceae	1	0	1	3	0	0
768507	Cytophagales	order	cellular organisms;Bacteria;Pseudomonadati;FCB group;Bacteroidota/Chlorobiota group;Bacteroidota;Cytophagia;Cytophagales	1	0	0	0	1	0
2800061	Maricaulaceae	family	cellular organisms;Bacteria;Pseudomonadati;Pseudomonadota;Alphaproteobacteria;Maricaulales;Maricaulaceae	2	1	1	3	0	0
3682580	Pseudomonas sp. XS1P51	species	cellular organisms;Bacteria;Pseudomonadati;Pseudomonadota;Gammaproteobacteria;Pseudomonadales;Pseudomonadaceae;Pseudomonas;unclassified Pseudomonas;Pseudomonas sp. XS1P51	1	1	1	9	0	0
90964	Staphylococcaceae	family	cellular organisms;Bacteria;Bacillati;Bacillota;Bacilli;Bacillales;Staphylococcaceae	2	0	5	13	499103	3
3372857	Parabacteroides sp. APC149_11_2_Y6	species	cellular organisms;Bacteria;Pseudomonadati;FCB group;Bacteroidota/Chlorobiota group;Bacteroidota;Bacteroidia;Bacteroidales;Tannerellaceae;Parabacteroides;unclassified Parabacteroides;Parabacteroides sp. APC149_11_2_Y6	1	0	0	0	0	0
69666	Caulobacter mirabilis	species	cellular organisms;Bacteria;Pseudomonadati;Pseudomonadota;Alphaproteobacteria;Caulobacterales;Caulobacteraceae;Caulobacter;Caulobacter mirabilis	1	0	0	0	0	0
281120	Candidatus Amoebophilus asiaticus	species	cellular organisms;Bacteria;Pseudomonadati;FCB group;Bacteroidota/Chlorobiota group;Bacteroidota;Cytophagia;Cytophagales;Amoebophilaceae;Candidatus Amoebophilus;Candidatus Amoebophilus asiaticus	1	2	1	14	0	0
256618	Parvibaculum lavamentivorans	species	cellular organisms;Bacteria;Pseudomonadati;Pseudomonadota;Alphaproteobacteria;Hyphomicrobiales;Parvibaculaceae;Parvibaculum;Parvibaculum lavamentivorans	1	1	0	0	0	0
2854170	Roseobacteraceae	family	cellular organisms;Bacteria;Pseudomonadati;Pseudomonadota;Alphaproteobacteria;Rhodobacterales;Roseobacteraceae	3	1	1	0	0	0
1549855	Haematospirillum jordaniae	species	cellular organisms;Bacteria;Pseudomonadati;Pseudomonadota;Alphaproteobacteria;Rhodospirillales;Novispirillaceae;Haematospirillum;Haematospirillum jordaniae	2	1	0	0	0	0
1295534	Kwoniella dendrophila CBS 6074	strain	cellular organisms;Eukaryota;Opisthokonta;Fungi;Dikarya;Basidiomycota;Agaricomycotina;Tremellomycetes;Tremellales;Cryptococcaceae;Kwoniella;Kwoniella dendrophila;Kwoniella dendrophila CBS 6074	1	0	1	5	0	0
147550	Sordariomycetes	class	cellular organisms;Eukaryota;Opisthokonta;Fungi;Dikarya;Ascomycota;saccharomyceta;Pezizomycotina;leotiomyceta;sordariomyceta;Sordariomycetes	7	11	12	21	2	2
2724527	Parasphingopyxis sp. CP4	species	cellular organisms;Bacteria;Pseudomonadati;Pseudomonadota;Alphaproteobacteria;Sphingomonadales;Parasphingopyxidaceae;Parasphingopyxis;unclassified Parasphingopyxis;Parasphingopyxis sp. CP4	1	0	0	0	0	0
34406	Colletotrichum destructivum	species	cellular organisms;Eukaryota;Opisthokonta;Fungi;Dikarya;Ascomycota;saccharomyceta;Pezizomycotina;leotiomyceta;sordariomyceta;Sordariomycetes;Hypocreomycetidae;Glomerellales;Glomerellaceae;Colletotrichum;Colletotrichum destructivum species complex;Colletotrichum destructivum	4	2	0	14	0	0
204525	Teichococcus cervicalis	species	cellular organisms;Bacteria;Pseudomonadati;Pseudomonadota;Alphaproteobacteria;Acetobacterales;Roseomonadaceae;Roseomonas;Teichococcus cervicalis	1	0	1	2	0	0
876142	Encephalitozoon intestinalis ATCC 50506	strain	cellular organisms;Eukaryota;Opisthokonta;Fungi;Fungi incertae sedis;Microsporidia;Apansporoblastina;Unikaryonidae;Encephalitozoon;Encephalitozoon intestinalis;Encephalitozoon intestinalis ATCC 50506	1	1	0	6	0	0
143232	Vanrija pseudolonga	species	cellular organisms;Eukaryota;Opisthokonta;Fungi;Dikarya;Basidiomycota;Agaricomycotina;Tremellomycetes;Trichosporonales;Trichosporonaceae;Vanrija;Vanrija pseudolonga	1	2	1	4	0	0
294	Pseudomonas fluorescens	species	cellular organisms;Bacteria;Pseudomonadati;Pseudomonadota;Gammaproteobacteria;Pseudomonadales;Pseudomonadaceae;Pseudomonas;Pseudomonas fluorescens group;Pseudomonas fluorescens	1	0	2	4	0	0
2219043	Capsulimonas corticalis	species	cellular organisms;Bacteria;Bacillati;Armatimonadota;Armatimonadia;Capsulimonadales;Capsulimonadaceae;Capsulimonas;Capsulimonas corticalis	4	0	0	0	0	0
64898	Aquificaceae	family	cellular organisms;Bacteria;Pseudomonadati;Aquificota;Aquificia;Aquificales;Aquificaceae	1	0	1	1	0	0
111831	Defluviicoccus vanus	species	cellular organisms;Bacteria;Pseudomonadati;Pseudomonadota;Alphaproteobacteria;Rhodospirillales;Rhodospirillaceae;Defluviicoccus;Defluviicoccus vanus	1	0	0	1	0	0
580	Kluyvera cryocrescens	species	cellular organisms;Bacteria;Pseudomonadati;Pseudomonadota;Gammaproteobacteria;Enterobacterales;Enterobacteriaceae;Kluyvera;Kluyvera cryocrescens	2	3	1	268	0	3
2005262	Candidatus Legionella polyplacis	species	cellular organisms;Bacteria;Pseudomonadati;Pseudomonadota;Gammaproteobacteria;Legionellales;Legionellaceae;Legionella;Candidatus Legionella polyplacis	1	1	6	2	0	1
135621	Pseudomonadaceae	family	cellular organisms;Bacteria;Pseudomonadati;Pseudomonadota;Gammaproteobacteria;Pseudomonadales;Pseudomonadaceae	1	1	1	0	0	82
244582	Candidatus Paracaedibacter symbiosus	species	cellular organisms;Bacteria;Pseudomonadati;Pseudomonadota;Alphaproteobacteria;Holosporales;Candidatus Paracaedibacteraceae;Candidatus Paracaedibacter;Candidatus Paracaedibacter symbiosus	2	0	0	1	0	0
2631580	unclassified Bradyrhizobium	no rank	cellular organisms;Bacteria;Pseudomonadati;Pseudomonadota;Alphaproteobacteria;Hyphomicrobiales;Nitrobacteraceae;Bradyrhizobium;unclassified Bradyrhizobium	1	1	0	0	0	1
1030	Thiothrix	genus	cellular organisms;Bacteria;Pseudomonadati;Pseudomonadota;Gammaproteobacteria;Thiotrichales;Thiotrichaceae;Thiothrix	2	3	3	3	0	1
1775403	Nevskiales	order	cellular organisms;Bacteria;Pseudomonadati;Pseudomonadota;Gammaproteobacteria;Nevskiales	1	0	0	0	0	0
1853130	Pseudomonas silesiensis	species	cellular organisms;Bacteria;Pseudomonadati;Pseudomonadota;Gammaproteobacteria;Pseudomonadales;Pseudomonadaceae;Pseudomonas;Pseudomonas silesiensis	2	4	8	13	0	3
1931238	Pelagibius sp.	species	cellular organisms;Bacteria;Pseudomonadati;Pseudomonadota;Alphaproteobacteria;Rhodospirillales;Rhodovibrionaceae;Pelagibius;unclassified Pelagibius;Pelagibius sp.	1	2	0	1	0	0
1515	Acetivibrio thermocellus	species	cellular organisms;Bacteria;Bacillati;Bacillota;Clostridia;Acetivibrionales;Acetivibrionaceae;Acetivibrio;Acetivibrio thermocellus	1	0	4	4	0	38
675864	Auraticoccus monumenti	species	cellular organisms;Bacteria;Bacillati;Actinomycetota;Actinomycetes;Propionibacteriales;Propionibacteriaceae;Auraticoccus;Auraticoccus monumenti	2	0	0	0	0	0
291208	Australozyma saopauloensis	species	cellular organisms;Eukaryota;Opisthokonta;Fungi;Dikarya;Ascomycota;saccharomyceta;Saccharomycotina;Pichiomycetes;Serinales;Metschnikowiaceae;Australozyma;Australozyma saopauloensis	3	0	1	2	29	0
196773	unclassified Devosia	no rank	cellular organisms;Bacteria;Pseudomonadati;Pseudomonadota;Alphaproteobacteria;Hyphomicrobiales;Devosiaceae;Devosia;unclassified Devosia	1	0	1	0	0	0
779	Ehrlichia ruminantium	species	cellular organisms;Bacteria;Pseudomonadati;Pseudomonadota;Alphaproteobacteria;Rickettsiales;Anaplasmataceae;Ehrlichia;canis group;Ehrlichia ruminantium	1	0	0	0	0	0
452284	Ustilaginomycotina	subphylum	cellular organisms;Eukaryota;Opisthokonta;Fungi;Dikarya;Basidiomycota;Ustilaginomycotina	4	2	0	42	1	0
106591	Ensifer	genus	cellular organisms;Bacteria;Pseudomonadati;Pseudomonadota;Alphaproteobacteria;Hyphomicrobiales;Rhizobiaceae;Sinorhizobium/Ensifer group;Ensifer	1	0	0	1	0	0
1785128	Acinetobacter lactucae	species	cellular organisms;Bacteria;Pseudomonadati;Pseudomonadota;Gammaproteobacteria;Moraxellales;Moraxellaceae;Acinetobacter;Acinetobacter calcoaceticus/baumannii complex;Acinetobacter lactucae	3	1	0	11	3	1
41297	Sphingomonadaceae	family	cellular organisms;Bacteria;Pseudomonadati;Pseudomonadota;Alphaproteobacteria;Sphingomonadales;Sphingomonadaceae	2	16	5	9	1	1
1161	Nostocales	order	cellular organisms;Bacteria;Bacillati;Cyanobacteriota/Melainabacteria group;Cyanobacteriota;Cyanophyceae;Nostocales	2	1	0	0	1	0
171436	Tistrella	genus	cellular organisms;Bacteria;Pseudomonadati;Pseudomonadota;Alphaproteobacteria;Geminicoccales;Geminicoccaceae;Tistrella	4	9	13	12	1	0
1921001	Candidatus Bealeia paramacronuclearis	species	cellular organisms;Bacteria;Pseudomonadati;Pseudomonadota;Alphaproteobacteria;Holosporales;Holosporaceae;Candidatus Bealeia;Candidatus Bealeia paramacronuclearis	1	1	0	2	0	0
1882438	Mucilaginibacter sp.	species	cellular organisms;Bacteria;Pseudomonadati;FCB group;Bacteroidota/Chlorobiota group;Bacteroidota;Sphingobacteriia;Sphingobacteriales;Sphingobacteriaceae;Mucilaginibacter;unclassified Mucilaginibacter;Mucilaginibacter sp.	1	1	2	0	0	0
682522	Ilumatobacter	genus	cellular organisms;Bacteria;Bacillati;Actinomycetota;Acidimicrobiia;Acidimicrobiales;Ilumatobacteraceae;Ilumatobacter	1	0	0	0	1	0
558152	Chryseobacterium piperi	species	cellular organisms;Bacteria;Pseudomonadati;FCB group;Bacteroidota/Chlorobiota group;Bacteroidota;Flavobacteriia;Flavobacteriales;Weeksellaceae;Chryseobacterium group;Chryseobacterium;Chryseobacterium piperi	1	0	0	1	0	0
1867719	Phyllobacterium zundukense	species	cellular organisms;Bacteria;Pseudomonadati;Pseudomonadota;Alphaproteobacteria;Hyphomicrobiales;Phyllobacteriaceae;Phyllobacterium;Phyllobacterium zundukense	3	19	0	0	5	0
3066221	Candidatus Mesenet endosymbiont of Phosphuga atrata	species	cellular organisms;Bacteria;Pseudomonadati;Pseudomonadota;Alphaproteobacteria;Rickettsiales;Anaplasmataceae;Candidatus Mesenet;unclassified Candidatus Mesenet;Candidatus Mesenet endosymbiont of Phosphuga atrata	2	4	1	3	0	0
2726189	Novosphingobium terrae	species	cellular organisms;Bacteria;Pseudomonadati;Pseudomonadota;Alphaproteobacteria;Sphingomonadales;Sphingomonadaceae;Novosphingobium;Novosphingobium terrae	4	1	7	9	2	1
278993	Thermincola	genus	cellular organisms;Bacteria;Bacillati;Bacillota;Clostridia;Eubacteriales;Thermincolaceae;Thermincola	1	0	0	0	0	0
120107	Sphingobium cloacae	species	cellular organisms;Bacteria;Pseudomonadati;Pseudomonadota;Alphaproteobacteria;Sphingomonadales;Sphingobiaceae;Sphingobium;Sphingobium cloacae	1	0	0	0	56	0
11709	Human immunodeficiency virus 2	no rank	Viruses;Riboviria;Pararnavirae;Artverviricota;Revtraviricetes;Ortervirales;Retroviridae;Orthoretrovirinae;Lentivirus;Lentivirus humimdef2;Human immunodeficiency virus 2	5	27	18	65	218	18
335929	Erythrobacteraceae	family	cellular organisms;Bacteria;Pseudomonadati;Pseudomonadota;Alphaproteobacteria;Sphingomonadales;Erythrobacteraceae	1	0	0	0	0	0
652716	Prevotella sp. oral taxon 299	species	cellular organisms;Bacteria;Pseudomonadati;FCB group;Bacteroidota/Chlorobiota group;Bacteroidota;Bacteroidia;Bacteroidales;Prevotellaceae;Prevotella;unclassified Prevotella;Prevotella sp. oral taxon 299	3	0	0	1	0	0
5507	Fusarium oxysporum	species	cellular organisms;Eukaryota;Opisthokonta;Fungi;Dikarya;Ascomycota;saccharomyceta;Pezizomycotina;leotiomyceta;sordariomyceta;Sordariomycetes;Hypocreomycetidae;Hypocreales;Nectriaceae;Fusarium;Fusarium oxysporum species complex;Fusarium oxysporum	1	0	0	5	0	0
1528099	Lawsonella clevelandensis	species	cellular organisms;Bacteria;Bacillati;Actinomycetota;Actinomycetes;Mycobacteriales;Lawsonellaceae;Lawsonella;Lawsonella clevelandensis	4	7	141	7	512	4
2802975	Desulfuromonas versatilis	species	cellular organisms;Bacteria;Pseudomonadati;Thermodesulfobacteriota;Desulfuromonadia;Desulfuromonadales;Desulfuromonadaceae;Desulfuromonas;Desulfuromonas versatilis	1	0	0	0	0	0
1813880	Nostocoides sp. HKS02	species	cellular organisms;Bacteria;Bacillati;Actinomycetota;Actinomycetes;Micrococcales;Intrasporangiaceae;Nostocoides;unclassified Nostocoides;Nostocoides sp. HKS02	1	0	0	0	0	0
1881	Micromonospora viridifaciens	species	cellular organisms;Bacteria;Bacillati;Actinomycetota;Actinomycetes;Micromonosporales;Micromonosporaceae;Micromonospora;Micromonospora viridifaciens	1	0	0	0	0	0
5761	Naegleria	genus	cellular organisms;Eukaryota;Discoba;Heterolobosea;Tetramitia;Eutetramitea;Acrasida;Naegleriidae;Naegleria	1	0	0	6	0	3
55518	Magnetospirillum gryphiswaldense	species	cellular organisms;Bacteria;Pseudomonadati;Pseudomonadota;Alphaproteobacteria;Rhodospirillales;Rhodospirillaceae;Magnetospirillum;Magnetospirillum gryphiswaldense	1	1	0	2	0	0
2035712	Guyparkeria	genus	cellular organisms;Bacteria;Pseudomonadati;Pseudomonadota;Gammaproteobacteria;Chromatiales;Thioalkalibacteraceae;Guyparkeria	1	1	0	0	0	0
2640676	unclassified Wolbachia	no rank	cellular organisms;Bacteria;Pseudomonadati;Pseudomonadota;Alphaproteobacteria;Rickettsiales;Anaplasmataceae;Wolbachieae;Wolbachia;unclassified Wolbachia	4	2	28	6	0	0
5691	Trypanosoma brucei	species	cellular organisms;Eukaryota;Discoba;Euglenozoa;Kinetoplastea;Metakinetoplastina;Trypanosomatida;Trypanosomatidae;Trypanosoma;Trypanozoon;Trypanosoma brucei	1	2	0	0	0	0
2864211	Shewanella mangrovisoli	species	cellular organisms;Bacteria;Pseudomonadati;Pseudomonadota;Gammaproteobacteria;Alteromonadales;Shewanellaceae;Shewanella;Shewanella mangrovisoli	1	0	0	1	0	0
2115978	Candidatus Phycorickettsia trachydisci	species	cellular organisms;Bacteria;Pseudomonadati;Pseudomonadota;Alphaproteobacteria;Rickettsiales;Rickettsiaceae;Candidatus Phycorickettsia;Candidatus Phycorickettsia trachydisci	1	1	9	1	0	0
80864	Comamonadaceae	family	cellular organisms;Bacteria;Pseudomonadati;Pseudomonadota;Betaproteobacteria;Burkholderiales;Comamonadaceae	1	1	13	3	0	30
11673	Feline immunodeficiency virus	no rank	Viruses;Riboviria;Pararnavirae;Artverviricota;Revtraviricetes;Ortervirales;Retroviridae;Orthoretrovirinae;Lentivirus;Lentivirus felimdef;Feline immunodeficiency virus	3	42	24	190	774	18
2836	Bacillariophyta	phylum	cellular organisms;Eukaryota;Sar;Stramenopiles;Ochrophyta;Bacillariophyta	1	2	0	8	0	0
1160784	Candidatus Nasuia deltocephalincola	species	cellular organisms;Bacteria;Pseudomonadati;Pseudomonadota;Betaproteobacteria;Betaproteobacteria incertae sedis;Candidatus Nasuia;Candidatus Nasuia deltocephalincola	1	0	0	2	0	1
443226	Coccidioides posadasii str. Silveira	strain	cellular organisms;Eukaryota;Opisthokonta;Fungi;Dikarya;Ascomycota;saccharomyceta;Pezizomycotina;leotiomyceta;Eurotiomycetes;Eurotiomycetidae;Onygenales;Onygenaceae;Coccidioides;Coccidioides posadasii;Coccidioides posadasii str. Silveira	3	10	1	9	0	0
1651941	Kwoniella newhampshirensis	species	cellular organisms;Eukaryota;Opisthokonta;Fungi;Dikarya;Basidiomycota;Agaricomycotina;Tremellomycetes;Tremellales;Cryptococcaceae;Kwoniella;Kwoniella newhampshirensis	1	0	0	0	0	0
2057	Sphaerobacter thermophilus	species	cellular organisms;Bacteria;Pseudomonadati;Thermomicrobiota;Thermomicrobia;Sphaerobacterales;Sphaerobacterineae;Sphaerobacteraceae;Sphaerobacter;Sphaerobacter thermophilus	2	1	18	18	0	77
550	Enterobacter cloacae	species	cellular organisms;Bacteria;Pseudomonadati;Pseudomonadota;Gammaproteobacteria;Enterobacterales;Enterobacteriaceae;Enterobacter;Enterobacter cloacae complex;Enterobacter cloacae	1	456	2543	4	33	255994
349221	Micavibrio aeruginosavorus	species	cellular organisms;Bacteria;Pseudomonadati;Bdellovibrionota;Bdellovibrionia;Bdellovibrionales;Pseudobdellovibrionaceae;Micavibrio;Micavibrio aeruginosavorus	1	0	0	1	0	0
1353260	Candidatus Nitrosocosmicus oleophilus	species	cellular organisms;Archaea;Thermoproteati;Nitrososphaerota;Nitrososphaeria;Nitrososphaerales;Nitrososphaeraceae;Candidatus Nitrosocosmicus;Candidatus Nitrosocosmicus oleophilus	1	0	0	0	0	0
2803845	Usitatibacter	genus	cellular organisms;Bacteria;Pseudomonadati;Pseudomonadota;Betaproteobacteria;Nitrosomonadales;Usitatibacteraceae;Usitatibacter	1	0	0	0	0	0
2060973	Purpureocillium takamizusanense	species	cellular organisms;Eukaryota;Opisthokonta;Fungi;Dikarya;Ascomycota;saccharomyceta;Pezizomycotina;leotiomyceta;sordariomyceta;Sordariomycetes;Hypocreomycetidae;Hypocreales;Ophiocordycipitaceae;Purpureocillium;Purpureocillium takamizusanense	2	0	78	2	0	0
82367	Paracoccus pantotrophus	species	cellular organisms;Bacteria;Pseudomonadati;Pseudomonadota;Alphaproteobacteria;Rhodobacterales;Paracoccaceae;Paracoccus;Paracoccus pantotrophus	3	0	0	116	6	0
2039455	Streptomyces boninensis	species	cellular organisms;Bacteria;Bacillati;Actinomycetota;Actinomycetes;Kitasatosporales;Streptomycetaceae;Streptomyces;Streptomyces boninensis	1	2	0	0	0	0
2010828	Aquipluma nitroreducens	species	cellular organisms;Bacteria;Pseudomonadati;FCB group;Bacteroidota/Chlorobiota group;Bacteroidota;Bacteroidia;Marinilabiliales;Prolixibacteraceae;Aquipluma;Aquipluma nitroreducens	1	0	0	0	0	2
3273430	Acidovorax sp. BLS4	species	cellular organisms;Bacteria;Pseudomonadati;Pseudomonadota;Betaproteobacteria;Burkholderiales;Comamonadaceae;Acidovorax;unclassified Acidovorax;Acidovorax sp. BLS4	4	81	22	69	47	5
3004109	Bartonella gliris	species	cellular organisms;Bacteria;Pseudomonadati;Pseudomonadota;Alphaproteobacteria;Hyphomicrobiales;Bartonellaceae;Bartonella;Bartonella gliris	1	0	0	0	1	0
118969	Legionellales	order	cellular organisms;Bacteria;Pseudomonadati;Pseudomonadota;Gammaproteobacteria;Legionellales	1	0	0	0	0	0
85021	Intrasporangiaceae	family	cellular organisms;Bacteria;Bacillati;Actinomycetota;Actinomycetes;Micrococcales;Intrasporangiaceae	1	0	2	1	0	1
573658	Candidatus Hodgkinia cicadicola	species	cellular organisms;Bacteria;Pseudomonadati;Pseudomonadota;Alphaproteobacteria;Hyphomicrobiales;Hyphomicrobiales incertae sedis;Candidatus Hodgkinia;Candidatus Hodgkinia cicadicola	1	12	5	12	0	0
83618	Pseudoxanthomonas	genus	cellular organisms;Bacteria;Pseudomonadati;Pseudomonadota;Gammaproteobacteria;Lysobacterales;Lysobacteraceae;Pseudoxanthomonas	1	0	0	2	0	0
79328	Chitinophaga	genus	cellular organisms;Bacteria;Pseudomonadati;FCB group;Bacteroidota/Chlorobiota group;Bacteroidota;Chitinophagia;Chitinophagales;Chitinophagaceae;Chitinophaga	1	0	0	0	0	0
1543704	Niveispirillum	genus	cellular organisms;Bacteria;Pseudomonadati;Pseudomonadota;Alphaproteobacteria;Rhodospirillales;Azospirillaceae;Niveispirillum	1	3	1	0	0	0
11320	Influenza A virus	no rank	Viruses;Riboviria;Orthornavirae;Negarnaviricota;Polyploviricotina;Insthoviricetes;Articulavirales;Orthomyxoviridae;Alphainfluenzavirus;Alphainfluenzavirus influenzae;Influenza A virus	1	0	0	0	0	0
28985	Kluyveromyces lactis	species	cellular organisms;Eukaryota;Opisthokonta;Fungi;Dikarya;Ascomycota;saccharomyceta;Saccharomycotina;Saccharomycetes;Saccharomycetales;Saccharomycetaceae;Kluyveromyces;Kluyveromyces lactis	1	0	1	41	1	0
2502843	Erythrobacter sp. HKB08	species	cellular organisms;Bacteria;Pseudomonadati;Pseudomonadota;Alphaproteobacteria;Sphingomonadales;Erythrobacteraceae;Erythrobacter/Porphyrobacter group;Erythrobacter;unclassified Erythrobacter;Erythrobacter sp. HKB08	1	2	0	2	0	0
204447	Skermanella	genus	cellular organisms;Bacteria;Pseudomonadati;Pseudomonadota;Alphaproteobacteria;Rhodospirillales;Azospirillaceae;Skermanella	1	2	1	0	1	0
1826864	Candidatus Nitrosocosmicus	genus	cellular organisms;Archaea;Thermoproteati;Nitrososphaerota;Nitrososphaeria;Nitrososphaerales;Nitrososphaeraceae;Candidatus Nitrosocosmicus	1	0	0	0	0	0
766764	Debaryomycetaceae	family	cellular organisms;Eukaryota;Opisthokonta;Fungi;Dikarya;Ascomycota;saccharomyceta;Saccharomycotina;Pichiomycetes;Serinales;Debaryomycetaceae	1	6	0	10	0	0
203683	Planctomycetia	class	cellular organisms;Bacteria;Pseudomonadati;PVC group;Planctomycetota;Planctomycetia	1	6	0	4	0	1
1485	Clostridium	genus	cellular organisms;Bacteria;Bacillati;Bacillota;Clostridia;Eubacteriales;Clostridiaceae;Clostridium	2	0	0	0	1	2
75906	Thermocrinis ruber	species	cellular organisms;Bacteria;Pseudomonadati;Aquificota;Aquificia;Aquificales;Aquificaceae;Thermocrinis;Thermocrinis ruber	1	1	0	0	0	0
1484898	Methyloceanibacter	genus	cellular organisms;Bacteria;Pseudomonadati;Pseudomonadota;Alphaproteobacteria;Hyphomicrobiales;Hyphomicrobiaceae;Methyloceanibacter	1	4	4	7	0	0
1920809	Tepidicaulis sp.	species	cellular organisms;Bacteria;Pseudomonadati;Pseudomonadota;Alphaproteobacteria;Hyphomicrobiales;Parvibaculaceae;Tepidicaulis;unclassified Tepidicaulis;Tepidicaulis sp.	1	0	0	0	0	0
125287	Ornithinimicrobium	genus	cellular organisms;Bacteria;Bacillati;Actinomycetota;Actinomycetes;Micrococcales;Ornithinimicrobiaceae;Ornithinimicrobium	1	1	0	0	0	0
2823043	Roseovarius sp. SCSIO 43702	species	cellular organisms;Bacteria;Pseudomonadati;Pseudomonadota;Alphaproteobacteria;Rhodobacterales;Roseobacteraceae;Roseovarius;unclassified Roseovarius;Roseovarius sp. SCSIO 43702	1	0	1	0	0	0
1323948	Nitrospina watsonii	species	cellular organisms;Bacteria;Pseudomonadati;Nitrospinota/Tectimicrobiota group;Nitrospinota;Nitrospinia;Nitrospinales;Nitrospinaceae;Nitrospina;Nitrospina watsonii	1	0	3	3	0	7
556484	Phaeodactylum tricornutum CCAP 1055/1	strain	cellular organisms;Eukaryota;Sar;Stramenopiles;Ochrophyta;Bacillariophyta;Bacillariophyceae;Bacillariophycidae;Naviculales;Phaeodactylaceae;Phaeodactylum;Phaeodactylum tricornutum;Phaeodactylum tricornutum CCAP 1055/1	2	4	1	10	3	0
72144	Remersonia thermophila	species	cellular organisms;Eukaryota;Opisthokonta;Fungi;Dikarya;Ascomycota;saccharomyceta;Pezizomycotina;leotiomyceta;sordariomyceta;Sordariomycetes;Sordariomycetidae;Sordariales;Chaetomiaceae;Remersonia;Remersonia thermophila	1	0	0	5	1	0
3074855	Mesorhizobium koreense	species	cellular organisms;Bacteria;Pseudomonadati;Pseudomonadota;Alphaproteobacteria;Hyphomicrobiales;Phyllobacteriaceae;Mesorhizobium;Mesorhizobium koreense	1	0	1	1	1	0
418699	Azoarcus olearius	species	cellular organisms;Bacteria;Pseudomonadati;Pseudomonadota;Betaproteobacteria;Rhodocyclales;Zoogloeaceae;Azoarcus;Azoarcus olearius	1	0	0	0	0	0
93220	Pandoraea pnomenusa	species	cellular organisms;Bacteria;Pseudomonadati;Pseudomonadota;Betaproteobacteria;Burkholderiales;Burkholderiaceae;Pandoraea;Pandoraea pnomenusa	1	0	37	0	0	0
5763	Naegleria fowleri	species	cellular organisms;Eukaryota;Discoba;Heterolobosea;Tetramitia;Eutetramitea;Acrasida;Naegleriidae;Naegleria;Naegleria fowleri	1	2	3	1	0	1
2840474	Gemmobacter fulvus	species	cellular organisms;Bacteria;Pseudomonadati;Pseudomonadota;Alphaproteobacteria;Rhodobacterales;Paracoccaceae;Gemmobacter;Gemmobacter fulvus	1	2	2	4	0	0
796027	Sugiyamaella lignohabitans	species	cellular organisms;Eukaryota;Opisthokonta;Fungi;Dikarya;Ascomycota;saccharomyceta;Saccharomycotina;Dipodascomycetes;Dipodascales;Trichomonascaceae;Sugiyamaella;Sugiyamaella lignohabitans	1	0	1	3	0	0
3080013	Bradyrhizobium sp. BWA-3-5	species	cellular organisms;Bacteria;Pseudomonadati;Pseudomonadota;Alphaproteobacteria;Hyphomicrobiales;Nitrobacteraceae;Bradyrhizobium;unclassified Bradyrhizobium;Bradyrhizobium sp. BWA-3-5	1	1	1	2	0	0
85	Hyphomonas	genus	cellular organisms;Bacteria;Pseudomonadati;Pseudomonadota;Alphaproteobacteria;Hyphomonadales;Hyphomonadaceae;Hyphomonas	1	1	0	1	0	0
22	Shewanella	genus	cellular organisms;Bacteria;Pseudomonadati;Pseudomonadota;Gammaproteobacteria;Alteromonadales;Shewanellaceae;Shewanella	1	0	0	0	0	0
2560525	Human orthorubulavirus 2	no rank	Viruses;Riboviria;Orthornavirae;Negarnaviricota;Haploviricotina;Monjiviricetes;Mononegavirales;Paramyxoviridae;Rubulavirinae;Orthorubulavirus;Orthorubulavirus laryngotracheitidis;Human orthorubulavirus 2	0	2250103	0	0	0	0
2560195	Orthorubulavirus	genus	Viruses;Riboviria;Orthornavirae;Negarnaviricota;Haploviricotina;Monjiviricetes;Mononegavirales;Paramyxoviridae;Rubulavirinae;Orthorubulavirus	0	908599	0	0	0	0
2560080	Rubulavirinae	subfamily	Viruses;Riboviria;Orthornavirae;Negarnaviricota;Haploviricotina;Monjiviricetes;Mononegavirales;Paramyxoviridae;Rubulavirinae	0	32408	0	0	0	0
3052561	Orthorubulavirus simiae	species	Viruses;Riboviria;Orthornavirae;Negarnaviricota;Haploviricotina;Monjiviricetes;Mononegavirales;Paramyxoviridae;Rubulavirinae;Orthorubulavirus;Orthorubulavirus simiae	0	10048	0	0	0	0
478	Moraxella nonliquefaciens	species	cellular organisms;Bacteria;Pseudomonadati;Pseudomonadota;Gammaproteobacteria;Moraxellales;Moraxellaceae;Moraxella;Moraxella nonliquefaciens	0	16708	1	92	0	27085
672	Vibrio vulnificus	species	cellular organisms;Bacteria;Pseudomonadati;Pseudomonadota;Gammaproteobacteria;Vibrionales;Vibrionaceae;Vibrio;Vibrio vulnificus	0	820	4142	14409	7	1230413
1239	Bacillota	phylum	cellular organisms;Bacteria;Bacillati;Bacillota	0	80	1	174	187095	1955
475	Moraxella	genus	cellular organisms;Bacteria;Pseudomonadati;Pseudomonadota;Gammaproteobacteria;Moraxellales;Moraxellaceae;Moraxella	0	5247	2562	29815	0	208179
1301	Streptococcus	genus	cellular organisms;Bacteria;Bacillati;Bacillota;Bacilli;Lactobacillales;Streptococcaceae;Streptococcus	0	1198	0	3406	1	29063
468	Moraxellaceae	family	cellular organisms;Bacteria;Pseudomonadati;Pseudomonadota;Gammaproteobacteria;Moraxellales;Moraxellaceae	0	846	980	5121	0	2002628
44933	Halomonas cupida	species	cellular organisms;Bacteria;Pseudomonadati;Pseudomonadota;Gammaproteobacteria;Oceanospirillales;Halomonadaceae;Halomonas;Halomonas cupida	0	81	0	0	0	0
204455	Rhodobacterales	order	cellular organisms;Bacteria;Pseudomonadati;Pseudomonadota;Alphaproteobacteria;Rhodobacterales	0	4	3	5	0	0
11158	Paramyxoviridae	family	Viruses;Riboviria;Orthornavirae;Negarnaviricota;Haploviricotina;Monjiviricetes;Mononegavirales;Paramyxoviridae	0	1052	0	0	0	0
470	Acinetobacter baumannii	species	cellular organisms;Bacteria;Pseudomonadati;Pseudomonadota;Gammaproteobacteria;Moraxellales;Moraxellaceae;Acinetobacter;Acinetobacter calcoaceticus/baumannii complex;Acinetobacter baumannii	0	39	73	3425	1	50453
235443	Cryptococcus neoformans H99	strain	cellular organisms;Eukaryota;Opisthokonta;Fungi;Dikarya;Basidiomycota;Agaricomycotina;Tremellomycetes;Tremellales;Cryptococcaceae;Cryptococcus;Cryptococcus neoformans species complex;Cryptococcus neoformans;Cryptococcus neoformans H99	0	2	3	0	0	0
482	Neisseria	genus	cellular organisms;Bacteria;Pseudomonadati;Pseudomonadota;Betaproteobacteria;Neisseriales;Neisseriaceae;Neisseria	0	66	0	1	0	97
32207	Rothia	genus	cellular organisms;Bacteria;Bacillati;Actinomycetota;Actinomycetes;Micrococcales;Micrococcaceae;Rothia	0	68	0	0	0	0
570	Klebsiella	genus	cellular organisms;Bacteria;Pseudomonadati;Pseudomonadota;Gammaproteobacteria;Enterobacterales;Enterobacteriaceae;Klebsiella	0	1	1	29	4	0
2207	Methanosarcina	genus	cellular organisms;Archaea;Methanobacteriati;Methanobacteriota;Stenosarchaea group;Methanomicrobia;Methanosarcinales;Methanosarcinaceae;Methanosarcina	0	1	0	0	0	0
87882	Burkholderia cepacia complex	species group	cellular organisms;Bacteria;Pseudomonadati;Pseudomonadota;Betaproteobacteria;Burkholderiales;Burkholderiaceae;Burkholderia;Burkholderia cepacia complex	0	10	0	10	0	0
670	Vibrio parahaemolyticus	species	cellular organisms;Bacteria;Pseudomonadati;Pseudomonadota;Gammaproteobacteria;Vibrionales;Vibrionaceae;Vibrio;Vibrio harveyi group;Vibrio parahaemolyticus	0	62	108	2053	619	29880
1300	Streptococcaceae	family	cellular organisms;Bacteria;Bacillati;Bacillota;Bacilli;Lactobacillales;Streptococcaceae	0	11	0	370	0	1612
506	Alcaligenaceae	family	cellular organisms;Bacteria;Pseudomonadati;Pseudomonadota;Betaproteobacteria;Burkholderiales;Alcaligenaceae	0	106	10	0	22	617
2905673	parainfluenza virus 5	no rank	Viruses;Riboviria;Orthornavirae;Negarnaviricota;Haploviricotina;Monjiviricetes;Mononegavirales;Paramyxoviridae;Rubulavirinae;Orthorubulavirus;Orthorubulavirus mammalis;parainfluenza virus 5	0	28	0	0	0	0
798074	Tuhoko virus 3	no rank	Viruses;Riboviria;Orthornavirae;Negarnaviricota;Haploviricotina;Monjiviricetes;Mononegavirales;Paramyxoviridae;Rubulavirinae;Pararubulavirus;Pararubulavirus hongkongi;Tuhoko virus 3	0	5	0	0	0	0
476	Moraxella bovis	species	cellular organisms;Bacteria;Pseudomonadati;Pseudomonadota;Gammaproteobacteria;Moraxellales;Moraxellaceae;Moraxella;Moraxella bovis	0	59	0	210	0	2756
754517	Mycoplasma phocoenae	species	cellular organisms;Bacteria;Bacillati;Mycoplasmatota;Mollicutes;Mycoplasmatales;Mycoplasmataceae;Mycoplasma;Mycoplasma phocoenae	0	6	0	28	5	2
1751071	Sediminibacterium longum	species	cellular organisms;Bacteria;Pseudomonadati;FCB group;Bacteroidota/Chlorobiota group;Bacteroidota;Chitinophagia;Chitinophagales;Chitinophagaceae;Sediminibacterium;Sediminibacterium longum	0	1	0	0	755	0
166486	Roseburia intestinalis	species	cellular organisms;Bacteria;Bacillati;Bacillota;Clostridia;Lachnospirales;Lachnospiraceae;Roseburia;Roseburia intestinalis	0	20	5	163	7	2001
11657	Bovine immunodeficiency virus	no rank	Viruses;Riboviria;Pararnavirae;Artverviricota;Revtraviricetes;Ortervirales;Retroviridae;Orthoretrovirinae;Lentivirus;Lentivirus bovimdef;Bovine immunodeficiency virus	0	28	11	41	539	12
3066369	Coralliovum pocilloporae	species	cellular organisms;Bacteria;Pseudomonadati;Pseudomonadota;Alphaproteobacteria;Hyphomicrobiales;Coralliovaceae;Coralliovum;Coralliovum pocilloporae	0	1	0	0	0	0
135577	Idiomarina loihiensis	species	cellular organisms;Bacteria;Pseudomonadati;Pseudomonadota;Gammaproteobacteria;Alteromonadales;Idiomarinaceae;Idiomarina;Idiomarina loihiensis	0	1	0	1	0	0
152219	Menangle virus	no rank	Viruses;Riboviria;Orthornavirae;Negarnaviricota;Haploviricotina;Monjiviricetes;Mononegavirales;Paramyxoviridae;Rubulavirinae;Pararubulavirus;Pararubulavirus menangleense;Menangle virus	0	1	0	0	0	0
1822464	Paraburkholderia	genus	cellular organisms;Bacteria;Pseudomonadati;Pseudomonadota;Betaproteobacteria;Burkholderiales;Burkholderiaceae;Paraburkholderia	0	24	13	93	199	12
186826	Lactobacillales	order	cellular organisms;Bacteria;Bacillati;Bacillota;Bacilli;Lactobacillales	0	85	3	1505	3	2783
3682651	Eikenella sp. KCOM 3110	species	cellular organisms;Bacteria;Pseudomonadati;Pseudomonadota;Betaproteobacteria;Neisseriales;Neisseriaceae;Eikenella;unclassified Eikenella;Eikenella sp. KCOM 3110	0	15	0	0	0	0
1133968	Babesia microti strain RI	strain	cellular organisms;Eukaryota;Sar;Alveolata;Apicomplexa;Aconoidasida;Piroplasmida;Babesiidae;Babesia;Babesia microti;Babesia microti strain RI	0	1	0	5	0	0
386585	Escherichia coli O157:H7 str. Sakai	strain	cellular organisms;Bacteria;Pseudomonadati;Pseudomonadota;Gammaproteobacteria;Enterobacterales;Enterobacteriaceae;Escherichia;Escherichia coli;Escherichia coli O157:H7;Escherichia coli O157:H7 str. Sakai	0	16	3	16	26	3
106589	Cupriavidus	genus	cellular organisms;Bacteria;Pseudomonadati;Pseudomonadota;Betaproteobacteria;Burkholderiales;Burkholderiaceae;Cupriavidus	0	16	0	0	0	1
80865	Delftia	genus	cellular organisms;Bacteria;Pseudomonadati;Pseudomonadota;Betaproteobacteria;Burkholderiales;Comamonadaceae;Delftia	0	4	8	2	1	2
91061	Bacilli	class	cellular organisms;Bacteria;Bacillati;Bacillota;Bacilli	0	58	7	927	218875	1341
622	Shigella dysenteriae	species	cellular organisms;Bacteria;Pseudomonadati;Pseudomonadota;Gammaproteobacteria;Enterobacterales;Enterobacteriaceae;Shigella;Shigella dysenteriae	0	18	28	48	14	4
76761	Pseudomonas veronii	species	cellular organisms;Bacteria;Pseudomonadati;Pseudomonadota;Gammaproteobacteria;Pseudomonadales;Pseudomonadaceae;Pseudomonas;Pseudomonas fluorescens group;Pseudomonas veronii	0	4	0	0	0	254
28035	Staphylococcus lugdunensis	species	cellular organisms;Bacteria;Bacillati;Bacillota;Bacilli;Bacillales;Staphylococcaceae;Staphylococcus;Staphylococcus lugdunensis	0	3	0	0	29	2
2020875	Methyloprofundus sp.	species	cellular organisms;Bacteria;Pseudomonadati;Pseudomonadota;Gammaproteobacteria;Methylococcales;Methylococcaceae;Methyloprofundus;unclassified Methyloprofundus;Methyloprofundus sp.	0	1	3	2	0	0
80840	Burkholderiales	order	cellular organisms;Bacteria;Pseudomonadati;Pseudomonadota;Betaproteobacteria;Burkholderiales	0	52	31	138	5	293
481	Neisseriaceae	family	cellular organisms;Bacteria;Pseudomonadati;Pseudomonadota;Betaproteobacteria;Neisseriales;Neisseriaceae	0	31	0	0	0	232
279826	Mesobacillus foraminis	species	cellular organisms;Bacteria;Bacillati;Bacillota;Bacilli;Bacillales;Bacillaceae;Mesobacillus;Mesobacillus foraminis	0	34	0	270	718	2120
136099	Knoellia	genus	cellular organisms;Bacteria;Bacillati;Actinomycetota;Actinomycetes;Micrococcales;Intrasporangiaceae;Knoellia	0	2	0	2	0	0
1639133	Citrobacter portucalensis	species	cellular organisms;Bacteria;Pseudomonadati;Pseudomonadota;Gammaproteobacteria;Enterobacterales;Enterobacteriaceae;Citrobacter;Citrobacter freundii complex;Citrobacter portucalensis	0	42	4	40	356	18
55080	Brevibacillus	genus	cellular organisms;Bacteria;Bacillati;Bacillota;Bacilli;Bacillales;Paenibacillaceae;Brevibacillus	0	2	0	1	0	0
3349635	Oceanicaulis sp. LC35	species	cellular organisms;Bacteria;Pseudomonadati;Pseudomonadota;Alphaproteobacteria;Maricaulales;Maricaulaceae;Oceanicaulis;unclassified Oceanicaulis;Oceanicaulis sp. LC35	0	1	0	0	0	0
140052	Betaretrovirus	genus	Viruses;Riboviria;Pararnavirae;Artverviricota;Revtraviricetes;Ortervirales;Retroviridae;Orthoretrovirinae;Betaretrovirus	0	11	11	28	180	7
198214	Shigella flexneri 2a str. 301	strain	cellular organisms;Bacteria;Pseudomonadati;Pseudomonadota;Gammaproteobacteria;Enterobacterales;Enterobacteriaceae;Shigella;Shigella flexneri;Shigella flexneri 2a;Shigella flexneri 2a str. 301	0	10	36	126	50	2
92647	Paraburkholderia tropica	species	cellular organisms;Bacteria;Pseudomonadati;Pseudomonadota;Betaproteobacteria;Burkholderiales;Burkholderiaceae;Paraburkholderia;Paraburkholderia tropica	0	1	0	0	0	0
3243332	Zavarzinia sp. CC-PAN008	species	cellular organisms;Bacteria;Pseudomonadati;Pseudomonadota;Alphaproteobacteria;Rhodospirillales;Zavarziniaceae;Zavarzinia;unclassified Zavarzinia;Zavarzinia sp. CC-PAN008	0	2	0	0	0	0
34062	Faucicola osloensis	species	cellular organisms;Bacteria;Pseudomonadati;Pseudomonadota;Gammaproteobacteria;Moraxellales;Moraxellaceae;Faucicola;Faucicola osloensis	0	1	0	0	18	376
2805427	Actinomadura luzonensis	species	cellular organisms;Bacteria;Bacillati;Actinomycetota;Actinomycetes;Streptosporangiales;Thermomonosporaceae;Actinomadura;Actinomadura luzonensis	0	6	0	7	8	24
2714937	Propioniciclava coleopterorum	species	cellular organisms;Bacteria;Bacillati;Actinomycetota;Actinomycetes;Propionibacteriales;Propionibacteriaceae;Propioniciclava;Propioniciclava coleopterorum	0	1	1	0	0	0
84163	Cryptobacterium curtum	species	cellular organisms;Bacteria;Bacillati;Actinomycetota;Coriobacteriia;Eggerthellales;Eggerthellaceae;Cryptobacterium;Cryptobacterium curtum	0	2	0	0	0	0
5007	Brettanomyces bruxellensis	species	cellular organisms;Eukaryota;Opisthokonta;Fungi;Dikarya;Ascomycota;saccharomyceta;Saccharomycotina;Pichiomycetes;Pichiales;Pichiaceae;Brettanomyces;Brettanomyces bruxellensis	0	2	0	1	0	0
11224	Human parainfluenza virus 4a	no rank	Viruses;Riboviria;Orthornavirae;Negarnaviricota;Haploviricotina;Monjiviricetes;Mononegavirales;Paramyxoviridae;Rubulavirinae;Orthorubulavirus;Orthorubulavirus hominis;Human orthorubulavirus 4;Human parainfluenza virus 4a	0	4	0	0	0	0
83654	Leclercia	genus	cellular organisms;Bacteria;Pseudomonadati;Pseudomonadota;Gammaproteobacteria;Enterobacterales;Enterobacteriaceae;Leclercia	0	4	0	0	0	0
2872754	Endozoicomonas sp. 4G	species	cellular organisms;Bacteria;Pseudomonadati;Pseudomonadota;Gammaproteobacteria;Oceanospirillales;Endozoicomonadaceae;Endozoicomonas;unclassified Endozoicomonas;Endozoicomonas sp. 4G	0	1	0	4	0	0
1620421	Hoeflea sp. IMCC20628	species	cellular organisms;Bacteria;Pseudomonadati;Pseudomonadota;Alphaproteobacteria;Hyphomicrobiales;Rhizobiaceae;Hoeflea;unclassified Hoeflea;Hoeflea sp. IMCC20628	0	1	0	2	0	1
52972	Polaromonas	genus	cellular organisms;Bacteria;Pseudomonadati;Pseudomonadota;Betaproteobacteria;Burkholderiales;Comamonadaceae;Polaromonas	0	10	0	1	0	0
391905	Methylocystis heyeri	species	cellular organisms;Bacteria;Pseudomonadati;Pseudomonadota;Alphaproteobacteria;Hyphomicrobiales;Methylocystaceae;Methylocystis;Methylocystis heyeri	0	2	0	0	0	0
1050370	Thiomonas sp. X19	species	cellular organisms;Bacteria;Pseudomonadati;Pseudomonadota;Betaproteobacteria;Burkholderiales;Burkholderiales genera incertae sedis;Thiomonas;unclassified Thiomonas;Thiomonas sp. X19	0	1	0	1	0	1
2675225	Novosphingobium sp. Gsoil 351	species	cellular organisms;Bacteria;Pseudomonadati;Pseudomonadota;Alphaproteobacteria;Sphingomonadales;Sphingomonadaceae;Novosphingobium;unclassified Novosphingobium;Novosphingobium sp. Gsoil 351	0	1	0	0	0	0
101571	Burkholderia ubonensis	species	cellular organisms;Bacteria;Pseudomonadati;Pseudomonadota;Betaproteobacteria;Burkholderiales;Burkholderiaceae;Burkholderia;Burkholderia cepacia complex;Burkholderia ubonensis	0	1	0	0	0	0
5506	Fusarium	genus	cellular organisms;Eukaryota;Opisthokonta;Fungi;Dikarya;Ascomycota;saccharomyceta;Pezizomycotina;leotiomyceta;sordariomyceta;Sordariomycetes;Hypocreomycetidae;Hypocreales;Nectriaceae;Fusarium	0	4	150	59	1	0
3415671	Aquihabitans sp. McL0605	species	cellular organisms;Bacteria;Bacillati;Actinomycetota;Acidimicrobiia;Acidimicrobiales;Iamiaceae;Aquihabitans;unclassified Aquihabitans;Aquihabitans sp. McL0605	0	1	0	11	0	0
44249	Paenibacillus	genus	cellular organisms;Bacteria;Bacillati;Bacillota;Bacilli;Bacillales;Paenibacillaceae;Paenibacillus	0	1	0	2	5	0
227290	Rhizobium/Agrobacterium group	no rank	cellular organisms;Bacteria;Pseudomonadati;Pseudomonadota;Alphaproteobacteria;Hyphomicrobiales;Rhizobiaceae;Rhizobium/Agrobacterium group	0	2	1	1	1	0
32033	Lysobacteraceae	family	cellular organisms;Bacteria;Pseudomonadati;Pseudomonadota;Gammaproteobacteria;Lysobacterales;Lysobacteraceae	0	2	0	0	0	7
2235	Halobacteriales	order	cellular organisms;Archaea;Methanobacteriati;Methanobacteriota;Stenosarchaea group;Halobacteria;Halobacteriales	0	2	0	0	0	0
381751	Thermocrinis minervae	species	cellular organisms;Bacteria;Pseudomonadati;Aquificota;Aquificia;Aquificales;Aquificaceae;Thermocrinis;Thermocrinis minervae	0	1	0	0	0	0
2705399	Hypericibacter	genus	cellular organisms;Bacteria;Pseudomonadati;Pseudomonadota;Alphaproteobacteria;Rhodospirillales;Dongiaceae;Hypericibacter	0	1	0	3	0	0
1554501	Teviot virus	no rank	Viruses;Riboviria;Orthornavirae;Negarnaviricota;Haploviricotina;Monjiviricetes;Mononegavirales;Paramyxoviridae;Rubulavirinae;Pararubulavirus;Pararubulavirus teviotense;Teviot virus	0	1	0	0	0	0
305	Ralstonia solanacearum	species	cellular organisms;Bacteria;Pseudomonadati;Pseudomonadota;Betaproteobacteria;Burkholderiales;Burkholderiaceae;Ralstonia;Ralstonia solanacearum species complex;Ralstonia solanacearum	0	3	1	4	0	0
354276	Enterobacter cloacae complex	species group	cellular organisms;Bacteria;Pseudomonadati;Pseudomonadota;Gammaproteobacteria;Enterobacterales;Enterobacteriaceae;Enterobacter;Enterobacter cloacae complex	0	1	0	1	1	1
1501	Clostridium pasteurianum	species	cellular organisms;Bacteria;Bacillati;Bacillota;Clostridia;Eubacteriales;Clostridiaceae;Clostridium;Clostridium pasteurianum	0	1	0	1	0	0
1933910	Bartonella sp. A1379B	species	cellular organisms;Bacteria;Pseudomonadati;Pseudomonadota;Alphaproteobacteria;Hyphomicrobiales;Bartonellaceae;Bartonella;unclassified Bartonella;Bartonella sp. A1379B	0	1	0	0	0	0
208962	Escherichia albertii	species	cellular organisms;Bacteria;Pseudomonadati;Pseudomonadota;Gammaproteobacteria;Enterobacterales;Enterobacteriaceae;Escherichia;Escherichia albertii	0	3	10	2	25	1
1069201	Aspergillus luchuensis	species	cellular organisms;Eukaryota;Opisthokonta;Fungi;Dikarya;Ascomycota;saccharomyceta;Pezizomycotina;leotiomyceta;Eurotiomycetes;Eurotiomycetidae;Eurotiales;Aspergillaceae;Aspergillus;Aspergillus subgen. Circumdati;Aspergillus luchuensis	0	4	3	5	0	0
5125	Hypocreales	order	cellular organisms;Eukaryota;Opisthokonta;Fungi;Dikarya;Ascomycota;saccharomyceta;Pezizomycotina;leotiomyceta;sordariomyceta;Sordariomycetes;Hypocreomycetidae;Hypocreales	0	8	2	15	0	296
2810562	Desulfoluna limicola	species	cellular organisms;Bacteria;Pseudomonadati;Thermodesulfobacteriota;Desulfobacteria;Desulfobacterales;Desulfolunaceae;Desulfoluna;Desulfoluna limicola	0	1	0	0	0	1
3052559	Orthorubulavirus mapueraense	species	Viruses;Riboviria;Orthornavirae;Negarnaviricota;Haploviricotina;Monjiviricetes;Mononegavirales;Paramyxoviridae;Rubulavirinae;Orthorubulavirus;Orthorubulavirus mapueraense	0	2	0	0	0	0
6039	Vairimorpha necatrix	species	cellular organisms;Eukaryota;Opisthokonta;Fungi;Fungi incertae sedis;Microsporidia;Apansporoblastina;Nosematidae;Vairimorpha;Vairimorpha necatrix	0	2	0	1	0	0
2937801	Conexibacter sp. DBS9H8	species	cellular organisms;Bacteria;Bacillati;Actinomycetota;Thermoleophilia;Solirubrobacterales;Conexibacteraceae;Conexibacter;unclassified Conexibacter;Conexibacter sp. DBS9H8	0	4	2	0	0	0
134537	Paraburkholderia fungorum	species	cellular organisms;Bacteria;Pseudomonadati;Pseudomonadota;Betaproteobacteria;Burkholderiales;Burkholderiaceae;Paraburkholderia;Paraburkholderia fungorum	0	13	3	72	127	1
644223	Komagataella phaffii GS115	strain	cellular organisms;Eukaryota;Opisthokonta;Fungi;Dikarya;Ascomycota;saccharomyceta;Saccharomycotina;Pichiomycetes;Pichiales;Pichiaceae;Komagataella;Komagataella phaffii;Komagataella phaffii GS115	0	2	0	3	0	0
3120395	Acetobacterales	order	cellular organisms;Bacteria;Pseudomonadati;Pseudomonadota;Alphaproteobacteria;Acetobacterales	0	1	0	0	0	0
641148	Neisseria sp. oral taxon 014	species	cellular organisms;Bacteria;Pseudomonadati;Pseudomonadota;Betaproteobacteria;Neisseriales;Neisseriaceae;Neisseria;unclassified Neisseria;Neisseria sp. oral taxon 014	0	1	0	0	0	0
31993	Methylocystaceae	family	cellular organisms;Bacteria;Pseudomonadati;Pseudomonadota;Alphaproteobacteria;Hyphomicrobiales;Methylocystaceae	0	1	0	0	0	0
60548	Paraburkholderia graminis	species	cellular organisms;Bacteria;Pseudomonadati;Pseudomonadota;Betaproteobacteria;Burkholderiales;Burkholderiaceae;Paraburkholderia;Paraburkholderia graminis	0	1	0	0	0	0
1914233	Gemmataceae	family	cellular organisms;Bacteria;Pseudomonadati;PVC group;Planctomycetota;Planctomycetia;Gemmatales;Gemmataceae	0	1	0	0	609	0
508771	Toxoplasma gondii ME49	strain	cellular organisms;Eukaryota;Sar;Alveolata;Apicomplexa;Conoidasida;Coccidia;Eucoccidiorida;Eimeriorina;Sarcocystidae;Toxoplasma;Toxoplasma gondii;Toxoplasma gondii ME49	0	1	5	0	0	0
5874	Theileria annulata	species	cellular organisms;Eukaryota;Sar;Alveolata;Apicomplexa;Aconoidasida;Piroplasmida;Theileriidae;Theileria;Theileria annulata	0	1	0	1	0	0
1288636	Ornithinimicrobium flavum	species	cellular organisms;Bacteria;Bacillati;Actinomycetota;Actinomycetes;Micrococcales;Ornithinimicrobiaceae;Ornithinimicrobium;Ornithinimicrobium flavum	0	1	0	0	0	0
2927979	Mesoterricola silvestris	species	cellular organisms;Bacteria;Pseudomonadati;Acidobacteriota;Holophagae;Holophagales;Holophagaceae;Mesoterricola;Mesoterricola silvestris	0	3	2	4	0	0
395331	Methanoregula	genus	cellular organisms;Archaea;Methanobacteriati;Methanobacteriota;Stenosarchaea group;Methanomicrobia;Methanomicrobiales;Methanoregulaceae;Methanoregula	0	1	0	0	0	0
1279	Staphylococcus	genus	cellular organisms;Bacteria;Bacillati;Bacillota;Bacilli;Bacillales;Staphylococcaceae;Staphylococcus	0	6	49	31	6760393	4
1082851	Comamonas serinivorans	species	cellular organisms;Bacteria;Pseudomonadati;Pseudomonadota;Betaproteobacteria;Burkholderiales;Comamonadaceae;Comamonas;Comamonas serinivorans	0	1	0	0	0	0
45056	Legionella adelaidensis	species	cellular organisms;Bacteria;Pseudomonadati;Pseudomonadota;Gammaproteobacteria;Legionellales;Legionellaceae;Legionella;Legionella adelaidensis	0	1	0	0	0	0
1463165	Klebsiella quasipneumoniae	species	cellular organisms;Bacteria;Pseudomonadati;Pseudomonadota;Gammaproteobacteria;Enterobacterales;Enterobacteriaceae;Klebsiella;Klebsiella pneumoniae complex;Klebsiella quasipneumoniae	0	21	0	6	398	1040
1155739	Moorena producens	species	cellular organisms;Bacteria;Bacillati;Cyanobacteriota/Melainabacteria group;Cyanobacteriota;Cyanophyceae;Coleofasciculales;Coleofasciculaceae;Moorena;Moorena producens	0	1	1	24	0	0
2768948	Capilliphycus salinus	species	cellular organisms;Bacteria;Bacillati;Cyanobacteriota/Melainabacteria group;Cyanobacteriota;Cyanophyceae;Oscillatoriophycideae;Oscillatoriales;Sirenicapillariaceae;Capilliphycus;Capilliphycus salinus	0	1	0	0	0	0
2883126	Microvirga roseola	species	cellular organisms;Bacteria;Pseudomonadati;Pseudomonadota;Alphaproteobacteria;Hyphomicrobiales;Methylobacteriaceae;Microvirga;Microvirga roseola	0	1	0	0	0	0
2051906	Exiguobacterium sp. N4-1P	species	cellular organisms;Bacteria;Bacillati;Bacillota;Bacilli;Bacillales;Bacillales incertae sedis;Bacillales Family XII. Incertae Sedis;Exiguobacterium;unclassified Exiguobacterium;Exiguobacterium sp. N4-1P	0	2	0	142	1	28
155616	Tremellomycetes	class	cellular organisms;Eukaryota;Opisthokonta;Fungi;Dikarya;Basidiomycota;Agaricomycotina;Tremellomycetes	0	2	3	8	0	0
403	Methylococcaceae	family	cellular organisms;Bacteria;Pseudomonadati;Pseudomonadota;Gammaproteobacteria;Methylococcales;Methylococcaceae	0	3	0	1	0	2
164546	Cupriavidus taiwanensis	species	cellular organisms;Bacteria;Pseudomonadati;Pseudomonadota;Betaproteobacteria;Burkholderiales;Burkholderiaceae;Cupriavidus;Cupriavidus taiwanensis	0	1	0	0	0	0
3066262	Candidatus Tisiphia endosymbiont of Beris chalybata	species	cellular organisms;Bacteria;Pseudomonadati;Pseudomonadota;Alphaproteobacteria;Rickettsiales;Rickettsiaceae;Rickettsieae;Candidatus Tisiphia;unclassified Candidatus Tisiphia;Candidatus Tisiphia endosymbiont of Beris chalybata	0	2	0	1	0	0
5794	Apicomplexa	phylum	cellular organisms;Eukaryota;Sar;Alveolata;Apicomplexa	0	1	1	1	0	0
31957	Propionibacteriaceae	family	cellular organisms;Bacteria;Bacillati;Actinomycetota;Actinomycetes;Propionibacteriales;Propionibacteriaceae	0	1	2	0	2330	0
100716	Chloroherpeton thalassium	species	cellular organisms;Bacteria;Pseudomonadati;FCB group;Bacteroidota/Chlorobiota group;Chlorobiota;Chlorobiia;Chlorobiales;Chloroherpetonaceae;Chloroherpeton;Chloroherpeton thalassium	0	2	2	11	0	0
286	Pseudomonas	genus	cellular organisms;Bacteria;Pseudomonadati;Pseudomonadota;Gammaproteobacteria;Pseudomonadales;Pseudomonadaceae;Pseudomonas	0	2	0	8	0	6
976	Bacteroidota	phylum	cellular organisms;Bacteria;Pseudomonadati;FCB group;Bacteroidota/Chlorobiota group;Bacteroidota	0	1	5	1	108	31
547	Enterobacter	genus	cellular organisms;Bacteria;Pseudomonadati;Pseudomonadota;Gammaproteobacteria;Enterobacterales;Enterobacteriaceae;Enterobacter	0	1	2	0	0	0
346	Xanthomonas citri	species	cellular organisms;Bacteria;Pseudomonadati;Pseudomonadota;Gammaproteobacteria;Lysobacterales;Lysobacteraceae;Xanthomonas;Xanthomonas citri group;Xanthomonas citri	0	1	0	33	11	2
196159	unclassified Sphingomonas	no rank	cellular organisms;Bacteria;Pseudomonadati;Pseudomonadota;Alphaproteobacteria;Sphingomonadales;Sphingomonadaceae;Sphingomonas;unclassified Sphingomonas	0	1	0	1	0	0
2495433	Alston virus	no rank	Viruses;Riboviria;Orthornavirae;Negarnaviricota;Haploviricotina;Monjiviricetes;Mononegavirales;Paramyxoviridae;Rubulavirinae;Orthorubulavirus;unclassified Orthorubulavirus;Orthorubulavirus sp. 'alstonvillense';Alston virus	0	3	0	0	0	0
36035	Saccharomycodes ludwigii	species	cellular organisms;Eukaryota;Opisthokonta;Fungi;Dikarya;Ascomycota;saccharomyceta;Saccharomycotina;Saccharomycetes;Saccharomycodales;Saccharomycodaceae;Saccharomycodes;Saccharomycodes ludwigii	0	3	2	11	0	0
159122	Simian immunodeficiency virus SIV-mnd 2	no rank	Viruses;Riboviria;Pararnavirae;Artverviricota;Revtraviricetes;Ortervirales;Retroviridae;Orthoretrovirinae;Lentivirus;Lentivirus simimdef;Simian immunodeficiency virus;Simian immunodeficiency virus - mnd;Simian immunodeficiency virus SIV-mnd 2	0	3	0	6	15	0
408139	Leptospira kmetyi	species	cellular organisms;Bacteria;Pseudomonadati;Spirochaetota;Spirochaetia;Leptospirales;Leptospiraceae;Leptospira;Leptospira kmetyi	0	1	23	0	0	0
544	Citrobacter	genus	cellular organisms;Bacteria;Pseudomonadati;Pseudomonadota;Gammaproteobacteria;Enterobacterales;Enterobacteriaceae;Citrobacter	0	2	0	47	173	0
1148196	Luteimonas dalianensis	species	cellular organisms;Bacteria;Pseudomonadati;Pseudomonadota;Gammaproteobacteria;Lysobacterales;Lysobacteraceae;Luteimonas;Luteimonas dalianensis	0	3	0	0	0	0
11723	Simian immunodeficiency virus	no rank	Viruses;Riboviria;Pararnavirae;Artverviricota;Revtraviricetes;Ortervirales;Retroviridae;Orthoretrovirinae;Lentivirus;Lentivirus simimdef;Simian immunodeficiency virus	0	6	5	7	103	4
154981	Aliiroseovarius crassostreae	species	cellular organisms;Bacteria;Pseudomonadati;Pseudomonadota;Alphaproteobacteria;Rhodobacterales;Paracoccaceae;Aliiroseovarius;Aliiroseovarius crassostreae	0	1	0	0	0	0
2911970	Moraxella sp. ZY200743	species	cellular organisms;Bacteria;Pseudomonadati;Pseudomonadota;Gammaproteobacteria;Moraxellales;Moraxellaceae;Moraxella;unclassified Moraxella;Moraxella sp. ZY200743	0	1	0	0	0	11
522262	Staphylococcus rostri	species	cellular organisms;Bacteria;Bacillati;Bacillota;Bacilli;Bacillales;Staphylococcaceae;Staphylococcus;Staphylococcus rostri	0	1	0	0	0	0
386891	Moraxella bovoculi	species	cellular organisms;Bacteria;Pseudomonadati;Pseudomonadota;Gammaproteobacteria;Moraxellales;Moraxellaceae;Moraxella;Moraxella bovoculi	0	1	0	0	0	661
912	Nitrobacter hamburgensis	species	cellular organisms;Bacteria;Pseudomonadati;Pseudomonadota;Alphaproteobacteria;Hyphomicrobiales;Nitrobacteraceae;Nitrobacter;Nitrobacter hamburgensis	0	1	0	1	0	0
1774	Mycobacteroides chelonae	species	cellular organisms;Bacteria;Bacillati;Actinomycetota;Actinomycetes;Mycobacteriales;Mycobacteriaceae;Mycobacteroides;Mycobacteroides chelonae	0	8	0	0	0	0
365349	Pelosinus fermentans	species	cellular organisms;Bacteria;Bacillati;Bacillota;Negativicutes;Selenomonadales;Sporomusaceae;Pelosinus;Pelosinus fermentans	0	2	3	0	0	0
1333996	Variibacter gotjawalensis	species	cellular organisms;Bacteria;Pseudomonadati;Pseudomonadota;Alphaproteobacteria;Hyphomicrobiales;Nitrobacteraceae;Variibacter;Variibacter gotjawalensis	0	1	0	0	0	0
2639971	unclassified Methyloversatilis	no rank	cellular organisms;Bacteria;Pseudomonadati;Pseudomonadota;Betaproteobacteria;Nitrosomonadales;Sterolibacteriaceae;Methyloversatilis;unclassified Methyloversatilis	0	1	0	0	0	0
2683284	Algicella marina	species	cellular organisms;Bacteria;Pseudomonadati;Pseudomonadota;Alphaproteobacteria;Rhodobacterales;Paracoccaceae;Algicella;Algicella marina	0	1	0	0	0	0
1578	Lactobacillus	genus	cellular organisms;Bacteria;Bacillati;Bacillota;Bacilli;Lactobacillales;Lactobacillaceae;Lactobacillus	0	2	0	0	0	0
5148	Sordariaceae	family	cellular organisms;Eukaryota;Opisthokonta;Fungi;Dikarya;Ascomycota;saccharomyceta;Pezizomycotina;leotiomyceta;sordariomyceta;Sordariomycetes;Sordariomycetidae;Sordariales;Sordariaceae	0	1	0	1	0	0
2615080	unclassified Ornithinimicrobium	no rank	cellular organisms;Bacteria;Bacillati;Actinomycetota;Actinomycetes;Micrococcales;Ornithinimicrobiaceae;Ornithinimicrobium;unclassified Ornithinimicrobium	0	1	0	0	0	0
3136289	Thermogladius sp. KZ2Tp1	species	cellular organisms;Archaea;Thermoproteati;Thermoproteota;Thermoprotei;Desulfurococcales;Desulfurococcaceae;Thermogladius;unclassified Thermogladius;Thermogladius sp. KZ2Tp1	0	1	0	0	0	0
254245	Aquicella	genus	cellular organisms;Bacteria;Pseudomonadati;Pseudomonadota;Gammaproteobacteria;Legionellales;Coxiellaceae;Aquicella	0	2	1	1	0	8
119045	Methylobacteriaceae	family	cellular organisms;Bacteria;Pseudomonadati;Pseudomonadota;Alphaproteobacteria;Hyphomicrobiales;Methylobacteriaceae	0	1	2	0	0	0
101201	Trichoderma asperellum	species	cellular organisms;Eukaryota;Opisthokonta;Fungi;Dikarya;Ascomycota;saccharomyceta;Pezizomycotina;leotiomyceta;sordariomyceta;Sordariomycetes;Hypocreomycetidae;Hypocreales;Hypocreaceae;Trichoderma;Trichoderma asperellum	0	3	10	1	0	0
1071380	Henningerozyma blattae CBS 6284	strain	cellular organisms;Eukaryota;Opisthokonta;Fungi;Dikarya;Ascomycota;saccharomyceta;Saccharomycotina;Saccharomycetes;Saccharomycetales;Saccharomycetaceae;Henningerozyma;Henningerozyma blattae;Henningerozyma blattae CBS 6284	0	3	1	46	0	1
1296096	Kwoniella pini CBS 10737	strain	cellular organisms;Eukaryota;Opisthokonta;Fungi;Dikarya;Basidiomycota;Agaricomycotina;Tremellomycetes;Tremellales;Cryptococcaceae;Kwoniella;Kwoniella pini;Kwoniella pini CBS 10737	0	5	0	4	0	0
1296109	Cryptococcus bacillisporus CA1280	strain	cellular organisms;Eukaryota;Opisthokonta;Fungi;Dikarya;Basidiomycota;Agaricomycotina;Tremellomycetes;Tremellales;Cryptococcaceae;Cryptococcus;Cryptococcus gattii species complex;Cryptococcus bacillisporus;Cryptococcus bacillisporus CA1280	0	3	1	1	0	0
1452514	Sosuga virus	no rank	Viruses;Riboviria;Orthornavirae;Negarnaviricota;Haploviricotina;Monjiviricetes;Mononegavirales;Paramyxoviridae;Rubulavirinae;Pararubulavirus;Pararubulavirus sosugaense;Sosuga virus	0	2	0	0	0	0
46913	Devosia	genus	cellular organisms;Bacteria;Pseudomonadati;Pseudomonadota;Alphaproteobacteria;Hyphomicrobiales;Devosiaceae;Devosia	0	2	1	1	12	1
284811	Eremothecium gossypii ATCC 10895	strain	cellular organisms;Eukaryota;Opisthokonta;Fungi;Dikarya;Ascomycota;saccharomyceta;Saccharomycotina;Saccharomycetes;Saccharomycetales;Saccharomycetaceae;Eremothecium;Eremothecium gossypii;Eremothecium gossypii ATCC 10895	0	1	3	5	2	0
2222	Methanothrix	genus	cellular organisms;Archaea;Methanobacteriati;Methanobacteriota;Stenosarchaea group;Methanomicrobia;Methanotrichales;Methanotrichaceae;Methanothrix	0	1	1	0	0	0
1217274	Asticcacaulis solisilvae	species	cellular organisms;Bacteria;Pseudomonadati;Pseudomonadota;Alphaproteobacteria;Caulobacterales;Caulobacteraceae;Asticcacaulis;Asticcacaulis solisilvae	0	1	0	0	0	0
2978392	Phyllobacterium sp. A18/5-2	species	cellular organisms;Bacteria;Pseudomonadati;Pseudomonadota;Alphaproteobacteria;Hyphomicrobiales;Phyllobacteriaceae;Phyllobacterium;unclassified Phyllobacterium;Phyllobacterium sp. A18/5-2	0	2	0	0	3	0
41294	Nitrobacteraceae	family	cellular organisms;Bacteria;Pseudomonadati;Pseudomonadota;Alphaproteobacteria;Hyphomicrobiales;Nitrobacteraceae	0	1	400	4	2212	0
543877	Pelagerythrobacter marensis	species	cellular organisms;Bacteria;Pseudomonadati;Pseudomonadota;Alphaproteobacteria;Sphingomonadales;Erythrobacteraceae;Pelagerythrobacter;Pelagerythrobacter marensis	0	1	0	0	0	0
5052	Aspergillus	genus	cellular organisms;Eukaryota;Opisthokonta;Fungi;Dikarya;Ascomycota;saccharomyceta;Pezizomycotina;leotiomyceta;Eurotiomycetes;Eurotiomycetidae;Eurotiales;Aspergillaceae;Aspergillus	0	3	1	1	0	0
3064797	Haladaptataceae	family	cellular organisms;Archaea;Methanobacteriati;Methanobacteriota;Stenosarchaea group;Halobacteria;Halobacteriales;Haladaptataceae	0	1	0	0	0	0
28037	Streptococcus mitis	species	cellular organisms;Bacteria;Bacillati;Bacillota;Bacilli;Lactobacillales;Streptococcaceae;Streptococcus;Streptococcus mitis group;Streptococcus mitis	0	6	0	0	0	4
1505757	Siccibacter colletis	species	cellular organisms;Bacteria;Pseudomonadati;Pseudomonadota;Gammaproteobacteria;Enterobacterales;Enterobacteriaceae;Siccibacter;Siccibacter colletis	0	2	19	0	0	0
49319	Rubrobacter xylanophilus	species	cellular organisms;Bacteria;Bacillati;Actinomycetota;Rubrobacteria;Rubrobacterales;Rubrobacteraceae;Rubrobacter;Rubrobacter xylanophilus	0	1	0	0	0	0
284592	Debaryomyces hansenii CBS767	strain	cellular organisms;Eukaryota;Opisthokonta;Fungi;Dikarya;Ascomycota;saccharomyceta;Saccharomycotina;Pichiomycetes;Serinales;Debaryomycetaceae;Debaryomyces;Debaryomyces hansenii;Debaryomyces hansenii CBS767	0	1	0	1	0	0
3093767	Pseudomonas hormoni	species	cellular organisms;Bacteria;Pseudomonadati;Pseudomonadota;Gammaproteobacteria;Pseudomonadales;Pseudomonadaceae;Pseudomonas;Pseudomonas hormoni	0	1	0	0	0	0
418701	Litorivicinus lipolyticus	species	cellular organisms;Bacteria;Pseudomonadati;Pseudomonadota;Gammaproteobacteria;Oceanospirillales;Litorivicinaceae;Litorivicinus;Litorivicinus lipolyticus	0	1	0	0	0	0
1235591	Pseudorhodoplanes sinuspersici	species	cellular organisms;Bacteria;Pseudomonadati;Pseudomonadota;Alphaproteobacteria;Hyphomicrobiales;Hyphomicrobiales incertae sedis;Pseudorhodoplanes;Pseudorhodoplanes sinuspersici	0	1	0	0	0	0
120831	Dyadobacter	genus	cellular organisms;Bacteria;Pseudomonadati;FCB group;Bacteroidota/Chlorobiota group;Bacteroidota;Cytophagia;Cytophagales;Spirosomataceae;Dyadobacter	0	1	0	0	0	0
2749086	Hyphobacterium sp. CCMP332	species	cellular organisms;Bacteria;Pseudomonadati;Pseudomonadota;Alphaproteobacteria;Maricaulales;Maricaulaceae;Hyphobacterium;unclassified Hyphobacterium;Hyphobacterium sp. CCMP332	0	1	0	0	0	0
1543705	Nitrospirillum	genus	cellular organisms;Bacteria;Pseudomonadati;Pseudomonadota;Alphaproteobacteria;Rhodospirillales;Azospirillaceae;Nitrospirillum	0	1	0	2	0	1
296745	Caldalkalibacillus thermarum	species	cellular organisms;Bacteria;Bacillati;Bacillota;Bacilli;Bacillales;Bacillaceae;Caldalkalibacillus;Caldalkalibacillus thermarum	0	1	0	1	0	0
29494	Vibrio furnissii	species	cellular organisms;Bacteria;Pseudomonadati;Pseudomonadota;Gammaproteobacteria;Vibrionales;Vibrionaceae;Vibrio;Vibrio furnissii	0	1	0	0	0	0
3152141	Orthototiviridae	family	Viruses;Riboviria;Orthornavirae;Duplornaviricota;Chrymotiviricetes;Ghabrivirales;Alphatotivirineae;Orthototiviridae	0	1	0	0	0	0
2560200	Pararubulavirus	genus	Viruses;Riboviria;Orthornavirae;Negarnaviricota;Haploviricotina;Monjiviricetes;Mononegavirales;Paramyxoviridae;Rubulavirinae;Pararubulavirus	0	1	0	0	0	0
2116560	Mount Mabu Lophuromys virus 2	no rank	Viruses;Riboviria;Orthornavirae;Negarnaviricota;Haploviricotina;Monjiviricetes;Mononegavirales;Paramyxoviridae;Orthoparamyxovirinae;Jeilongvirus;Jeilongvirus mabuense;Mount Mabu Lophuromys virus 2	0	1	0	0	0	0
2842319	Fiersviridae	family	Viruses;Riboviria;Orthornavirae;Lenarviricota;Leviviricetes;Norzivirales;Fiersviridae	0	1	0	2	1	0
171163	Halosimplex	genus	cellular organisms;Archaea;Methanobacteriati;Methanobacteriota;Stenosarchaea group;Halobacteria;Halobacteriales;Haloarculaceae;Halosimplex	0	1	0	0	0	0
3126698	Knoellia sp. S7-12	species	cellular organisms;Bacteria;Bacillati;Actinomycetota;Actinomycetes;Micrococcales;Intrasporangiaceae;Knoellia;unclassified Knoellia;Knoellia sp. S7-12	0	1	0	0	0	0
2780077	Moraxella sp. K1664	species	cellular organisms;Bacteria;Pseudomonadati;Pseudomonadota;Gammaproteobacteria;Moraxellales;Moraxellaceae;Moraxella;unclassified Moraxella;Moraxella sp. K1664	0	3	0	2394	0	7113
45151	Pyrenophora tritici-repentis	species	cellular organisms;Eukaryota;Opisthokonta;Fungi;Dikarya;Ascomycota;saccharomyceta;Pezizomycotina;leotiomyceta;dothideomyceta;Dothideomycetes;Pleosporomycetidae;Pleosporales;Pleosporineae;Pleosporaceae;Pyrenophora;Pyrenophora tritici-repentis	0	1	0	1	0	0
76890	Asticcacaulis	genus	cellular organisms;Bacteria;Pseudomonadati;Pseudomonadota;Alphaproteobacteria;Caulobacterales;Caulobacteraceae;Asticcacaulis	0	1	0	0	0	0
3056647	Nostoc sp. GT001	species	cellular organisms;Bacteria;Bacillati;Cyanobacteriota/Melainabacteria group;Cyanobacteriota;Cyanophyceae;Nostocales;Nostocaceae;Nostoc;unclassified Nostoc;Nostoc sp. GT001	0	1	0	0	0	0
3680951	Phyllobacterium sp. K27	species	cellular organisms;Bacteria;Pseudomonadati;Pseudomonadota;Alphaproteobacteria;Hyphomicrobiales;Phyllobacteriaceae;Phyllobacterium;unclassified Phyllobacterium;Phyllobacterium sp. K27	0	4	3	0	4	15
325217	unclassified Mesorhizobium	no rank	cellular organisms;Bacteria;Pseudomonadati;Pseudomonadota;Alphaproteobacteria;Hyphomicrobiales;Phyllobacteriaceae;Mesorhizobium;unclassified Mesorhizobium	0	1	0	0	16	0
118882	Brucellaceae	family	cellular organisms;Bacteria;Pseudomonadati;Pseudomonadota;Alphaproteobacteria;Hyphomicrobiales;Brucellaceae	0	3	0	0	0	0
2829597	Kordiimonas sp. SCSIO 12610	species	cellular organisms;Bacteria;Pseudomonadati;Pseudomonadota;Alphaproteobacteria;Kordiimonadales;Kordiimonadaceae;Kordiimonas;unclassified Kordiimonas;Kordiimonas sp. SCSIO 12610	0	1	0	1	0	0
2919922	Acinetobacter sedimenti	species	cellular organisms;Bacteria;Pseudomonadati;Pseudomonadota;Gammaproteobacteria;Moraxellales;Moraxellaceae;Acinetobacter;Acinetobacter sedimenti	0	1	0	0	0	1
234	Brucella	genus	cellular organisms;Bacteria;Pseudomonadati;Pseudomonadota;Alphaproteobacteria;Hyphomicrobiales;Brucellaceae;Brucella/Ochrobactrum group;Brucella	0	1	0	0	0	0
32025	Helicobacter hepaticus	species	cellular organisms;Bacteria;Pseudomonadati;Campylobacterota;Epsilonproteobacteria;Campylobacterales;Helicobacteraceae;Helicobacter;Helicobacter hepaticus	0	2	0	0	0	0
264691	Trichormus variabilis	species	cellular organisms;Bacteria;Bacillati;Cyanobacteriota/Melainabacteria group;Cyanobacteriota;Cyanophyceae;Nostocales;Nostocaceae;Trichormus;Trichormus variabilis	0	5	0	111	0	10
2169971	Visna-maedi virus	no rank	Viruses;Riboviria;Pararnavirae;Artverviricota;Revtraviricetes;Ortervirales;Retroviridae;Orthoretrovirinae;Lentivirus;Lentivirus ovivismae;Visna-maedi virus	0	1	0	4	17	0
99287	Salmonella enterica subsp. enterica serovar Typhimurium str. LT2	strain	cellular organisms;Bacteria;Pseudomonadati;Pseudomonadota;Gammaproteobacteria;Enterobacterales;Enterobacteriaceae;Salmonella;Salmonella enterica;Salmonella enterica subsp. enterica;Salmonella enterica subsp. enterica serovar Typhimurium;Salmonella enterica subsp. enterica serovar Typhimurium str. LT2	0	1	0	1	0	0
121719	Pannonibacter phragmitetus	species	cellular organisms;Bacteria;Pseudomonadati;Pseudomonadota;Alphaproteobacteria;Hyphomicrobiales;Stappiaceae;Pannonibacter;Pannonibacter phragmitetus	0	1	0	18	0	0
128785	Pseudoxanthomonas mexicana	species	cellular organisms;Bacteria;Pseudomonadati;Pseudomonadota;Gammaproteobacteria;Lysobacterales;Lysobacteraceae;Pseudoxanthomonas;Pseudoxanthomonas mexicana	0	1	0	0	0	0
3342640	Roseomonas sp. CCTCC AB2023176	species	cellular organisms;Bacteria;Pseudomonadati;Pseudomonadota;Alphaproteobacteria;Acetobacterales;Roseomonadaceae;Roseomonas;unclassified Roseomonas;Roseomonas sp. CCTCC AB2023176	0	2	2	2	0	0
1890424	Synechococcales	order	cellular organisms;Bacteria;Bacillati;Cyanobacteriota/Melainabacteria group;Cyanobacteriota;Cyanophyceae;Synechococcales	0	1	0	0	0	0
2611147	unclassified Sphingobium	no rank	cellular organisms;Bacteria;Pseudomonadati;Pseudomonadota;Alphaproteobacteria;Sphingomonadales;Sphingobiaceae;Sphingobium;unclassified Sphingobium	0	1	0	0	0	0
2608889	unclassified Escherichia	no rank	cellular organisms;Bacteria;Pseudomonadati;Pseudomonadota;Gammaproteobacteria;Enterobacterales;Enterobacteriaceae;Escherichia;unclassified Escherichia	0	1	7	0	0	0
199306	Coccidioides posadasii	species	cellular organisms;Eukaryota;Opisthokonta;Fungi;Dikarya;Ascomycota;saccharomyceta;Pezizomycotina;leotiomyceta;Eurotiomycetes;Eurotiomycetidae;Onygenales;Onygenaceae;Coccidioides;Coccidioides posadasii	0	1	2	0	0	0
334819	Fusarium verticillioides 7600	strain	cellular organisms;Eukaryota;Opisthokonta;Fungi;Dikarya;Ascomycota;saccharomyceta;Pezizomycotina;leotiomyceta;sordariomyceta;Sordariomycetes;Hypocreomycetidae;Hypocreales;Nectriaceae;Fusarium;Fusarium fujikuroi species complex;Fusarium verticillioides;Fusarium verticillioides 7600	0	1	25	33	0	0
2045	Pimelobacter simplex	species	cellular organisms;Bacteria;Bacillati;Actinomycetota;Actinomycetes;Propionibacteriales;Nocardioidaceae;Pimelobacter;Pimelobacter simplex	0	1	0	0	0	0
487	Neisseria meningitidis	species	cellular organisms;Bacteria;Pseudomonadati;Pseudomonadota;Betaproteobacteria;Neisseriales;Neisseriaceae;Neisseria;Neisseria meningitidis	0	2	0	0	0	29
426428	Fusarium oxysporum f. sp. lycopersici 4287	strain	cellular organisms;Eukaryota;Opisthokonta;Fungi;Dikarya;Ascomycota;saccharomyceta;Pezizomycotina;leotiomyceta;sordariomyceta;Sordariomycetes;Hypocreomycetidae;Hypocreales;Nectriaceae;Fusarium;Fusarium oxysporum species complex;Fusarium oxysporum;Fusarium oxysporum f. sp. lycopersici;Fusarium oxysporum f. sp. lycopersici 4287	0	2	1	25	0	0
3052562	Orthorubulavirus suis	species	Viruses;Riboviria;Orthornavirae;Negarnaviricota;Haploviricotina;Monjiviricetes;Mononegavirales;Paramyxoviridae;Rubulavirinae;Orthorubulavirus;Orthorubulavirus suis	0	2	0	0	0	0
49546	Flavobacteriaceae	family	cellular organisms;Bacteria;Pseudomonadati;FCB group;Bacteroidota/Chlorobiota group;Bacteroidota;Flavobacteriia;Flavobacteriales;Flavobacteriaceae	0	1	1	0	1	21
231454	Dyella	genus	cellular organisms;Bacteria;Pseudomonadati;Pseudomonadota;Gammaproteobacteria;Lysobacterales;Rhodanobacteraceae;Dyella	0	1	0	0	0	0
4909	Pichia kudriavzevii	species	cellular organisms;Eukaryota;Opisthokonta;Fungi;Dikarya;Ascomycota;saccharomyceta;Saccharomycotina;Pichiomycetes;Pichiales;Pichiaceae;Pichia;Pichia kudriavzevii	0	2	1	1	0	0
3065865	Candidatus Thiodiazotropha sp. CDECU1	species	cellular organisms;Bacteria;Pseudomonadati;Pseudomonadota;Gammaproteobacteria;Chromatiales;Sedimenticolaceae;Candidatus Thiodiazotropha;unclassified Candidatus Thiodiazotropha;Candidatus Thiodiazotropha sp. CDECU1	0	1	0	0	0	0
209	Helicobacter	genus	cellular organisms;Bacteria;Pseudomonadati;Campylobacterota;Epsilonproteobacteria;Campylobacterales;Helicobacteraceae;Helicobacter	0	1	1	0	0	0
78	Caulobacter sp.	species	cellular organisms;Bacteria;Pseudomonadati;Pseudomonadota;Alphaproteobacteria;Caulobacterales;Caulobacteraceae;Caulobacter;unclassified Caulobacter;Caulobacter sp.	0	1	1	0	0	0
1112597	Bat Paramyxovirus Epo_spe/AR1/DRC/2009	no rank	Viruses;Riboviria;Orthornavirae;Negarnaviricota;Haploviricotina;Monjiviricetes;Mononegavirales;Paramyxoviridae;Rubulavirinae;Orthorubulavirus;unclassified Orthorubulavirus;Bat mumps orthorubulavirus;Bat Paramyxovirus Epo_spe/AR1/DRC/2009	0	1	0	0	0	0
352472	Dictyostelium discoideum AX4	strain	cellular organisms;Eukaryota;Amoebozoa;Evosea;Eumycetozoa;Dictyostelia;Dictyosteliales;Dictyosteliaceae;Dictyostelium;Dictyostelium discoideum;Dictyostelium discoideum AX4	0	1	18	3	0	1
727	Haemophilus influenzae	species	cellular organisms;Bacteria;Pseudomonadati;Pseudomonadota;Gammaproteobacteria;Pasteurellales;Pasteurellaceae;Haemophilus;Haemophilus influenzae	0	1	0	0	0	1
3133280	Sorangium sp. So ce124	species	cellular organisms;Bacteria;Pseudomonadati;Myxococcota;Polyangia;Polyangiales;Polyangiaceae;Sorangium;unclassified Sorangium;Sorangium sp. So ce124	0	2	0	1	0	0
2282397	Novosphingobium humi	species	cellular organisms;Bacteria;Pseudomonadati;Pseudomonadota;Alphaproteobacteria;Sphingomonadales;Sphingomonadaceae;Novosphingobium;Novosphingobium humi	0	1	2	1	0	0
780	Rickettsia	genus	cellular organisms;Bacteria;Pseudomonadati;Pseudomonadota;Alphaproteobacteria;Rickettsiales;Rickettsiaceae;Rickettsieae;Rickettsia	0	1	0	1	0	0
1448929	Fervidibacter sacchari	species	cellular organisms;Bacteria;Bacteria incertae sedis;Bacteria candidate phyla;Candidatus Fervidibacterota;Fervidibacteria;Fervidibacterales;Fervidibacteraceae;Fervidibacter;Fervidibacter sacchari	0	2	0	0	0	0
3366811	Alcaligenes sp. WGS1538	species	cellular organisms;Bacteria;Pseudomonadati;Pseudomonadota;Betaproteobacteria;Burkholderiales;Alcaligenaceae;Alcaligenes;unclassified Alcaligenes;Alcaligenes sp. WGS1538	0	1	0	0	0	0
2619626	unclassified Calothrix	no rank	cellular organisms;Bacteria;Bacillati;Cyanobacteriota/Melainabacteria group;Cyanobacteriota;Cyanophyceae;Nostocales;Calotrichaceae;Calothrix;unclassified Calothrix	0	1	0	1	0	0
332648	Botrytis cinerea B05.10	strain	cellular organisms;Eukaryota;Opisthokonta;Fungi;Dikarya;Ascomycota;saccharomyceta;Pezizomycotina;leotiomyceta;sordariomyceta;Leotiomycetes;Helotiales;Sclerotiniaceae;Botrytis;Botrytis cinerea;Botrytis cinerea B05.10	0	1	8	6	0	0
171	Leptospira	genus	cellular organisms;Bacteria;Pseudomonadati;Spirochaetota;Spirochaetia;Leptospirales;Leptospiraceae;Leptospira	0	1	0	4	0	0
1304	Streptococcus salivarius	species	cellular organisms;Bacteria;Bacillati;Bacillota;Bacilli;Lactobacillales;Streptococcaceae;Streptococcus;Streptococcus salivarius	0	1	0	0	0	0
162013	Tioman virus	no rank	Viruses;Riboviria;Orthornavirae;Negarnaviricota;Haploviricotina;Monjiviricetes;Mononegavirales;Paramyxoviridae;Rubulavirinae;Pararubulavirus;Pararubulavirus tiomanense;Tioman virus	0	1	0	0	0	0
56112	Dehalobacter	genus	cellular organisms;Bacteria;Bacillati;Bacillota;Clostridia;Eubacteriales;Desulfitobacteriaceae;Dehalobacter	0	1	1	0	0	0
206351	Neisseriales	order	cellular organisms;Bacteria;Pseudomonadati;Pseudomonadota;Betaproteobacteria;Neisseriales	0	1	0	0	0	0
1117	Cyanobacteriota	phylum	cellular organisms;Bacteria;Bacillati;Cyanobacteriota/Melainabacteria group;Cyanobacteriota	0	1	1	1	0	0
2636769	unclassified Actinomycetospora	no rank	cellular organisms;Bacteria;Bacillati;Actinomycetota;Actinomycetes;Pseudonocardiales;Pseudonocardiaceae;Actinomycetospora;unclassified Actinomycetospora	0	1	0	0	0	0
1325107	Bradyrhizobium zhanjiangense	species	cellular organisms;Bacteria;Pseudomonadati;Pseudomonadota;Alphaproteobacteria;Hyphomicrobiales;Nitrobacteraceae;Bradyrhizobium;Bradyrhizobium zhanjiangense	0	1	0	0	0	0
5741	Giardia duodenalis	species	cellular organisms;Eukaryota;Metamonada;Fornicata;Diplomonadida;Hexamitidae;Giardiinae;Giardia;Giardia duodenalis	0	1	1	1	0	0
1581557	Candidatus Methylopumilus planktonicus	species	cellular organisms;Bacteria;Pseudomonadati;Pseudomonadota;Betaproteobacteria;Nitrosomonadales;Methylophilaceae;Candidatus Methylopumilus;Candidatus Methylopumilus planktonicus	0	1	0	0	0	0
414371	Aureimonas	genus	cellular organisms;Bacteria;Pseudomonadati;Pseudomonadota;Alphaproteobacteria;Hyphomicrobiales;Aurantimonadaceae;Aureimonas	0	1	0	0	0	0
582	Morganella morganii	species	cellular organisms;Bacteria;Pseudomonadati;Pseudomonadota;Gammaproteobacteria;Enterobacterales;Morganellaceae;Morganella;Morganella morganii	0	1	0	0	0	0
1912216	Cutibacterium	genus	cellular organisms;Bacteria;Bacillati;Actinomycetota;Actinomycetes;Propionibacteriales;Propionibacteriaceae;Cutibacterium	0	1	68	11	19493	80
2493670	Mesorhizobium sp. M2A.F.Ca.ET.043.02.1.1	species	cellular organisms;Bacteria;Pseudomonadati;Pseudomonadota;Alphaproteobacteria;Hyphomicrobiales;Phyllobacteriaceae;Mesorhizobium;unclassified Mesorhizobium;Mesorhizobium sp. M2A.F.Ca.ET.043.02.1.1	0	1	0	2	0	0
2319844	Sphingomonas paeninsulae	species	cellular organisms;Bacteria;Pseudomonadati;Pseudomonadota;Alphaproteobacteria;Sphingomonadales;Sphingomonadaceae;Sphingomonas;Sphingomonas paeninsulae	0	1	0	0	0	0
2249475	Mundinia	subgenus	cellular organisms;Eukaryota;Discoba;Euglenozoa;Kinetoplastea;Metakinetoplastina;Trypanosomatida;Trypanosomatidae;Leishmaniinae;Leishmania;Mundinia	0	1	0	1	0	0
2763107	Alloacidobacterium dinghuense	species	cellular organisms;Bacteria;Pseudomonadati;Acidobacteriota;Terriglobia;Terriglobales;Acidobacteriaceae;Alloacidobacterium;Alloacidobacterium dinghuense	0	1	0	0	0	0
285107	Thioclava	genus	cellular organisms;Bacteria;Pseudomonadati;Pseudomonadota;Alphaproteobacteria;Rhodobacterales;Paracoccaceae;Thioclava	0	1	0	0	0	0
1766	Mycolicibacterium fortuitum	species	cellular organisms;Bacteria;Bacillati;Actinomycetota;Actinomycetes;Mycobacteriales;Mycobacteriaceae;Mycolicibacterium;Mycolicibacterium fortuitum	0	1	0	2	4	108
283734	Staphylococcus pseudintermedius	species	cellular organisms;Bacteria;Bacillati;Bacillota;Bacilli;Bacillales;Staphylococcaceae;Staphylococcus;Staphylococcus intermedius group;Staphylococcus pseudintermedius	0	1	0	0	119	0
85072	Allochromatium	genus	cellular organisms;Bacteria;Pseudomonadati;Pseudomonadota;Gammaproteobacteria;Chromatiales;Chromatiaceae;Allochromatium	0	1	0	0	0	0
36913	Lodderomyces	genus	cellular organisms;Eukaryota;Opisthokonta;Fungi;Dikarya;Ascomycota;saccharomyceta;Saccharomycotina;Pichiomycetes;Serinales;Debaryomycetaceae;Candida/Lodderomyces clade;Lodderomyces	0	1	0	1	0	0
261302	Paraburkholderia phytofirmans	species	cellular organisms;Bacteria;Pseudomonadati;Pseudomonadota;Betaproteobacteria;Burkholderiales;Burkholderiaceae;Paraburkholderia;Paraburkholderia phytofirmans	0	1	0	0	0	0
3422307	Humitalea sp. 24SJ18S-53	species	cellular organisms;Bacteria;Pseudomonadati;Pseudomonadota;Alphaproteobacteria;Acetobacterales;Roseomonadaceae;Humitalea;unclassified Humitalea;Humitalea sp. 24SJ18S-53	0	1	0	0	1	0
348296	Atlantic salmon swim bladder sarcoma virus	species	Viruses;Riboviria;Pararnavirae;Artverviricota;Revtraviricetes;Ortervirales;Retroviridae;unclassified Retroviridae;Atlantic salmon swim bladder sarcoma virus	0	1	0	1	0	0
3469795	Cerasibacillus sp. JNUCC 74	species	cellular organisms;Bacteria;Bacillati;Bacillota;Bacilli;Bacillales;Bacillaceae;Cerasibacillus;unclassified Cerasibacillus;Cerasibacillus sp. JNUCC 74	0	1	0	1	0	0
570162	Fretibacter rubidus	species	cellular organisms;Bacteria;Pseudomonadati;Pseudomonadota;Alphaproteobacteria;Maricaulales;Robiginitomaculaceae;Fretibacter;Fretibacter rubidus	0	1	0	0	1	0
1461000	Bartonella heixiaziensis	species	cellular organisms;Bacteria;Pseudomonadati;Pseudomonadota;Alphaproteobacteria;Hyphomicrobiales;Bartonellaceae;Bartonella;Bartonella heixiaziensis	0	1	0	0	0	0
2082949	Microvirga sp. 17 mud 1-3	species	cellular organisms;Bacteria;Pseudomonadati;Pseudomonadota;Alphaproteobacteria;Hyphomicrobiales;Methylobacteriaceae;Microvirga;unclassified Microvirga;Microvirga sp. 17 mud 1-3	0	1	0	0	0	0
74318	Maricaulis maris	species	cellular organisms;Bacteria;Pseudomonadati;Pseudomonadota;Alphaproteobacteria;Maricaulales;Maricaulaceae;Maricaulis;Maricaulis maris	0	2	1	1	0	0
2233851	Blastochloris tepida	species	cellular organisms;Bacteria;Pseudomonadati;Pseudomonadota;Alphaproteobacteria;Hyphomicrobiales;Blastochloridaceae;Blastochloris;Blastochloris tepida	0	1	0	0	0	5
19	Syntrophotalea carbinolica	species	cellular organisms;Bacteria;Pseudomonadati;Thermodesulfobacteriota;Desulfuromonadia;Desulfuromonadales;Syntrophotaleaceae;Syntrophotalea;Syntrophotalea carbinolica	0	1	0	0	0	0
35814	Bordetella holmesii	species	cellular organisms;Bacteria;Pseudomonadati;Pseudomonadota;Betaproteobacteria;Burkholderiales;Alcaligenaceae;Bordetella;Bordetella holmesii	0	1	0	0	0	0
1545044	Paracoccus sanguinis	species	cellular organisms;Bacteria;Pseudomonadati;Pseudomonadota;Alphaproteobacteria;Rhodobacterales;Paracoccaceae;Paracoccus;Paracoccus sanguinis	0	1	0	0	0	0
1328300	Fusarium keratoplasticum	species	cellular organisms;Eukaryota;Opisthokonta;Fungi;Dikarya;Ascomycota;saccharomyceta;Pezizomycotina;leotiomyceta;sordariomyceta;Sordariomycetes;Hypocreomycetidae;Hypocreales;Nectriaceae;Fusarium;Fusarium solani species complex;Fusarium keratoplasticum	0	1	1	0	0	0
1071381	Tetrapisispora phaffii CBS 4417	strain	cellular organisms;Eukaryota;Opisthokonta;Fungi;Dikarya;Ascomycota;saccharomyceta;Saccharomycotina;Saccharomycetes;Saccharomycetales;Saccharomycetaceae;Tetrapisispora;Tetrapisispora phaffii;Tetrapisispora phaffii CBS 4417	0	1	4	37	73	0
3241576	Candidatus Leptofilum sp.	species	cellular organisms;Bacteria;Bacillati;Chloroflexota;Ardenticatenia;Candidatus Promineifilales;Candidatus Promineifilaceae;Candidatus Leptofilum;unclassified Candidatus Leptofilum;Candidatus Leptofilum sp.	0	1	0	0	0	0
1649298	Siccibacter	genus	cellular organisms;Bacteria;Pseudomonadati;Pseudomonadota;Gammaproteobacteria;Enterobacterales;Enterobacteriaceae;Siccibacter	0	1	0	0	0	0
2916678	Serinales	order	cellular organisms;Eukaryota;Opisthokonta;Fungi;Dikarya;Ascomycota;saccharomyceta;Saccharomycotina;Pichiomycetes;Serinales	0	1	0	2	0	0
1873	Micromonospora	genus	cellular organisms;Bacteria;Bacillati;Actinomycetota;Actinomycetes;Micromonosporales;Micromonosporaceae;Micromonospora	0	1	0	1	0	1
354349	Pseudochrobactrum	genus	cellular organisms;Bacteria;Pseudomonadati;Pseudomonadota;Alphaproteobacteria;Hyphomicrobiales;Brucellaceae;Pseudochrobactrum	0	1	0	0	0	0
2895980	Terrirubrum flagellatum	species	cellular organisms;Bacteria;Pseudomonadati;Pseudomonadota;Alphaproteobacteria;Hyphomicrobiales;Terrirubraceae;Terrirubrum;Terrirubrum flagellatum	0	1	0	0	0	0
47251	Leptolyngbya	genus	cellular organisms;Bacteria;Bacillati;Cyanobacteriota/Melainabacteria group;Cyanobacteriota;Cyanophyceae;Leptolyngbyales;Leptolyngbyaceae;Leptolyngbya group;Leptolyngbya	0	1	0	0	0	0
186650	Microvirga	genus	cellular organisms;Bacteria;Pseudomonadati;Pseudomonadota;Alphaproteobacteria;Hyphomicrobiales;Methylobacteriaceae;Microvirga	0	1	4	1	0	0
28056	Micromonosporaceae	family	cellular organisms;Bacteria;Bacillati;Actinomycetota;Actinomycetes;Micromonosporales;Micromonosporaceae	0	1	0	0	0	0
95485	Burkholderia stabilis	species	cellular organisms;Bacteria;Pseudomonadati;Pseudomonadota;Betaproteobacteria;Burkholderiales;Burkholderiaceae;Burkholderia;Burkholderia cepacia complex;Burkholderia stabilis	0	1	0	0	1	0
2211106	Thiomicrorhabdus aquaedulcis	species	cellular organisms;Bacteria;Pseudomonadati;Pseudomonadota;Gammaproteobacteria;Thiotrichales;Piscirickettsiaceae;Thiomicrorhabdus;Thiomicrorhabdus aquaedulcis	0	1	0	0	0	0
1780362	Campylobacter geochelonis	species	cellular organisms;Bacteria;Pseudomonadati;Campylobacterota;Epsilonproteobacteria;Campylobacterales;Campylobacteraceae;Campylobacter;Campylobacter geochelonis	0	1	0	0	0	0
72293	Helicobacteraceae	family	cellular organisms;Bacteria;Pseudomonadati;Campylobacterota;Epsilonproteobacteria;Campylobacterales;Helicobacteraceae	0	1	0	0	0	0
988779	Candidatus Megaera polyxenophila	species	cellular organisms;Bacteria;Pseudomonadati;Pseudomonadota;Alphaproteobacteria;Rickettsiales;Rickettsiaceae;Candidatus Megaera;Candidatus Megaera polyxenophila	0	1	0	0	0	0
1827195	Caballeronia	genus	cellular organisms;Bacteria;Pseudomonadati;Pseudomonadota;Betaproteobacteria;Burkholderiales;Burkholderiaceae;Caballeronia	0	1	0	0	0	0
2560602	Mumps orthorubulavirus	no rank	Viruses;Riboviria;Orthornavirae;Negarnaviricota;Haploviricotina;Monjiviricetes;Mononegavirales;Paramyxoviridae;Rubulavirinae;Orthorubulavirus;Orthorubulavirus parotitidis;Mumps orthorubulavirus	0	1	0	0	0	0
254247	Aquicella siphonis	species	cellular organisms;Bacteria;Pseudomonadati;Pseudomonadota;Gammaproteobacteria;Legionellales;Coxiellaceae;Aquicella;Aquicella siphonis	0	1	0	0	0	0
1279085	Fusarium fujikuroi IMI 58289	strain	cellular organisms;Eukaryota;Opisthokonta;Fungi;Dikarya;Ascomycota;saccharomyceta;Pezizomycotina;leotiomyceta;sordariomyceta;Sordariomycetes;Hypocreomycetidae;Hypocreales;Nectriaceae;Fusarium;Fusarium fujikuroi species complex;Fusarium fujikuroi;Fusarium fujikuroi IMI 58289	0	0	8	6	0	1
490731	Kwoniella	genus	cellular organisms;Eukaryota;Opisthokonta;Fungi;Dikarya;Basidiomycota;Agaricomycotina;Tremellomycetes;Tremellales;Cryptococcaceae;Kwoniella	0	0	334	292	0	0
162145	human metapneumovirus	no rank	Viruses;Riboviria;Orthornavirae;Negarnaviricota;Haploviricotina;Monjiviricetes;Mononegavirales;Pneumoviridae;Metapneumovirus;Metapneumovirus hominis;human metapneumovirus	0	0	426	0	1	0
379	Rhizobium	genus	cellular organisms;Bacteria;Pseudomonadati;Pseudomonadota;Alphaproteobacteria;Hyphomicrobiales;Rhizobiaceae;Rhizobium/Agrobacterium group;Rhizobium	0	0	5	0	3	6
152480	Burkholderia ambifaria	species	cellular organisms;Bacteria;Pseudomonadati;Pseudomonadota;Betaproteobacteria;Burkholderiales;Burkholderiaceae;Burkholderia;Burkholderia cepacia complex;Burkholderia ambifaria	0	0	123	1	0	0
1497681	Paenilisteria newyorkensis	species	cellular organisms;Bacteria;Bacillati;Bacillota;Bacilli;Bacillales;Listeriaceae;Paenilisteria;Paenilisteria newyorkensis	0	0	14	0	0	0
3066168	Wolbachia endosymbiont (group B) of Cyclophora punctaria	species	cellular organisms;Bacteria;Pseudomonadati;Pseudomonadota;Alphaproteobacteria;Rickettsiales;Anaplasmataceae;Wolbachieae;Wolbachia;unclassified Wolbachia;Wolbachia endosymbiont (group B) of Cyclophora punctaria	0	0	5	0	0	0
480	Moraxella catarrhalis	species	cellular organisms;Bacteria;Pseudomonadati;Pseudomonadota;Gammaproteobacteria;Moraxellales;Moraxellaceae;Moraxella;Moraxella catarrhalis	0	0	80	3	0	43703
354351	Pseudochrobactrum asaccharolyticum	species	cellular organisms;Bacteria;Pseudomonadati;Pseudomonadota;Alphaproteobacteria;Hyphomicrobiales;Brucellaceae;Pseudochrobactrum;Pseudochrobactrum asaccharolyticum	0	0	6	0	1	0
1396	Bacillus cereus	species	cellular organisms;Bacteria;Bacillati;Bacillota;Bacilli;Bacillales;Bacillaceae;Bacillus;Bacillus cereus group;Bacillus cereus	0	0	2	0	113	0
454148	Roseibacillus persicicus	species	cellular organisms;Bacteria;Pseudomonadati;PVC group;Verrucomicrobiota;Verrucomicrobiia;Verrucomicrobiales;Verrucomicrobiaceae;Roseibacillus;Roseibacillus persicicus	0	0	1	0	0	0
162387	Metapneumovirus	genus	Viruses;Riboviria;Orthornavirae;Negarnaviricota;Haploviricotina;Monjiviricetes;Mononegavirales;Pneumoviridae;Metapneumovirus	0	0	62	0	0	0
6033	Encephalitozoon	genus	cellular organisms;Eukaryota;Opisthokonta;Fungi;Fungi incertae sedis;Microsporidia;Apansporoblastina;Unikaryonidae;Encephalitozoon	0	0	2	1	0	0
3423415	Geodermatophilus sp. URMC 63	species	cellular organisms;Bacteria;Bacillati;Actinomycetota;Actinomycetes;Geodermatophilales;Geodermatophilaceae;Geodermatophilus;unclassified Geodermatophilus;Geodermatophilus sp. URMC 63	0	0	37	0	0	0
1003335	Kluyveromyces marxianus DMKU3-1042	strain	cellular organisms;Eukaryota;Opisthokonta;Fungi;Dikarya;Ascomycota;saccharomyceta;Saccharomycotina;Saccharomycetes;Saccharomycetales;Saccharomycetaceae;Kluyveromyces;Kluyveromyces marxianus;Kluyveromyces marxianus DMKU3-1042	0	0	10	13	0	2
11244	Pneumoviridae	family	Viruses;Riboviria;Orthornavirae;Negarnaviricota;Haploviricotina;Monjiviricetes;Mononegavirales;Pneumoviridae	0	0	79	0	2907	85
113267	Bathymodiolus septemdierum thioautotrophic gill symbiont	species	cellular organisms;Bacteria;Pseudomonadati;Pseudomonadota;Gammaproteobacteria;Gammaproteobacteria incertae sedis;sulfur-oxidizing symbionts;Bathymodiolus septemdierum thioautotrophic gill symbiont	0	0	1	0	0	0
2613784	unclassified Burkholderia	no rank	cellular organisms;Bacteria;Pseudomonadati;Pseudomonadota;Betaproteobacteria;Burkholderiales;Burkholderiaceae;Burkholderia;unclassified Burkholderia	0	0	53	0	0	0
2813577	Myxococcus landrumensis	species	cellular organisms;Bacteria;Pseudomonadati;Myxococcota;Myxococcia;Myxococcales;Cystobacterineae;Myxococcaceae;Myxococcus;Myxococcus landrumensis	0	0	4	1	0	0
563835	Chitinophagaceae	family	cellular organisms;Bacteria;Pseudomonadati;FCB group;Bacteroidota/Chlorobiota group;Bacteroidota;Chitinophagia;Chitinophagales;Chitinophagaceae	0	0	5	0	1180	1
3019544	Hyphomicrobium sp. DMF-1	species	cellular organisms;Bacteria;Pseudomonadati;Pseudomonadota;Alphaproteobacteria;Hyphomicrobiales;Hyphomicrobiaceae;Hyphomicrobium;unclassified Hyphomicrobium;Hyphomicrobium sp. DMF-1	0	0	33	0	0	0
1335043	Paradevosia shaoguanensis	species	cellular organisms;Bacteria;Pseudomonadati;Pseudomonadota;Alphaproteobacteria;Hyphomicrobiales;Devosiaceae;Paradevosia;Paradevosia shaoguanensis	0	0	1	0	0	0
3101308	Candidatus Spongiihabitans sp.	species	cellular organisms;Bacteria;Pseudomonadati;Pseudomonadota;Gammaproteobacteria;Arenicellales;Candidatus Poriferihabitaceae;Candidatus Spongiihabitans;unclassified Candidatus Spongiihabitans;Candidatus Spongiihabitans sp.	0	0	1	0	0	0
242507	Pyricularia oryzae 70-15	strain	cellular organisms;Eukaryota;Opisthokonta;Fungi;Dikarya;Ascomycota;saccharomyceta;Pezizomycotina;leotiomyceta;sordariomyceta;Sordariomycetes;Sordariomycetidae;Magnaporthales;Pyriculariaceae;Pyricularia;Pyricularia oryzae;Pyricularia oryzae 70-15	0	0	1	0	0	0
2952158	Gracilimonas sediminicola	species	cellular organisms;Bacteria;Pseudomonadati;FCB group;Bacteroidota/Chlorobiota group;Balneolota;Balneolia;Balneolales;Balneolaceae;Gracilimonas;Gracilimonas sediminicola	0	0	1	0	0	0
165696	Novosphingobium	genus	cellular organisms;Bacteria;Pseudomonadati;Pseudomonadota;Alphaproteobacteria;Sphingomonadales;Sphingomonadaceae;Novosphingobium	0	0	1	2	0	0
569360	Fusarium sambucinum species complex	species group	cellular organisms;Eukaryota;Opisthokonta;Fungi;Dikarya;Ascomycota;saccharomyceta;Pezizomycotina;leotiomyceta;sordariomyceta;Sordariomycetes;Hypocreomycetidae;Hypocreales;Nectriaceae;Fusarium;Fusarium sambucinum species complex	0	0	2	0	0	0
3066220	unclassified Candidatus Mesenet	no rank	cellular organisms;Bacteria;Pseudomonadati;Pseudomonadota;Alphaproteobacteria;Rickettsiales;Anaplasmataceae;Candidatus Mesenet;unclassified Candidatus Mesenet	0	0	2	2	0	0
2699430	Caldichromatium japonicum	species	cellular organisms;Bacteria;Pseudomonadati;Pseudomonadota;Gammaproteobacteria;Chromatiales;Chromatiaceae;Caldichromatium;Caldichromatium japonicum	0	0	1	0	0	0
32	Myxococcus	genus	cellular organisms;Bacteria;Pseudomonadati;Myxococcota;Myxococcia;Myxococcales;Cystobacterineae;Myxococcaceae;Myxococcus	0	0	5	0	0	0
2518371	Nocardioides seonyuensis	species	cellular organisms;Bacteria;Bacillati;Actinomycetota;Actinomycetes;Propionibacteriales;Nocardioidaceae;Nocardioides;Nocardioides seonyuensis	0	0	3	0	0	0
623	Shigella flexneri	species	cellular organisms;Bacteria;Pseudomonadati;Pseudomonadota;Gammaproteobacteria;Enterobacterales;Enterobacteriaceae;Shigella;Shigella flexneri	0	0	11	5	26	0
511145	Escherichia coli str. K-12 substr. MG1655	no rank	cellular organisms;Bacteria;Pseudomonadati;Pseudomonadota;Gammaproteobacteria;Enterobacterales;Enterobacteriaceae;Escherichia;Escherichia coli;Escherichia coli K-12;Escherichia coli str. K-12 substr. MG1655	0	0	4	9	3	0
29393	Dolosigranulum	genus	cellular organisms;Bacteria;Bacillati;Bacillota;Bacilli;Lactobacillales;Carnobacteriaceae;Dolosigranulum	0	0	12	8	0	8776
3066282	Spiroplasma endosymbiont of Clivina fossor	species	cellular organisms;Bacteria;Bacillati;Mycoplasmatota;Mollicutes;Entomoplasmatales;Spiroplasmataceae;Spiroplasma;unclassified Spiroplasma;Spiroplasma endosymbiont of Clivina fossor	0	0	2	0	0	0
33011	Cutibacterium granulosum	species	cellular organisms;Bacteria;Bacillati;Actinomycetota;Actinomycetes;Propionibacteriales;Propionibacteriaceae;Cutibacterium;Cutibacterium granulosum	0	0	22	0	1	0
2589967	Mesorhizobium sp. B2-1-8	species	cellular organisms;Bacteria;Pseudomonadati;Pseudomonadota;Alphaproteobacteria;Hyphomicrobiales;Phyllobacteriaceae;Mesorhizobium;unclassified Mesorhizobium;Mesorhizobium sp. B2-1-8	0	0	1	0	0	0
1119533	Marinobacter sp. P4B1	species	cellular organisms;Bacteria;Pseudomonadati;Pseudomonadota;Gammaproteobacteria;Pseudomonadales;Marinobacteraceae;Marinobacter;unclassified Marinobacter;Marinobacter sp. P4B1	0	0	9	0	0	0
2807101	Microvirga sp. VF16	species	cellular organisms;Bacteria;Pseudomonadati;Pseudomonadota;Alphaproteobacteria;Hyphomicrobiales;Methylobacteriaceae;Microvirga;unclassified Microvirga;Microvirga sp. VF16	0	0	1	0	0	0
522	Acidiphilium	genus	cellular organisms;Bacteria;Pseudomonadati;Pseudomonadota;Alphaproteobacteria;Acetobacterales;Acidocellaceae;Acidiphilium	0	0	1	2	0	0
3423417	Geodermatophilus sp. URMC 65	species	cellular organisms;Bacteria;Bacillati;Actinomycetota;Actinomycetes;Geodermatophilales;Geodermatophilaceae;Geodermatophilus;unclassified Geodermatophilus;Geodermatophilus sp. URMC 65	0	0	1	0	0	0
186846	Salasvirus	genus	Viruses;Duplodnaviria;Heunggongvirae;Uroviricota;Caudoviricetes;Caudoviricetes incertae sedis;Salasmaviridae;Picovirinae;Salasvirus	0	0	4	0	5	1
165697	Sphingopyxis	genus	cellular organisms;Bacteria;Pseudomonadati;Pseudomonadota;Alphaproteobacteria;Sphingomonadales;Sphingopyxidaceae;Sphingopyxis	0	0	2	0	0	0
2953971	Wolbachia endosymbiont (group A) of Acrocera orbiculus	species	cellular organisms;Bacteria;Pseudomonadati;Pseudomonadota;Alphaproteobacteria;Rickettsiales;Anaplasmataceae;Wolbachieae;Wolbachia;unclassified Wolbachia;Wolbachia endosymbiont (group A) of Acrocera orbiculus	0	0	5	0	0	0
3077918	Wolbachia endosymbiont (group B) of Agriphila inquinatella	species	cellular organisms;Bacteria;Pseudomonadati;Pseudomonadota;Alphaproteobacteria;Rickettsiales;Anaplasmataceae;Wolbachieae;Wolbachia;unclassified Wolbachia;Wolbachia endosymbiont (group B) of Agriphila inquinatella	0	0	1	0	1	0
781	Rickettsia conorii	species	cellular organisms;Bacteria;Pseudomonadati;Pseudomonadota;Alphaproteobacteria;Rickettsiales;Rickettsiaceae;Rickettsieae;Rickettsia;spotted fever group;Rickettsia conorii	0	0	1	0	0	0
1678078	Mollivirus sibericum	species	Viruses;unclassified viruses;Mollivirus sibericum	0	0	1	0	0	0
2633371	unclassified Ensifer	no rank	cellular organisms;Bacteria;Pseudomonadati;Pseudomonadota;Alphaproteobacteria;Hyphomicrobiales;Rhizobiaceae;Sinorhizobium/Ensifer group;Ensifer;unclassified Ensifer	0	0	7	0	0	0
58346	Streptomyces platensis	species	cellular organisms;Bacteria;Bacillati;Actinomycetota;Actinomycetes;Kitasatosporales;Streptomycetaceae;Streptomyces;Streptomyces platensis	0	0	6	0	0	0
213849	Campylobacterales	order	cellular organisms;Bacteria;Pseudomonadati;Campylobacterota;Epsilonproteobacteria;Campylobacterales	0	0	1	0	0	3
2720871	Aspergillus subgen. Circumdati	subgenus	cellular organisms;Eukaryota;Opisthokonta;Fungi;Dikarya;Ascomycota;saccharomyceta;Pezizomycotina;leotiomyceta;Eurotiomycetes;Eurotiomycetidae;Eurotiales;Aspergillaceae;Aspergillus;Aspergillus subgen. Circumdati	0	0	5	0	0	0
1670800	Aquibium oceanicum	species	cellular organisms;Bacteria;Pseudomonadati;Pseudomonadota;Alphaproteobacteria;Hyphomicrobiales;Phyllobacteriaceae;Aquibium;Aquibium oceanicum	0	0	1	0	0	0
1380566	Pochonia chlamydosporia 170	strain	cellular organisms;Eukaryota;Opisthokonta;Fungi;Dikarya;Ascomycota;saccharomyceta;Pezizomycotina;leotiomyceta;sordariomyceta;Sordariomycetes;Hypocreomycetidae;Hypocreales;Clavicipitaceae;Pochonia;Pochonia chlamydosporia;Pochonia chlamydosporia 170	0	0	18	0	0	0
74109	Photobacterium profundum	species	cellular organisms;Bacteria;Pseudomonadati;Pseudomonadota;Gammaproteobacteria;Vibrionales;Vibrionaceae;Photobacterium;Photobacterium profundum	0	0	1	0	0	0
1775411	Rhodanobacteraceae	family	cellular organisms;Bacteria;Pseudomonadati;Pseudomonadota;Gammaproteobacteria;Lysobacterales;Rhodanobacteraceae	0	0	1	0	0	8
2527979	Stieleria neptunia	species	cellular organisms;Bacteria;Pseudomonadati;PVC group;Planctomycetota;Planctomycetia;Pirellulales;Pirellulaceae;Stieleria;Stieleria neptunia	0	0	10	0	0	0
3243362	Microbulbifer sp. ANSA005	species	cellular organisms;Bacteria;Pseudomonadati;Pseudomonadota;Gammaproteobacteria;Cellvibrionales;Microbulbiferaceae;Microbulbifer;unclassified Microbulbifer;Microbulbifer sp. ANSA005	0	0	1	0	0	0
2897177	Chitinibacteraceae	family	cellular organisms;Bacteria;Pseudomonadati;Pseudomonadota;Betaproteobacteria;Neisseriales;Chitinibacteraceae	0	0	1	0	0	0
542836	Picovirinae	subfamily	Viruses;Duplodnaviria;Heunggongvirae;Uroviricota;Caudoviricetes;Caudoviricetes incertae sedis;Salasmaviridae;Picovirinae	0	0	2	0	2	0
5499	Fulvia fulva	species	cellular organisms;Eukaryota;Opisthokonta;Fungi;Dikarya;Ascomycota;saccharomyceta;Pezizomycotina;leotiomyceta;dothideomyceta;Dothideomycetes;Dothideomycetidae;Mycosphaerellales;Mycosphaerellaceae;Fulvia;Fulvia fulva	0	0	3	2	0	0
2185142	Altererythrobacter sp. ZODW24	species	cellular organisms;Bacteria;Pseudomonadati;Pseudomonadota;Alphaproteobacteria;Sphingomonadales;Erythrobacteraceae;Altererythrobacter;unclassified Altererythrobacter;Altererythrobacter sp. ZODW24	0	0	1	0	0	0
293958	Rhizobium lusitanum	species	cellular organisms;Bacteria;Pseudomonadati;Pseudomonadota;Alphaproteobacteria;Hyphomicrobiales;Rhizobiaceae;Rhizobium/Agrobacterium group;Rhizobium;Rhizobium lusitanum	0	0	1	0	0	0
559292	Saccharomyces cerevisiae S288C	strain	cellular organisms;Eukaryota;Opisthokonta;Fungi;Dikarya;Ascomycota;saccharomyceta;Saccharomycotina;Saccharomycetes;Saccharomycetales;Saccharomycetaceae;Saccharomyces;Saccharomyces cerevisiae;Saccharomyces cerevisiae S288C	0	0	1	1	2	0
1085	Rhodospirillum rubrum	species	cellular organisms;Bacteria;Pseudomonadati;Pseudomonadota;Alphaproteobacteria;Rhodospirillales;Rhodospirillaceae;Rhodospirillum;Rhodospirillum rubrum	0	0	1	0	0	0
265959	Komagataeibacter saccharivorans	species	cellular organisms;Bacteria;Pseudomonadati;Pseudomonadota;Alphaproteobacteria;Acetobacterales;Acetobacteraceae;Komagataeibacter;Komagataeibacter saccharivorans	0	0	1	0	0	0
5302	Agaricomycotina	subphylum	cellular organisms;Eukaryota;Opisthokonta;Fungi;Dikarya;Basidiomycota;Agaricomycotina	0	0	5	0	0	0
2712222	Nordella sp. HKS 07	species	cellular organisms;Bacteria;Pseudomonadati;Pseudomonadota;Alphaproteobacteria;Hyphomicrobiales;Hyphomicrobiales incertae sedis;Nordella;unclassified Nordella;Nordella sp. HKS 07	0	0	2	0	0	0
715989	sordariomyceta	clade	cellular organisms;Eukaryota;Opisthokonta;Fungi;Dikarya;Ascomycota;saccharomyceta;Pezizomycotina;leotiomyceta;sordariomyceta	0	0	11	0	0	0
46189	Sphaerisporangium viridialbum	species	cellular organisms;Bacteria;Bacillati;Actinomycetota;Actinomycetes;Streptosporangiales;Streptosporangiaceae;Sphaerisporangium;Sphaerisporangium viridialbum	0	0	2	0	0	0
168934	Thalassospira	genus	cellular organisms;Bacteria;Pseudomonadati;Pseudomonadota;Alphaproteobacteria;Rhodospirillales;Thalassospiraceae;Thalassospira	0	0	2	1	1	0
590	Salmonella	genus	cellular organisms;Bacteria;Pseudomonadati;Pseudomonadota;Gammaproteobacteria;Enterobacterales;Enterobacteriaceae;Salmonella	0	0	1	0	0	0
2708350	Psychrobacter sp. WY6	species	cellular organisms;Bacteria;Pseudomonadati;Pseudomonadota;Gammaproteobacteria;Moraxellales;Moraxellaceae;Psychrobacter;unclassified Psychrobacter;Psychrobacter sp. WY6	0	0	1	3	0	48
2949635	Xiashengella succiniciproducens	species	cellular organisms;Bacteria;Pseudomonadati;FCB group;Bacteroidota/Chlorobiota group;Bacteroidota;Bacteroidia;Marinilabiliales;Marinilabiliaceae;Xiashengella;Xiashengella succiniciproducens	0	0	1	0	0	0
2904121	Moraxella nasovis	species	cellular organisms;Bacteria;Pseudomonadati;Pseudomonadota;Gammaproteobacteria;Moraxellales;Moraxellaceae;Moraxella;Moraxella nasovis	0	0	8	2	0	43
28133	Prevotella nigrescens	species	cellular organisms;Bacteria;Pseudomonadati;FCB group;Bacteroidota/Chlorobiota group;Bacteroidota;Bacteroidia;Bacteroidales;Prevotellaceae;Prevotella;Prevotella nigrescens	0	0	1	0	0	0
3066213	Wolbachia endosymbiont (group A) of Rhorus exstirpatorius	species	cellular organisms;Bacteria;Pseudomonadati;Pseudomonadota;Alphaproteobacteria;Rickettsiales;Anaplasmataceae;Wolbachieae;Wolbachia;unclassified Wolbachia;Wolbachia endosymbiont (group A) of Rhorus exstirpatorius	0	0	1	0	0	0
1131492	Aspergillaceae	family	cellular organisms;Eukaryota;Opisthokonta;Fungi;Dikarya;Ascomycota;saccharomyceta;Pezizomycotina;leotiomyceta;Eurotiomycetes;Eurotiomycetidae;Eurotiales;Aspergillaceae	0	0	1	0	0	0
3066133	Wolbachia endosymbiont (group A) of Clivina fossor	species	cellular organisms;Bacteria;Pseudomonadati;Pseudomonadota;Alphaproteobacteria;Rickettsiales;Anaplasmataceae;Wolbachieae;Wolbachia;unclassified Wolbachia;Wolbachia endosymbiont (group A) of Clivina fossor	0	0	1	0	0	0
169402	Wolbachia endosymbiont of Folsomia candida	species	cellular organisms;Bacteria;Pseudomonadati;Pseudomonadota;Alphaproteobacteria;Rickettsiales;Anaplasmataceae;Wolbachieae;Wolbachia;unclassified Wolbachia;Wolbachia endosymbiont of Folsomia candida	0	0	3	0	0	0
484429	Sphingobium sp. YBL2	species	cellular organisms;Bacteria;Pseudomonadati;Pseudomonadota;Alphaproteobacteria;Sphingomonadales;Sphingobiaceae;Sphingobium;unclassified Sphingobium;Sphingobium sp. YBL2	0	0	1	0	0	0
11636	Reticuloendotheliosis virus	no rank	Viruses;Riboviria;Pararnavirae;Artverviricota;Revtraviricetes;Ortervirales;Retroviridae;Orthoretrovirinae;Gammaretrovirus;Gammaretrovirus aviretend;Reticuloendotheliosis virus	0	0	1	2	0	0
3239291	Bartonella sp. B17	species	cellular organisms;Bacteria;Pseudomonadati;Pseudomonadota;Alphaproteobacteria;Hyphomicrobiales;Bartonellaceae;Bartonella;unclassified Bartonella;Bartonella sp. B17	0	0	1	0	0	0
152260	Chloroflexus aggregans	species	cellular organisms;Bacteria;Bacillati;Chloroflexota;Chloroflexia;Chloroflexales;Chloroflexineae;Chloroflexaceae;Chloroflexus;Chloroflexus aggregans	0	0	1	1	0	0
28097	Ralstonia syzygii	species	cellular organisms;Bacteria;Pseudomonadati;Pseudomonadota;Betaproteobacteria;Burkholderiales;Burkholderiaceae;Ralstonia;Ralstonia solanacearum species complex;Ralstonia syzygii	0	0	1	0	0	0
660027	Fusarium oxysporum Fo47	strain	cellular organisms;Eukaryota;Opisthokonta;Fungi;Dikarya;Ascomycota;saccharomyceta;Pezizomycotina;leotiomyceta;sordariomyceta;Sordariomycetes;Hypocreomycetidae;Hypocreales;Nectriaceae;Fusarium;Fusarium oxysporum species complex;Fusarium oxysporum;Fusarium oxysporum Fo47	0	0	1	3	1	0
43770	Corynebacterium striatum	species	cellular organisms;Bacteria;Bacillati;Actinomycetota;Actinomycetes;Mycobacteriales;Corynebacteriaceae;Corynebacterium;Corynebacterium striatum	0	0	1	0	36	0
497726	Nitrososphaera	genus	cellular organisms;Archaea;Thermoproteati;Nitrososphaerota;Nitrososphaeria;Nitrososphaerales;Nitrososphaeraceae;Nitrososphaera	0	0	1	0	0	0
5809	Sarcocystidae	family	cellular organisms;Eukaryota;Sar;Alveolata;Apicomplexa;Conoidasida;Coccidia;Eucoccidiorida;Eimeriorina;Sarcocystidae	0	0	3	26	0	0
80867	Paracidovorax avenae	species	cellular organisms;Bacteria;Pseudomonadati;Pseudomonadota;Betaproteobacteria;Burkholderiales;Comamonadaceae;Paracidovorax;Paracidovorax avenae	0	0	4	0	0	1
5042	Eurotiales	order	cellular organisms;Eukaryota;Opisthokonta;Fungi;Dikarya;Ascomycota;saccharomyceta;Pezizomycotina;leotiomyceta;Eurotiomycetes;Eurotiomycetidae;Eurotiales	0	0	2	2	0	0
3077948	Candidatus Mesenet endosymbiont of Agriotes lineatus	species	cellular organisms;Bacteria;Pseudomonadati;Pseudomonadota;Alphaproteobacteria;Rickettsiales;Anaplasmataceae;Candidatus Mesenet;unclassified Candidatus Mesenet;Candidatus Mesenet endosymbiont of Agriotes lineatus	0	0	1	1	0	0
54757	Plasmodium vinckei vinckei	subspecies	cellular organisms;Eukaryota;Sar;Alveolata;Apicomplexa;Aconoidasida;Haemosporida;Plasmodiidae;Plasmodium;Plasmodium (Vinckeia);Plasmodium vinckei;Plasmodium vinckei vinckei	0	0	1	0	0	0
56	Sorangium cellulosum	species	cellular organisms;Bacteria;Pseudomonadati;Myxococcota;Polyangia;Polyangiales;Polyangiaceae;Sorangium;Sorangium cellulosum	0	0	1	0	0	0
3074898	Pontibacter sp. G13	species	cellular organisms;Bacteria;Pseudomonadati;FCB group;Bacteroidota/Chlorobiota group;Bacteroidota;Cytophagia;Cytophagales;Hymenobacteraceae;Pontibacter;unclassified Pontibacter;Pontibacter sp. G13	0	0	2	0	0	0
246273	Wolbachia endosymbiont of Cimex lectularius	species	cellular organisms;Bacteria;Pseudomonadati;Pseudomonadota;Alphaproteobacteria;Rickettsiales;Anaplasmataceae;Wolbachieae;Wolbachia;unclassified Wolbachia;Wolbachia endosymbiont of Cimex lectularius	0	0	3	0	0	0
2576904	Nostoc sp. TCL26-01	species	cellular organisms;Bacteria;Bacillati;Cyanobacteriota/Melainabacteria group;Cyanobacteriota;Cyanophyceae;Nostocales;Nostocaceae;Nostoc;unclassified Nostoc;Nostoc sp. TCL26-01	0	0	1	11	0	0
3039153	Bradyrhizobium sp. CB1650	species	cellular organisms;Bacteria;Pseudomonadati;Pseudomonadota;Alphaproteobacteria;Hyphomicrobiales;Nitrobacteraceae;Bradyrhizobium;unclassified Bradyrhizobium;Bradyrhizobium sp. CB1650	0	0	1	0	0	0
2528020	Poriferisphaera corsica	species	cellular organisms;Bacteria;Pseudomonadati;PVC group;Planctomycetota;Phycisphaerae;Phycisphaerales;Phycisphaeraceae;Poriferisphaera;Poriferisphaera corsica	0	0	2	0	0	0
93133	Mycosphaerellaceae	family	cellular organisms;Eukaryota;Opisthokonta;Fungi;Dikarya;Ascomycota;saccharomyceta;Pezizomycotina;leotiomyceta;dothideomyceta;Dothideomycetes;Dothideomycetidae;Mycosphaerellales;Mycosphaerellaceae	0	0	1	0	0	0
1827	Rhodococcus	genus	cellular organisms;Bacteria;Bacillati;Actinomycetota;Actinomycetes;Mycobacteriales;Nocardiaceae;Rhodococcus	0	0	1	0	2	0
3463852	Vannielia sp. SX4	species	cellular organisms;Bacteria;Pseudomonadati;Pseudomonadota;Alphaproteobacteria;Rhodobacterales;Paracoccaceae;Vannielia;unclassified Vannielia;Vannielia sp. SX4	0	0	1	5	0	0
3009078	Endozoicomonas sp. GU-1	species	cellular organisms;Bacteria;Pseudomonadati;Pseudomonadota;Gammaproteobacteria;Oceanospirillales;Endozoicomonadaceae;Endozoicomonas;unclassified Endozoicomonas;Endozoicomonas sp. GU-1	0	0	1	0	0	0
382	Sinorhizobium meliloti	species	cellular organisms;Bacteria;Pseudomonadati;Pseudomonadota;Alphaproteobacteria;Hyphomicrobiales;Rhizobiaceae;Sinorhizobium/Ensifer group;Sinorhizobium;Sinorhizobium meliloti	0	0	2	0	0	1
815	Bacteroidaceae	family	cellular organisms;Bacteria;Pseudomonadati;FCB group;Bacteroidota/Chlorobiota group;Bacteroidota;Bacteroidia;Bacteroidales;Bacteroidaceae	0	0	1	0	0	0
3383589	Corynebacterium axilliensis	species	cellular organisms;Bacteria;Bacillati;Actinomycetota;Actinomycetes;Mycobacteriales;Corynebacteriaceae;Corynebacterium;Corynebacterium axilliensis	0	0	2	0	0	0
2708539	Caulobacter soli	species	cellular organisms;Bacteria;Pseudomonadati;Pseudomonadota;Alphaproteobacteria;Caulobacterales;Caulobacteraceae;Caulobacter;Caulobacter soli	0	0	1	0	0	0
5144	Podospora	genus	cellular organisms;Eukaryota;Opisthokonta;Fungi;Dikarya;Ascomycota;saccharomyceta;Pezizomycotina;leotiomyceta;sordariomyceta;Sordariomycetes;Sordariomycetidae;Sordariales;Podosporaceae;Podospora	0	0	3	3	0	0
2849779	Aquihabitans sp. G128	species	cellular organisms;Bacteria;Bacillati;Actinomycetota;Acidimicrobiia;Acidimicrobiales;Iamiaceae;Aquihabitans;unclassified Aquihabitans;Aquihabitans sp. G128	0	0	1	0	0	0
724	Haemophilus	genus	cellular organisms;Bacteria;Pseudomonadati;Pseudomonadota;Gammaproteobacteria;Pasteurellales;Pasteurellaceae;Haemophilus	0	0	11	0	0	0
2918526	Lutibacter sp. A64	species	cellular organisms;Bacteria;Pseudomonadati;FCB group;Bacteroidota/Chlorobiota group;Bacteroidota;Flavobacteriia;Flavobacteriales;Flavobacteriaceae;Lutibacter;unclassified Lutibacter;Lutibacter sp. A64	0	0	1	0	0	0
121627	Talaromyces rugulosus	species	cellular organisms;Eukaryota;Opisthokonta;Fungi;Dikarya;Ascomycota;saccharomyceta;Pezizomycotina;leotiomyceta;Eurotiomycetes;Eurotiomycetidae;Eurotiales;Trichocomaceae;Talaromyces;Talaromyces sect. Islandici;Talaromyces rugulosus	0	0	4	8	0	0
158483	Cedecea	genus	cellular organisms;Bacteria;Pseudomonadati;Pseudomonadota;Gammaproteobacteria;Enterobacterales;Enterobacteriaceae;Cedecea	0	0	4	0	0	0
33083	Dictyostelia	clade	cellular organisms;Eukaryota;Amoebozoa;Evosea;Eumycetozoa;Dictyostelia	0	0	1	0	0	0
1184151	Termitidicoccus mucosus	species	cellular organisms;Bacteria;Pseudomonadati;PVC group;Verrucomicrobiota;Opitutia;Opitutales;Opitutaceae;Termitidicoccus;Termitidicoccus mucosus	0	0	1	0	0	0
769	Anaplasma centrale	species	cellular organisms;Bacteria;Pseudomonadati;Pseudomonadota;Alphaproteobacteria;Rickettsiales;Anaplasmataceae;Anaplasma;Anaplasma centrale	0	0	1	0	0	0
1176649	Agrobacterium fabrum	species	cellular organisms;Bacteria;Pseudomonadati;Pseudomonadota;Alphaproteobacteria;Hyphomicrobiales;Rhizobiaceae;Rhizobium/Agrobacterium group;Agrobacterium;Agrobacterium tumefaciens complex;Agrobacterium fabrum	0	0	2	4	0	0
1382	Lancefieldella parvula	species	cellular organisms;Bacteria;Bacillati;Actinomycetota;Coriobacteriia;Coriobacteriales;Atopobiaceae;Lancefieldella;Lancefieldella parvula	0	0	1	0	0	0
3070964	Affinirhizobium	genus	cellular organisms;Bacteria;Pseudomonadati;Pseudomonadota;Alphaproteobacteria;Hyphomicrobiales;Rhizobiaceae;Affinirhizobium	0	0	2	0	0	0
1395974	Tardiphaga	genus	cellular organisms;Bacteria;Pseudomonadati;Pseudomonadota;Alphaproteobacteria;Hyphomicrobiales;Nitrobacteraceae;Tardiphaga	0	0	1	0	0	0
38293	Photobacterium damselae	species	cellular organisms;Bacteria;Pseudomonadati;Pseudomonadota;Gammaproteobacteria;Vibrionales;Vibrionaceae;Photobacterium;Photobacterium damselae	0	0	1	0	0	3
134	Methylocystis parvus	species	cellular organisms;Bacteria;Pseudomonadati;Pseudomonadota;Alphaproteobacteria;Hyphomicrobiales;Methylocystaceae;Methylocystis;Methylocystis parvus	0	0	2	0	0	0
2527975	Kolteria novifilia	species	cellular organisms;Bacteria;Pseudomonadati;PVC group;Planctomycetota;Planctomycetia;Kolteriales;Kolteriaceae;Kolteria;Kolteria novifilia	0	0	1	0	0	0
3119832	Candidatus Puniceispirillales	order	cellular organisms;Bacteria;Pseudomonadati;Pseudomonadota;Alphaproteobacteria;Candidatus Puniceispirillales	0	0	1	1	0	0
40137	Afipia carboxidovorans	species	cellular organisms;Bacteria;Pseudomonadati;Pseudomonadota;Alphaproteobacteria;Hyphomicrobiales;Nitrobacteraceae;Afipia;Afipia carboxidovorans	0	0	1	0	0	0
85006	Micrococcales	order	cellular organisms;Bacteria;Bacillati;Actinomycetota;Actinomycetes;Micrococcales	0	0	1	1	30	2
2517362	Campylobacter sp. CCUG 57310	species	cellular organisms;Bacteria;Pseudomonadati;Campylobacterota;Epsilonproteobacteria;Campylobacterales;Campylobacteraceae;Campylobacter;unclassified Campylobacter;Campylobacter sp. CCUG 57310	0	0	1	0	0	0
3240046	Streptomyces sp. CA-111067	species	cellular organisms;Bacteria;Bacillati;Actinomycetota;Actinomycetes;Kitasatosporales;Streptomycetaceae;Streptomyces;unclassified Streptomyces;Streptomyces sp. CA-111067	0	0	1	0	0	0
1176533	Luteimonas granuli	species	cellular organisms;Bacteria;Pseudomonadati;Pseudomonadota;Gammaproteobacteria;Lysobacterales;Lysobacteraceae;Luteimonas;Luteimonas granuli	0	0	1	0	0	0
544581	Actinomyces johnsonii	species	cellular organisms;Bacteria;Bacillati;Actinomycetota;Actinomycetes;Actinomycetales;Actinomycetaceae;Actinomyces;Actinomyces johnsonii	0	0	2	0	0	0
3342349	Rhabdochlamydiaceae symbiont of Dictyostelium giganteum	species	cellular organisms;Bacteria;Pseudomonadati;PVC group;Chlamydiota;Chlamydiia;Parachlamydiales;Candidatus Rhabdochlamydiaceae;unclassified Rhabdochlamydiaceae;Rhabdochlamydiaceae symbiont of Dictyostelium giganteum	0	0	1	0	0	0
511745	Methylacidiphilum (ex Ratnadevi et al. 2023)	genus	cellular organisms;Bacteria;Pseudomonadati;PVC group;Verrucomicrobiota;Methylacidiphilae;Methylacidiphilales;Methylacidiphilaceae;Methylacidiphilum (ex Ratnadevi et al. 2023)	0	0	1	0	0	0
82983	Obesumbacterium proteus	species	cellular organisms;Bacteria;Pseudomonadati;Pseudomonadota;Gammaproteobacteria;Enterobacterales;Hafniaceae;Obesumbacterium;Obesumbacterium proteus	0	0	1	0	0	0
2486578	Rickettsiales endosymbiont of Stachyamoeba lipophora	species	cellular organisms;Bacteria;Pseudomonadati;Pseudomonadota;Alphaproteobacteria;Rickettsiales;unclassified Rickettsiales;Rickettsiales endosymbiont of Stachyamoeba lipophora	0	0	1	1	0	0
69781	Penicillium oxalicum	species	cellular organisms;Eukaryota;Opisthokonta;Fungi;Dikarya;Ascomycota;saccharomyceta;Pezizomycotina;leotiomyceta;Eurotiomycetes;Eurotiomycetidae;Eurotiales;Aspergillaceae;Penicillium;Penicillium oxalicum	0	0	1	0	0	0
2094151	Paramuribaculum intestinale	species	cellular organisms;Bacteria;Pseudomonadati;FCB group;Bacteroidota/Chlorobiota group;Bacteroidota;Bacteroidia;Bacteroidales;Muribaculaceae;Paramuribaculum;Paramuribaculum intestinale	0	0	1	0	0	0
469	Acinetobacter	genus	cellular organisms;Bacteria;Pseudomonadati;Pseudomonadota;Gammaproteobacteria;Moraxellales;Moraxellaceae;Acinetobacter	0	0	1	1	0	703
1351	Enterococcus faecalis	species	cellular organisms;Bacteria;Bacillati;Bacillota;Bacilli;Lactobacillales;Enterococcaceae;Enterococcus;Enterococcus faecalis	0	0	1	7	66	0
158500	Novosphingobium resinovorum	species	cellular organisms;Bacteria;Pseudomonadati;Pseudomonadota;Alphaproteobacteria;Sphingomonadales;Sphingomonadaceae;Novosphingobium;Novosphingobium resinovorum	0	0	1	0	0	0
458032	Chloracidobacterium	genus	cellular organisms;Bacteria;Pseudomonadati;Acidobacteriota;Blastocatellia;Chloracidobacteriales;Chloracidobacteriaceae;Chloracidobacterium	0	0	1	0	0	0
1816680	Vaginella massiliensis	species	cellular organisms;Bacteria;Pseudomonadati;FCB group;Bacteroidota/Chlorobiota group;Bacteroidota;Flavobacteriia;Flavobacteriales;Flavobacteriaceae;Vaginella;Vaginella massiliensis	0	0	1	0	0	0
1537215	Pseudooceanicola algae	species	cellular organisms;Bacteria;Pseudomonadati;Pseudomonadota;Alphaproteobacteria;Rhodobacterales;Paracoccaceae;Pseudooceanicola;Pseudooceanicola algae	0	0	1	0	0	0
3417741	Rhizobium sp. YTU87027	species	cellular organisms;Bacteria;Pseudomonadati;Pseudomonadota;Alphaproteobacteria;Hyphomicrobiales;Rhizobiaceae;Rhizobium/Agrobacterium group;Rhizobium;unclassified Rhizobium;Rhizobium sp. YTU87027	0	0	1	0	0	0
2984843	Methylobacterium flocculans	species	cellular organisms;Bacteria;Pseudomonadati;Pseudomonadota;Alphaproteobacteria;Hyphomicrobiales;Methylobacteriaceae;Methylobacterium;Methylobacterium flocculans	0	0	1	0	0	0
955	Wolbachia pipientis	species	cellular organisms;Bacteria;Pseudomonadati;Pseudomonadota;Alphaproteobacteria;Rickettsiales;Anaplasmataceae;Wolbachieae;Wolbachia;Wolbachia pipientis	0	0	1	2	0	0
1758395	Polynucleobacter sp. JS-JIR-5-A7	species	cellular organisms;Bacteria;Pseudomonadati;Pseudomonadota;Betaproteobacteria;Burkholderiales;Burkholderiaceae;Polynucleobacter;unclassified Polynucleobacter;Polynucleobacter sp. JS-JIR-5-A7	0	0	2	10	0	0
3394320	Salipaludibacillus sp. HK11	species	cellular organisms;Bacteria;Bacillati;Bacillota;Bacilli;Bacillales;Bacillaceae;Salipaludibacillus;unclassified Salipaludibacillus;Salipaludibacillus sp. HK11	0	0	1	0	0	0
3031651	Desulfuromonadia	class	cellular organisms;Bacteria;Pseudomonadati;Thermodesulfobacteriota;Desulfuromonadia	0	0	1	0	0	0
29388	Staphylococcus capitis	species	cellular organisms;Bacteria;Bacillati;Bacillota;Bacilli;Bacillales;Staphylococcaceae;Staphylococcus;Staphylococcus capitis	0	0	1	0	14737	0
497	Psychrobacter	genus	cellular organisms;Bacteria;Pseudomonadati;Pseudomonadota;Gammaproteobacteria;Moraxellales;Moraxellaceae;Psychrobacter	0	0	1	0	0	5549
882104	Methanoregula formicica	species	cellular organisms;Archaea;Methanobacteriati;Methanobacteriota;Stenosarchaea group;Methanomicrobia;Methanomicrobiales;Methanoregulaceae;Methanoregula;Methanoregula formicica	0	0	1	0	0	0
2220096	Indioceanicola profundi	species	cellular organisms;Bacteria;Pseudomonadati;Pseudomonadota;Alphaproteobacteria;Rhodospirillales;Azospirillaceae;Indioceanicola;Indioceanicola profundi	0	0	2	0	0	0
2315449	Yamadazyma tenuis	species	cellular organisms;Eukaryota;Opisthokonta;Fungi;Dikarya;Ascomycota;saccharomyceta;Saccharomycotina;Pichiomycetes;Serinales;Debaryomycetaceae;Yamadazyma;Yamadazyma tenuis	0	0	2	13	0	0
1296121	Kwoniella dejecticola CBS 10117	strain	cellular organisms;Eukaryota;Opisthokonta;Fungi;Dikarya;Basidiomycota;Agaricomycotina;Tremellomycetes;Tremellales;Cryptococcaceae;Kwoniella;Kwoniella dejecticola;Kwoniella dejecticola CBS 10117	0	0	1	4	0	0
1543721	Sedimenticola thiotaurini	species	cellular organisms;Bacteria;Pseudomonadati;Pseudomonadota;Gammaproteobacteria;Chromatiales;Sedimenticolaceae;Sedimenticola;Sedimenticola thiotaurini	0	0	2	1	0	0
2650975	Halorussus halophilus	species	cellular organisms;Archaea;Methanobacteriati;Methanobacteriota;Stenosarchaea group;Halobacteria;Halobacteriales;Haladaptataceae;Halorussus;Halorussus halophilus	0	0	1	0	0	0
367188	Haladaptatus	genus	cellular organisms;Archaea;Methanobacteriati;Methanobacteriota;Stenosarchaea group;Halobacteria;Halobacteriales;Haladaptataceae;Haladaptatus	0	0	1	0	0	0
3374104	Limnohabitans sp. YIMB22184	species	cellular organisms;Bacteria;Pseudomonadati;Pseudomonadota;Betaproteobacteria;Burkholderiales;Comamonadaceae;Limnohabitans;unclassified Limnohabitans;Limnohabitans sp. YIMB22184	0	0	1	0	0	1369
3066201	Wolbachia endosymbiont (group A) of Lasioglossum fulvicorne	species	cellular organisms;Bacteria;Pseudomonadati;Pseudomonadota;Alphaproteobacteria;Rickettsiales;Anaplasmataceae;Wolbachieae;Wolbachia;unclassified Wolbachia;Wolbachia endosymbiont (group A) of Lasioglossum fulvicorne	0	0	2	0	0	0
111844	Mannheimia pernigra	species	cellular organisms;Bacteria;Pseudomonadati;Pseudomonadota;Gammaproteobacteria;Pasteurellales;Pasteurellaceae;Mannheimia;Mannheimia pernigra	0	0	1	0	0	22
3060215	Lutimonas zeaxanthinifaciens	species	cellular organisms;Bacteria;Pseudomonadati;FCB group;Bacteroidota/Chlorobiota group;Bacteroidota;Flavobacteriia;Flavobacteriales;Flavobacteriaceae;Lutimonas;Lutimonas zeaxanthinifaciens	0	0	1	0	0	0
2528024	Lacipirellula limnantheis	species	cellular organisms;Bacteria;Pseudomonadati;PVC group;Planctomycetota;Planctomycetia;Pirellulales;Lacipirellulaceae;Lacipirellula;Lacipirellula limnantheis	0	0	1	0	0	0
2707350	Colletotrichum destructivum species complex	no rank	cellular organisms;Eukaryota;Opisthokonta;Fungi;Dikarya;Ascomycota;saccharomyceta;Pezizomycotina;leotiomyceta;sordariomyceta;Sordariomycetes;Hypocreomycetidae;Glomerellales;Glomerellaceae;Colletotrichum;Colletotrichum destructivum species complex	0	0	1	0	0	0
200940	Thermodesulfobacteriota	phylum	cellular organisms;Bacteria;Pseudomonadati;Thermodesulfobacteriota	0	0	1	1	0	0
1433402	Glycocaulis	genus	cellular organisms;Bacteria;Pseudomonadati;Pseudomonadota;Alphaproteobacteria;Maricaulales;Maricaulaceae;Glycocaulis	0	0	1	0	0	0
897	Desulfococcus multivorans	species	cellular organisms;Bacteria;Pseudomonadati;Thermodesulfobacteriota;Desulfobacteria;Desulfobacterales;Desulfococcaceae;Desulfococcus;Desulfococcus multivorans	0	0	1	0	0	0
2599296	Qingshengfaniella alkalisoli	species	cellular organisms;Bacteria;Pseudomonadati;Pseudomonadota;Alphaproteobacteria;Rhodobacterales;Paracoccaceae;Qingshengfaniella;Qingshengfaniella alkalisoli	0	0	1	0	0	0
76588	Acidiphilium acidophilum	species	cellular organisms;Bacteria;Pseudomonadati;Pseudomonadota;Alphaproteobacteria;Acetobacterales;Acidocellaceae;Acidiphilium;Acidiphilium acidophilum	0	0	1	0	0	0
3122375	Pseudomonas sp. ML2-2023-3	species	cellular organisms;Bacteria;Pseudomonadati;Pseudomonadota;Gammaproteobacteria;Pseudomonadales;Pseudomonadaceae;Pseudomonas;unclassified Pseudomonas;Pseudomonas sp. ML2-2023-3	0	0	1	0	0	0
227321	Aspergillus nidulans FGSC A4	strain	cellular organisms;Eukaryota;Opisthokonta;Fungi;Dikarya;Ascomycota;saccharomyceta;Pezizomycotina;leotiomyceta;Eurotiomycetes;Eurotiomycetidae;Eurotiales;Aspergillaceae;Aspergillus;Aspergillus subgen. Nidulantes;Aspergillus nidulans;Aspergillus nidulans FGSC A4	0	0	1	1	0	2
1970157	Kordiimonas sp.	species	cellular organisms;Bacteria;Pseudomonadati;Pseudomonadota;Alphaproteobacteria;Kordiimonadales;Kordiimonadaceae;Kordiimonas;unclassified Kordiimonas;Kordiimonas sp.	0	0	1	0	0	0
1290	Staphylococcus hominis	species	cellular organisms;Bacteria;Bacillati;Bacillota;Bacilli;Bacillales;Staphylococcaceae;Staphylococcus;Staphylococcus hominis	0	0	1	0	9140	0
1982042	Tsuneonella mangrovi	species	cellular organisms;Bacteria;Pseudomonadati;Pseudomonadota;Alphaproteobacteria;Sphingomonadales;Erythrobacteraceae;Tsuneonella;Tsuneonella mangrovi	0	0	2	0	0	0
2795216	Rhizobium sp. AB2/73	species	cellular organisms;Bacteria;Pseudomonadati;Pseudomonadota;Alphaproteobacteria;Hyphomicrobiales;Rhizobiaceae;Rhizobium/Agrobacterium group;Rhizobium;unclassified Rhizobium;Rhizobium sp. AB2/73	0	0	1	0	0	0
418103	Plasmodium (Plasmodium)	subgenus	cellular organisms;Eukaryota;Sar;Alveolata;Apicomplexa;Aconoidasida;Haemosporida;Plasmodiidae;Plasmodium;Plasmodium (Plasmodium)	0	0	1	1	0	0
1796921	Ereboglobus luteus	species	cellular organisms;Bacteria;Pseudomonadati;PVC group;Verrucomicrobiota;Opitutia;Opitutales;Opitutaceae;Ereboglobus;Ereboglobus luteus	0	0	1	1	0	0
280036	Sporisorium graminicola	species	cellular organisms;Eukaryota;Opisthokonta;Fungi;Dikarya;Basidiomycota;Ustilaginomycotina;Ustilaginomycetes;Ustilaginales;Ustilaginaceae;Sporisorium;Sporisorium graminicola	0	0	1	11	0	0
816	Bacteroides	genus	cellular organisms;Bacteria;Pseudomonadati;FCB group;Bacteroidota/Chlorobiota group;Bacteroidota;Bacteroidia;Bacteroidales;Bacteroidaceae;Bacteroides	0	0	1	0	0	0
1849580	Dyella nitratireducens	species	cellular organisms;Bacteria;Pseudomonadati;Pseudomonadota;Gammaproteobacteria;Lysobacterales;Rhodanobacteraceae;Dyella;Dyella nitratireducens	0	0	1	0	0	0
28117	Alistipes putredinis	species	cellular organisms;Bacteria;Pseudomonadati;FCB group;Bacteroidota/Chlorobiota group;Bacteroidota;Bacteroidia;Bacteroidales;Rikenellaceae;Alistipes;Alistipes putredinis	0	0	1	0	0	0
2777948	Acinetobacter sp. Res13-Abat-PEC08-P2-01	species	cellular organisms;Bacteria;Pseudomonadati;Pseudomonadota;Gammaproteobacteria;Moraxellales;Moraxellaceae;Acinetobacter;unclassified Acinetobacter;Acinetobacter sp. Res13-Abat-PEC08-P2-01	0	0	1	0	0	0
293089	Martelella mediterranea	species	cellular organisms;Bacteria;Pseudomonadati;Pseudomonadota;Alphaproteobacteria;Hyphomicrobiales;Aurantimonadaceae;Martelella;Martelella mediterranea	0	0	1	0	0	0
2839024	Methylobacter sp. S3L5C	species	cellular organisms;Bacteria;Pseudomonadati;Pseudomonadota;Gammaproteobacteria;Methylococcales;Methylococcaceae;Methylobacter;unclassified Methylobacter;Methylobacter sp. S3L5C	0	0	1	0	0	0
2024973	Silvanigrellales	order	cellular organisms;Bacteria;Pseudomonadati;Bdellovibrionota;Oligoflexia;Silvanigrellales	0	0	1	0	0	0
1891644	Epidermidibacterium keratini	species	cellular organisms;Bacteria;Bacillati;Actinomycetota;Actinomycetes;Sporichthyales;Sporichthyaceae;Epidermidibacterium;Epidermidibacterium keratini	0	0	1	0	0	0
1585697	Agrobacterium arsenijevicii	species	cellular organisms;Bacteria;Pseudomonadati;Pseudomonadota;Alphaproteobacteria;Hyphomicrobiales;Rhizobiaceae;Rhizobium/Agrobacterium group;Agrobacterium;Agrobacterium arsenijevicii	0	0	1	0	0	0
2937909	Desulfitobacteriaceae	family	cellular organisms;Bacteria;Bacillati;Bacillota;Clostridia;Eubacteriales;Desulfitobacteriaceae	0	0	1	0	0	0
347957	unclassified Betaretrovirus	no rank	Viruses;Riboviria;Pararnavirae;Artverviricota;Revtraviricetes;Ortervirales;Retroviridae;Orthoretrovirinae;Betaretrovirus;unclassified Betaretrovirus	0	0	1	6	23	1
620	Shigella	genus	cellular organisms;Bacteria;Pseudomonadati;Pseudomonadota;Gammaproteobacteria;Enterobacterales;Enterobacteriaceae;Shigella	0	0	1	8	22	2
44930	Natronobacterium gregoryi	species	cellular organisms;Archaea;Methanobacteriati;Methanobacteriota;Stenosarchaea group;Halobacteria;Halobacteriales;Natrialbaceae;Natronobacterium;Natronobacterium gregoryi	0	0	1	0	0	0
2277	Pyrobaculum islandicum	species	cellular organisms;Archaea;Thermoproteati;Thermoproteota;Thermoprotei;Thermoproteales;Thermoproteaceae;Pyrobaculum;Pyrobaculum islandicum	0	0	1	0	0	0
1137606	Leptospira mayottensis	species	cellular organisms;Bacteria;Pseudomonadati;Spirochaetota;Spirochaetia;Leptospirales;Leptospiraceae;Leptospira;Leptospira mayottensis	0	0	1	0	0	0
435905	Microbulbifer celer	species	cellular organisms;Bacteria;Pseudomonadati;Pseudomonadota;Gammaproteobacteria;Cellvibrionales;Microbulbiferaceae;Microbulbifer;Microbulbifer celer	0	0	1	0	0	0
10260	Avipoxvirus	genus	Viruses;Varidnaviria;Bamfordvirae;Nucleocytoviricota;Pokkesviricetes;Chitovirales;Poxviridae;Chordopoxvirinae;Avipoxvirus	0	0	1	1	0	0
2805590	Ornithinimicrobiaceae	family	cellular organisms;Bacteria;Bacillati;Actinomycetota;Actinomycetes;Micrococcales;Ornithinimicrobiaceae	0	0	1	1	0	0
1071983	Legionella cardiaca	species	cellular organisms;Bacteria;Pseudomonadati;Pseudomonadota;Gammaproteobacteria;Legionellales;Legionellaceae;Legionella;Legionella cardiaca	0	0	1	0	0	0
34087	Sphingobacterium faecium	species	cellular organisms;Bacteria;Pseudomonadati;FCB group;Bacteroidota/Chlorobiota group;Bacteroidota;Sphingobacteriia;Sphingobacteriales;Sphingobacteriaceae;Sphingobacterium;Sphingobacterium faecium	0	0	1	0	0	0
2546359	Gloeothece verrucosa	species	cellular organisms;Bacteria;Bacillati;Cyanobacteriota/Melainabacteria group;Cyanobacteriota;Cyanophyceae;Oscillatoriophycideae;Chroococcales;Aphanothecaceae;Gloeothece;Gloeothece verrucosa	0	0	1	0	0	0
2647897	unclassified Candidatus Pelagibacter	no rank	cellular organisms;Bacteria;Pseudomonadati;Pseudomonadota;Alphaproteobacteria;Candidatus Pelagibacterales;Candidatus Pelagibacteraceae;Candidatus Pelagibacter;unclassified Candidatus Pelagibacter	0	0	1	0	0	1
135614	Lysobacterales	order	cellular organisms;Bacteria;Pseudomonadati;Pseudomonadota;Gammaproteobacteria;Lysobacterales	0	0	1	0	0	0
292	Burkholderia cepacia	species	cellular organisms;Bacteria;Pseudomonadati;Pseudomonadota;Betaproteobacteria;Burkholderiales;Burkholderiaceae;Burkholderia;Burkholderia cepacia complex;Burkholderia cepacia	0	0	1	0	0	0
445	Legionella	genus	cellular organisms;Bacteria;Pseudomonadati;Pseudomonadota;Gammaproteobacteria;Legionellales;Legionellaceae;Legionella	0	0	1	0	0	0
2766537	Caproicibacterium amylolyticum	species	cellular organisms;Bacteria;Bacillati;Bacillota;Clostridia;Eubacteriales;Oscillospiraceae;Caproicibacterium;Caproicibacterium amylolyticum	0	0	1	0	0	0
2884264	Nocardioides sp. Kera G14	species	cellular organisms;Bacteria;Bacillati;Actinomycetota;Actinomycetes;Propionibacteriales;Nocardioidaceae;Nocardioides;unclassified Nocardioides;Nocardioides sp. Kera G14	0	0	1	0	0	0
2638441	unclassified Phyllobacterium	no rank	cellular organisms;Bacteria;Pseudomonadati;Pseudomonadota;Alphaproteobacteria;Hyphomicrobiales;Phyllobacteriaceae;Phyllobacterium;unclassified Phyllobacterium	0	0	2	0	12	0
463	Fluoribacter dumoffii	species	cellular organisms;Bacteria;Pseudomonadati;Pseudomonadota;Gammaproteobacteria;Legionellales;Legionellaceae;Fluoribacter;Fluoribacter dumoffii	0	0	1	0	0	0
83626	Bradyrhizobium genosp. A	species	cellular organisms;Bacteria;Pseudomonadati;Pseudomonadota;Alphaproteobacteria;Hyphomicrobiales;Nitrobacteraceae;Bradyrhizobium;unclassified Bradyrhizobium;Bradyrhizobium genosp. A	0	0	1	0	0	0
3166644	Mesorhizobium sp. ANAO-SY3R2	species	cellular organisms;Bacteria;Pseudomonadati;Pseudomonadota;Alphaproteobacteria;Hyphomicrobiales;Phyllobacteriaceae;Mesorhizobium;unclassified Mesorhizobium;Mesorhizobium sp. ANAO-SY3R2	0	0	1	0	0	0
279	Xanthobacter	genus	cellular organisms;Bacteria;Pseudomonadati;Pseudomonadota;Alphaproteobacteria;Hyphomicrobiales;Xanthobacteraceae;Xanthobacter	0	0	1	0	0	0
510690	Sneathiella	genus	cellular organisms;Bacteria;Pseudomonadati;Pseudomonadota;Alphaproteobacteria;Sneathiellales;Sneathiellaceae;Sneathiella	0	0	1	0	0	0
518987	Influenza B virus (B/Lee/1940)	no rank	Viruses;Riboviria;Orthornavirae;Negarnaviricota;Polyploviricotina;Insthoviricetes;Articulavirales;Orthomyxoviridae;Betainfluenzavirus;Betainfluenzavirus influenzae;Influenza B virus;Influenza B virus (B/Lee/1940)	0	0	0	8710	0	0
1313	Streptococcus pneumoniae	species	cellular organisms;Bacteria;Bacillati;Bacillota;Bacilli;Lactobacillales;Streptococcaceae;Streptococcus;Streptococcus pneumoniae	0	0	0	168	0	4560
1220207	Aspergillus puulaauensis	species	cellular organisms;Eukaryota;Opisthokonta;Fungi;Dikarya;Ascomycota;saccharomyceta;Pezizomycotina;leotiomyceta;Eurotiomycetes;Eurotiomycetidae;Eurotiales;Aspergillaceae;Aspergillus;Aspergillus puulaauensis	0	0	0	10	0	0
1535325	Candida/Lodderomyces clade	clade	cellular organisms;Eukaryota;Opisthokonta;Fungi;Dikarya;Ascomycota;saccharomyceta;Saccharomycotina;Pichiomycetes;Serinales;Debaryomycetaceae;Candida/Lodderomyces clade	0	0	0	10	0	0
186822	Paenibacillaceae	family	cellular organisms;Bacteria;Bacillati;Bacillota;Bacilli;Bacillales;Paenibacillaceae	0	0	0	2	1	0
67282	Streptomyces calvus	species	cellular organisms;Bacteria;Bacillati;Actinomycetota;Actinomycetes;Kitasatosporales;Streptomycetaceae;Streptomyces;Streptomyces calvus	0	0	0	15	0	0
1909290	Polymorphobacter sp.	species	cellular organisms;Bacteria;Pseudomonadati;Pseudomonadota;Alphaproteobacteria;Sphingomonadales;Sphingosinicellaceae;Polymorphobacter;unclassified Polymorphobacter;Polymorphobacter sp.	0	0	0	1	0	0
420952	Paraburkholderia bryophila	species	cellular organisms;Bacteria;Pseudomonadati;Pseudomonadota;Betaproteobacteria;Burkholderiales;Burkholderiaceae;Paraburkholderia;Paraburkholderia bryophila	0	0	0	1	1	0
1884637	Cryptococcus gattii species complex	species group	cellular organisms;Eukaryota;Opisthokonta;Fungi;Dikarya;Basidiomycota;Agaricomycotina;Tremellomycetes;Tremellales;Cryptococcaceae;Cryptococcus;Cryptococcus gattii species complex	0	0	0	14	0	0
222819	[Phormidium] sp. ETS-05	species	cellular organisms;Bacteria;Bacillati;Cyanobacteriota/Melainabacteria group;Cyanobacteriota;Cyanophyceae;Oscillatoriophycideae;Oscillatoriales;Oscillatoriaceae;Koinonema;unclassified Koinonema;[Phormidium] sp. ETS-05	0	0	0	10	0	0
56458	Xanthomonas sacchari	species	cellular organisms;Bacteria;Pseudomonadati;Pseudomonadota;Gammaproteobacteria;Lysobacterales;Lysobacteraceae;Xanthomonas;Xanthomonas sacchari	0	0	0	6	0	0
2873270	Leucobacter tenebrionis	species	cellular organisms;Bacteria;Bacillati;Actinomycetota;Actinomycetes;Micrococcales;Microbacteriaceae;Leucobacter;Leucobacter tenebrionis	0	0	0	12	0	0
2933797	Blastococcus sp. PRF04-17	species	cellular organisms;Bacteria;Bacillati;Actinomycetota;Actinomycetes;Geodermatophilales;Geodermatophilaceae;Blastococcus;unclassified Blastococcus;Blastococcus sp. PRF04-17	0	0	0	23	0	0
2685852	unclassified Moraxella	no rank	cellular organisms;Bacteria;Pseudomonadati;Pseudomonadota;Gammaproteobacteria;Moraxellales;Moraxellaceae;Moraxella;unclassified Moraxella	0	0	0	37	0	104
564	Escherichia fergusonii	species	cellular organisms;Bacteria;Pseudomonadati;Pseudomonadota;Gammaproteobacteria;Enterobacterales;Enterobacteriaceae;Escherichia;Escherichia fergusonii	0	0	0	25	1	1
53335	Pantoea	genus	cellular organisms;Bacteria;Pseudomonadati;Pseudomonadota;Gammaproteobacteria;Enterobacterales;Erwiniaceae;Pantoea	0	0	0	4	2	27
1771	Mycolicibacterium phlei	species	cellular organisms;Bacteria;Bacillati;Actinomycetota;Actinomycetes;Mycobacteriales;Mycobacteriaceae;Mycolicibacterium;Mycolicibacterium phlei	0	0	0	53	0	0
55193	Malassezia	genus	cellular organisms;Eukaryota;Opisthokonta;Fungi;Dikarya;Basidiomycota;Ustilaginomycotina;Malasseziomycetes;Malasseziales;Malasseziaceae;Malassezia	0	0	0	21	1	0
2648997	unclassified Thalassospira	no rank	cellular organisms;Bacteria;Pseudomonadati;Pseudomonadota;Alphaproteobacteria;Rhodospirillales;Thalassospiraceae;Thalassospira;unclassified Thalassospira	0	0	0	1	0	0
3032280	Photobacterium sp. SP02	species	cellular organisms;Bacteria;Pseudomonadati;Pseudomonadota;Gammaproteobacteria;Vibrionales;Vibrionaceae;Photobacterium;unclassified Photobacterium;Photobacterium sp. SP02	0	0	0	13	2	0
76860	Streptococcus constellatus	species	cellular organisms;Bacteria;Bacillati;Bacillota;Bacilli;Lactobacillales;Streptococcaceae;Streptococcus;Streptococcus anginosus group;Streptococcus constellatus	0	0	0	1	0	0
31989	Paracoccaceae	family	cellular organisms;Bacteria;Pseudomonadati;Pseudomonadota;Alphaproteobacteria;Rhodobacterales;Paracoccaceae	0	0	0	2	1	1
2843302	Burkholderia sola	species	cellular organisms;Bacteria;Pseudomonadati;Pseudomonadota;Betaproteobacteria;Burkholderiales;Burkholderiaceae;Burkholderia;Burkholderia cepacia complex;Burkholderia sola	0	0	0	45	0	0
1391654	Labilithrix luteola	species	cellular organisms;Bacteria;Pseudomonadati;Myxococcota;Polyangia;Polyangiales;Labilitrichaceae;Labilithrix;Labilithrix luteola	0	0	0	1	0	1
5658	Leishmania	genus	cellular organisms;Eukaryota;Discoba;Euglenozoa;Kinetoplastea;Metakinetoplastina;Trypanosomatida;Trypanosomatidae;Leishmaniinae;Leishmania	0	0	0	1	0	0
1344959	Citrobacter freundii complex	species group	cellular organisms;Bacteria;Pseudomonadati;Pseudomonadota;Gammaproteobacteria;Enterobacterales;Enterobacteriaceae;Citrobacter;Citrobacter freundii complex	0	0	0	4	0	0
37727	Talaromyces marneffei	species	cellular organisms;Eukaryota;Opisthokonta;Fungi;Dikarya;Ascomycota;saccharomyceta;Pezizomycotina;leotiomyceta;Eurotiomycetes;Eurotiomycetidae;Eurotiales;Trichocomaceae;Talaromyces;Talaromyces sect. Talaromyces;Talaromyces marneffei	0	0	0	5	0	0
4891	Saccharomycetes	class	cellular organisms;Eukaryota;Opisthokonta;Fungi;Dikarya;Ascomycota;saccharomyceta;Saccharomycotina;Saccharomycetes	0	0	0	11	1	0
3158075	Penicillium psychrofluorescens	species	cellular organisms;Eukaryota;Opisthokonta;Fungi;Dikarya;Ascomycota;saccharomyceta;Pezizomycotina;leotiomyceta;Eurotiomycetes;Eurotiomycetidae;Eurotiales;Aspergillaceae;Penicillium;Penicillium psychrofluorescens	0	0	0	10	0	0
11308	Orthomyxoviridae	family	Viruses;Riboviria;Orthornavirae;Negarnaviricota;Polyploviricotina;Insthoviricetes;Articulavirales;Orthomyxoviridae	0	0	0	7	0	0
263511	Crocosphaera watsonii	species	cellular organisms;Bacteria;Bacillati;Cyanobacteriota/Melainabacteria group;Cyanobacteriota;Cyanophyceae;Oscillatoriophycideae;Chroococcales;Aphanothecaceae;Crocosphaera;Crocosphaera watsonii	0	0	0	15	0	0
2926850	Infirmifilum sp. NZ	species	cellular organisms;Archaea;Thermoproteati;Thermoproteota;Thermoprotei;Thermofilales;Thermofilaceae;Infirmifilum;unclassified Infirmifilum;Infirmifilum sp. NZ	0	0	0	5	0	0
553	Pantoea ananatis	species	cellular organisms;Bacteria;Pseudomonadati;Pseudomonadota;Gammaproteobacteria;Enterobacterales;Erwiniaceae;Pantoea;Pantoea ananatis	0	0	0	3	0	0
2527989	Alienimonas californiensis	species	cellular organisms;Bacteria;Pseudomonadati;PVC group;Planctomycetota;Planctomycetia;Planctomycetales;Planctomycetaceae;Alienimonas;Alienimonas californiensis	0	0	0	1	1	0
2621164	unclassified Sorangium	no rank	cellular organisms;Bacteria;Pseudomonadati;Myxococcota;Polyangia;Polyangiales;Polyangiaceae;Sorangium;unclassified Sorangium	0	0	0	4	0	0
3233343	Aestuariibius sp. HNIBRBA575	species	cellular organisms;Bacteria;Pseudomonadati;Pseudomonadota;Alphaproteobacteria;Rhodobacterales;Paracoccaceae;Aestuariibius;unclassified Aestuariibius;Aestuariibius sp. HNIBRBA575	0	0	0	1	0	0
33170	Eremothecium	genus	cellular organisms;Eukaryota;Opisthokonta;Fungi;Dikarya;Ascomycota;saccharomyceta;Saccharomycotina;Saccharomycetes;Saccharomycetales;Saccharomycetaceae;Eremothecium	0	0	0	43	0	0
1082930	Pelagibacterium	genus	cellular organisms;Bacteria;Pseudomonadati;Pseudomonadota;Alphaproteobacteria;Hyphomicrobiales;Devosiaceae;Pelagibacterium	0	0	0	1	0	0
488447	Burkholderia contaminans	species	cellular organisms;Bacteria;Pseudomonadati;Pseudomonadota;Betaproteobacteria;Burkholderiales;Burkholderiaceae;Burkholderia;Burkholderia cepacia complex;Burkholderia contaminans	0	0	0	14	0	0
3238630	Streptomyces sp. R35	species	cellular organisms;Bacteria;Bacillati;Actinomycetota;Actinomycetes;Kitasatosporales;Streptomycetaceae;Streptomyces;unclassified Streptomyces;Streptomyces sp. R35	0	0	0	7	0	0
400770	Devosia ginsengisoli	species	cellular organisms;Bacteria;Pseudomonadati;Pseudomonadota;Alphaproteobacteria;Hyphomicrobiales;Devosiaceae;Devosia;Devosia ginsengisoli	0	0	0	2	0	0
2231603	Akanthomyces muscarius	species	cellular organisms;Eukaryota;Opisthokonta;Fungi;Dikarya;Ascomycota;saccharomyceta;Pezizomycotina;leotiomyceta;sordariomyceta;Sordariomycetes;Hypocreomycetidae;Hypocreales;Cordycipitaceae;Akanthomyces;Akanthomyces muscarius	0	0	0	7	0	358
2744479	Flocculibacter collagenilyticus	species	cellular organisms;Bacteria;Pseudomonadati;Pseudomonadota;Gammaproteobacteria;Alteromonadales;Pseudoalteromonadaceae;Flocculibacter;Flocculibacter collagenilyticus	0	0	0	1	0	0
624	Shigella sonnei	species	cellular organisms;Bacteria;Pseudomonadati;Pseudomonadota;Gammaproteobacteria;Enterobacterales;Enterobacteriaceae;Shigella;Shigella sonnei	0	0	0	1	0	0
712	Pasteurellaceae	family	cellular organisms;Bacteria;Pseudomonadati;Pseudomonadota;Gammaproteobacteria;Pasteurellales;Pasteurellaceae	0	0	0	1	0	76
2026624	Parasphingopyxis algicola	species	cellular organisms;Bacteria;Pseudomonadati;Pseudomonadota;Alphaproteobacteria;Sphingomonadales;Parasphingopyxidaceae;Parasphingopyxis;Parasphingopyxis algicola	0	0	0	1	0	0
2904122	Moraxella nasicaprae	species	cellular organisms;Bacteria;Pseudomonadati;Pseudomonadota;Gammaproteobacteria;Moraxellales;Moraxellaceae;Moraxella;Moraxella nasicaprae	0	0	0	4	0	41
32003	Nitrosomonadales	order	cellular organisms;Bacteria;Pseudomonadati;Pseudomonadota;Betaproteobacteria;Nitrosomonadales	0	0	0	1	0	0
2821541	Candidatus Chloracidobacterium aggregatum	species	cellular organisms;Bacteria;Pseudomonadati;Acidobacteriota;Blastocatellia;Chloracidobacteriales;Chloracidobacteriaceae;Chloracidobacterium;Candidatus Chloracidobacterium aggregatum	0	0	0	1	0	0
3424297	Caudoviricetes incertae sedis	no rank	Viruses;Duplodnaviria;Heunggongvirae;Uroviricota;Caudoviricetes;Caudoviricetes incertae sedis	0	0	0	1	1	0
1884633	Cryptococcaceae	family	cellular organisms;Eukaryota;Opisthokonta;Fungi;Dikarya;Basidiomycota;Agaricomycotina;Tremellomycetes;Tremellales;Cryptococcaceae	0	0	0	6	0	0
186817	Bacillaceae	family	cellular organisms;Bacteria;Bacillati;Bacillota;Bacilli;Bacillales;Bacillaceae	0	0	0	1	7	1
45286	Eremothecium sinecaudum	species	cellular organisms;Eukaryota;Opisthokonta;Fungi;Dikarya;Ascomycota;saccharomyceta;Saccharomycotina;Saccharomycetes;Saccharomycetales;Saccharomycetaceae;Eremothecium;Eremothecium sinecaudum	0	0	0	7	0	0
2319	Methanopyrus	genus	cellular organisms;Archaea;Methanobacteriati;Methanobacteriota;Methanomada group;Methanopyri;Methanopyrales;Methanopyraceae;Methanopyrus	0	0	0	3	0	0
11834	RD114 retrovirus	species	Viruses;Riboviria;Pararnavirae;Artverviricota;Revtraviricetes;Ortervirales;Retroviridae;Orthoretrovirinae;Gammaretrovirus;unclassified Gammaretrovirus;RD114 retrovirus	0	0	0	2	0	0
48254	Torulaspora globosa	species	cellular organisms;Eukaryota;Opisthokonta;Fungi;Dikarya;Ascomycota;saccharomyceta;Saccharomycotina;Saccharomycetes;Saccharomycetales;Saccharomycetaceae;Torulaspora;Torulaspora globosa	0	0	0	2	0	0
3416606	Ramlibacter sp. MMS24-I3-19	species	cellular organisms;Bacteria;Pseudomonadati;Pseudomonadota;Betaproteobacteria;Burkholderiales;Comamonadaceae;Ramlibacter;unclassified Ramlibacter;Ramlibacter sp. MMS24-I3-19	0	0	0	2	0	0
3028374	Paraburkholderia sp. A2RO-4L	species	cellular organisms;Bacteria;Pseudomonadati;Pseudomonadota;Betaproteobacteria;Burkholderiales;Burkholderiaceae;Paraburkholderia;unclassified Paraburkholderia;Paraburkholderia sp. A2RO-4L	0	0	0	20	0	0
5147	Sordaria macrospora	species	cellular organisms;Eukaryota;Opisthokonta;Fungi;Dikarya;Ascomycota;saccharomyceta;Pezizomycotina;leotiomyceta;sordariomyceta;Sordariomycetes;Sordariomycetidae;Sordariales;Sordariaceae;Sordaria;Sordaria macrospora	0	0	0	2	0	0
2012	Thermomonosporaceae	family	cellular organisms;Bacteria;Bacillati;Actinomycetota;Actinomycetes;Streptosporangiales;Thermomonosporaceae	0	0	0	1	0	0
202950	Acinetobacter baylyi	species	cellular organisms;Bacteria;Pseudomonadati;Pseudomonadota;Gammaproteobacteria;Moraxellales;Moraxellaceae;Acinetobacter;Acinetobacter baylyi	0	0	0	4	0	0
2052056	Pantoea phytobeneficialis	species	cellular organisms;Bacteria;Pseudomonadati;Pseudomonadota;Gammaproteobacteria;Enterobacterales;Erwiniaceae;Pantoea;Pantoea phytobeneficialis	0	0	0	2	0	2
1147154	Escherichia phage mEpX2	no rank	Viruses;Duplodnaviria;Heunggongvirae;Uroviricota;Caudoviricetes;Caudoviricetes incertae sedis;Hendrixvirinae;Shamshuipovirus;Shamshuipovirus mEpX2;Escherichia phage mEpX2	0	0	0	1	0	0
3459034	Acinetobacter sp. WZC-1	species	cellular organisms;Bacteria;Pseudomonadati;Pseudomonadota;Gammaproteobacteria;Moraxellales;Moraxellaceae;Acinetobacter;unclassified Acinetobacter;Acinetobacter sp. WZC-1	0	0	0	19	0	5
3095078	Streptococcus wuxiensis	species	cellular organisms;Bacteria;Bacillati;Bacillota;Bacilli;Lactobacillales;Streptococcaceae;Streptococcus;Streptococcus wuxiensis	0	0	0	1	0	0
2093780	Podospora pseudopauciseta	species	cellular organisms;Eukaryota;Opisthokonta;Fungi;Dikarya;Ascomycota;saccharomyceta;Pezizomycotina;leotiomyceta;sordariomyceta;Sordariomycetes;Sordariomycetidae;Sordariales;Podosporaceae;Podospora;Podospora pseudopauciseta	0	0	0	1	0	0
1309795	Faucicola mancuniensis	species	cellular organisms;Bacteria;Pseudomonadati;Pseudomonadota;Gammaproteobacteria;Moraxellales;Moraxellaceae;Faucicola;Faucicola mancuniensis	0	0	0	11	0	1406
42260	Zygotorulaspora mrakii	species	cellular organisms;Eukaryota;Opisthokonta;Fungi;Dikarya;Ascomycota;saccharomyceta;Saccharomycotina;Saccharomycetes;Saccharomycetales;Saccharomycetaceae;Zygotorulaspora;Zygotorulaspora mrakii	0	0	0	5	0	0
3345111	Sulfuriferula sp. GW1	species	cellular organisms;Bacteria;Pseudomonadati;Pseudomonadota;Betaproteobacteria;Nitrosomonadales;Sulfuricellaceae;Sulfuriferula;unclassified Sulfuriferula;Sulfuriferula sp. GW1	0	0	0	1	0	0
1636152	Planctomyces sp. SH-PL62	species	cellular organisms;Bacteria;Pseudomonadati;PVC group;Planctomycetota;Planctomycetia;Planctomycetales;Planctomycetaceae;Planctomyces;unclassified Planctomyces;Planctomyces sp. SH-PL62	0	0	0	1	0	0
84565	Sodalis	genus	cellular organisms;Bacteria;Pseudomonadati;Pseudomonadota;Gammaproteobacteria;Enterobacterales;Bruguierivoracaceae;Sodalis	0	0	0	3	0	0
1929291	Reyranella sp.	species	cellular organisms;Bacteria;Pseudomonadati;Pseudomonadota;Alphaproteobacteria;Hyphomicrobiales;Reyranellaceae;Reyranella;unclassified Reyranella;Reyranella sp.	0	0	0	4	0	14
59282	Blastochloris	genus	cellular organisms;Bacteria;Pseudomonadati;Pseudomonadota;Alphaproteobacteria;Hyphomicrobiales;Blastochloridaceae;Blastochloris	0	0	0	1	0	0
35703	Citrobacter amalonaticus	species	cellular organisms;Bacteria;Pseudomonadati;Pseudomonadota;Gammaproteobacteria;Enterobacterales;Enterobacteriaceae;Citrobacter;Citrobacter amalonaticus	0	0	0	2	0	0
451871	Eurotiomycetidae	subclass	cellular organisms;Eukaryota;Opisthokonta;Fungi;Dikarya;Ascomycota;saccharomyceta;Pezizomycotina;leotiomyceta;Eurotiomycetes;Eurotiomycetidae	0	0	0	1	0	0
2630295	unclassified Undibacterium	no rank	cellular organisms;Bacteria;Pseudomonadati;Pseudomonadota;Betaproteobacteria;Burkholderiales;Oxalobacteraceae;Undibacterium;unclassified Undibacterium	0	0	0	1	0	1
2545709	Schizosaccharomyces osmophilus	species	cellular organisms;Eukaryota;Opisthokonta;Fungi;Dikarya;Ascomycota;Taphrinomycotina;Schizosaccharomycetes;Schizosaccharomycetales;Schizosaccharomycetaceae;Schizosaccharomyces;Schizosaccharomyces osmophilus	0	0	0	4	0	0
4779	Bremia lactucae	species	cellular organisms;Eukaryota;Sar;Stramenopiles;Oomycota;Peronosporomycetes;Peronosporales;Peronosporaceae;Bremia;Bremia lactucae	0	0	0	6	0	0
1261031	Nostoc sp. 'Peltigera membranacea cyanobiont' N6	species	cellular organisms;Bacteria;Bacillati;Cyanobacteriota/Melainabacteria group;Cyanobacteriota;Cyanophyceae;Nostocales;Nostocaceae;Nostoc;unclassified Nostoc;Nostoc cyanobionts;Nostoc sp. 'Peltigera membranacea cyanobiont' N6	0	0	0	6	0	1
1352	Enterococcus faecium	species	cellular organisms;Bacteria;Bacillati;Bacillota;Bacilli;Lactobacillales;Enterococcaceae;Enterococcus;Enterococcus faecium	0	0	0	3	0	1
161879	Corynebacterium kroppenstedtii	species	cellular organisms;Bacteria;Bacillati;Actinomycetota;Actinomycetes;Mycobacteriales;Corynebacteriaceae;Corynebacterium;Corynebacterium kroppenstedtii	0	0	0	10	2	0
2617746	unclassified Microvirga	no rank	cellular organisms;Bacteria;Pseudomonadati;Pseudomonadota;Alphaproteobacteria;Hyphomicrobiales;Methylobacteriaceae;Microvirga;unclassified Microvirga	0	0	0	3	0	0
98403	Drechmeria coniospora	species	cellular organisms;Eukaryota;Opisthokonta;Fungi;Dikarya;Ascomycota;saccharomyceta;Pezizomycotina;leotiomyceta;sordariomyceta;Sordariomycetes;Hypocreomycetidae;Hypocreales;Ophiocordycipitaceae;Drechmeria;Drechmeria coniospora	0	0	0	4	0	0
1499973	Escherichia marmotae	species	cellular organisms;Bacteria;Pseudomonadati;Pseudomonadota;Gammaproteobacteria;Enterobacterales;Enterobacteriaceae;Escherichia;Escherichia marmotae	0	0	0	3	0	0
2497875	Enterobacter chuandaensis	species	cellular organisms;Bacteria;Pseudomonadati;Pseudomonadota;Gammaproteobacteria;Enterobacterales;Enterobacteriaceae;Enterobacter;Enterobacter cloacae complex;Enterobacter chuandaensis	0	0	0	2	0	0
90239	Moraxella canis	species	cellular organisms;Bacteria;Pseudomonadati;Pseudomonadota;Gammaproteobacteria;Moraxellales;Moraxellaceae;Moraxella;Moraxella canis	0	0	0	2	0	65
2986949	Jiella pelagia	species	cellular organisms;Bacteria;Pseudomonadati;Pseudomonadota;Alphaproteobacteria;Hyphomicrobiales;Aurantimonadaceae;Jiella;Jiella pelagia	0	0	0	1	0	0
215580	Caldimonas thermodepolymerans	species	cellular organisms;Bacteria;Pseudomonadati;Pseudomonadota;Betaproteobacteria;Burkholderiales;Sphaerotilaceae;Caldimonas;Caldimonas thermodepolymerans	0	0	0	1	0	0
323732	Babesia duncani	species	cellular organisms;Eukaryota;Sar;Alveolata;Apicomplexa;Aconoidasida;Piroplasmida;Babesiidae;Babesia;Babesia duncani	0	0	0	3	0	0
1628086	Pseudomonas kribbensis	species	cellular organisms;Bacteria;Pseudomonadati;Pseudomonadota;Gammaproteobacteria;Pseudomonadales;Pseudomonadaceae;Pseudomonas;Pseudomonas kribbensis	0	0	0	1	0	0
1286322	Leishmaniinae	subfamily	cellular organisms;Eukaryota;Discoba;Euglenozoa;Kinetoplastea;Metakinetoplastina;Trypanosomatida;Trypanosomatidae;Leishmaniinae	0	0	0	5	0	0
1897064	Cryptococcus neoformans species complex	species group	cellular organisms;Eukaryota;Opisthokonta;Fungi;Dikarya;Basidiomycota;Agaricomycotina;Tremellomycetes;Tremellales;Cryptococcaceae;Cryptococcus;Cryptococcus neoformans species complex	0	0	0	1	0	0
4895	Schizosaccharomyces	genus	cellular organisms;Eukaryota;Opisthokonta;Fungi;Dikarya;Ascomycota;Taphrinomycotina;Schizosaccharomycetes;Schizosaccharomycetales;Schizosaccharomycetaceae;Schizosaccharomyces	0	0	0	1	0	0
150055	Streptococcus lutetiensis	species	cellular organisms;Bacteria;Bacillati;Bacillota;Bacilli;Lactobacillales;Streptococcaceae;Streptococcus;Streptococcus lutetiensis	0	0	0	1	0	0
1178	Nostoc commune	species	cellular organisms;Bacteria;Bacillati;Cyanobacteriota/Melainabacteria group;Cyanobacteriota;Cyanophyceae;Nostocales;Nostocaceae;Nostoc;Nostoc commune	0	0	0	2	0	0
2605943	Hwanghaeella sp.	species	cellular organisms;Bacteria;Pseudomonadati;Pseudomonadota;Alphaproteobacteria;Rhodospirillales;Aestuariispiraceae;Hwanghaeella;unclassified Hwanghaeella;Hwanghaeella sp.	0	0	0	1	0	0
871575	Ogataea parapolymorpha DL-1	strain	cellular organisms;Eukaryota;Opisthokonta;Fungi;Dikarya;Ascomycota;saccharomyceta;Saccharomycotina;Pichiomycetes;Pichiales;Pichiaceae;Ogataea;Ogataea parapolymorpha;Ogataea parapolymorpha DL-1	0	0	0	2	0	0
2919914	Sphingomonas sp. LaA6.9	species	cellular organisms;Bacteria;Pseudomonadati;Pseudomonadota;Alphaproteobacteria;Sphingomonadales;Sphingomonadaceae;Sphingomonas;unclassified Sphingomonas;Sphingomonas sp. LaA6.9	0	0	0	1	0	1
226230	Saccharomyces kudriavzevii IFO 1802	strain	cellular organisms;Eukaryota;Opisthokonta;Fungi;Dikarya;Ascomycota;saccharomyceta;Saccharomycotina;Saccharomycetes;Saccharomycetales;Saccharomycetaceae;Saccharomyces;Saccharomyces kudriavzevii;Saccharomyces kudriavzevii IFO 1802	0	0	0	1	0	0
2546356	Gloeothece citriformis	species	cellular organisms;Bacteria;Bacillati;Cyanobacteriota/Melainabacteria group;Cyanobacteriota;Cyanophyceae;Oscillatoriophycideae;Chroococcales;Aphanothecaceae;Gloeothece;Gloeothece citriformis	0	0	0	2	0	0
2157	Archaea	domain	cellular organisms;Archaea	0	0	0	1	0	0
573570	Francisella uliginis	species	cellular organisms;Bacteria;Pseudomonadati;Pseudomonadota;Gammaproteobacteria;Thiotrichales;Francisellaceae;Francisella;Francisella uliginis	0	0	0	1	0	0
227292	Sinorhizobium/Ensifer group	no rank	cellular organisms;Bacteria;Pseudomonadati;Pseudomonadota;Alphaproteobacteria;Hyphomicrobiales;Rhizobiaceae;Sinorhizobium/Ensifer group	0	0	0	4	0	0
546	Citrobacter freundii	species	cellular organisms;Bacteria;Pseudomonadati;Pseudomonadota;Gammaproteobacteria;Enterobacterales;Enterobacteriaceae;Citrobacter;Citrobacter freundii complex;Citrobacter freundii	0	0	0	10	10	1
155619	Agaricomycetes	class	cellular organisms;Eukaryota;Opisthokonta;Fungi;Dikarya;Basidiomycota;Agaricomycotina;Agaricomycetes	0	0	0	2	0	0
2761500	Porcisia hertigi	species	cellular organisms;Eukaryota;Discoba;Euglenozoa;Kinetoplastea;Metakinetoplastina;Trypanosomatida;Trypanosomatidae;Leishmaniinae;Porcisia;Porcisia hertigi	0	0	0	6	0	0
256729	lymphocystis disease virus-China	no rank	Viruses;Varidnaviria;Bamfordvirae;Nucleocytoviricota;Megaviricetes;Pimascovirales;Pimascovirales incertae sedis;Iridoviridae;Alphairidovirinae;Lymphocystivirus;Lymphocystivirus paralichthys1;Lymphocystis disease virus 2;lymphocystis disease virus-China	0	0	0	7	3	0
3134048	Wolbachia endosymbiont of Zygogramma bicolorata	species	cellular organisms;Bacteria;Pseudomonadati;Pseudomonadota;Alphaproteobacteria;Rickettsiales;Anaplasmataceae;Wolbachieae;Wolbachia;unclassified Wolbachia;Wolbachia endosymbiont of Zygogramma bicolorata	0	0	0	1	0	0
191	Azospirillum	genus	cellular organisms;Bacteria;Pseudomonadati;Pseudomonadota;Alphaproteobacteria;Rhodospirillales;Azospirillaceae;Azospirillum	0	0	0	2	0	0
165695	Sphingobium	genus	cellular organisms;Bacteria;Pseudomonadati;Pseudomonadota;Alphaproteobacteria;Sphingomonadales;Sphingobiaceae;Sphingobium	0	0	0	1	0	0
11660	Caprine arthritis encephalitis virus	no rank	Viruses;Riboviria;Pararnavirae;Artverviricota;Revtraviricetes;Ortervirales;Retroviridae;Orthoretrovirinae;Lentivirus;Lentivirus capartenc;Caprine arthritis encephalitis virus	0	0	0	3	9	0
51637	Naegleria lovaniensis	species	cellular organisms;Eukaryota;Discoba;Heterolobosea;Tetramitia;Eutetramitea;Acrasida;Naegleriidae;Naegleria;Naegleria lovaniensis	0	0	0	3	0	0
394239	Koala retrovirus	no rank	Viruses;Riboviria;Pararnavirae;Artverviricota;Revtraviricetes;Ortervirales;Retroviridae;Orthoretrovirinae;Gammaretrovirus;Gammaretrovirus koa;Koala retrovirus	0	0	0	4	0	1
2997333	Baekduia alba	species	cellular organisms;Bacteria;Bacillati;Actinomycetota;Thermoleophilia;Solirubrobacterales;Baekduiaceae;Baekduia;Baekduia alba	0	0	0	1	0	2
420245	Leishmania braziliensis MHOM/BR/75/M2904	strain	cellular organisms;Eukaryota;Discoba;Euglenozoa;Kinetoplastea;Metakinetoplastina;Trypanosomatida;Trypanosomatidae;Leishmaniinae;Leishmania;Viannia;Leishmania braziliensis species complex;Leishmania braziliensis;Leishmania braziliensis MHOM/BR/75/M2904	0	0	0	4	0	0
715340	Pleosporineae	suborder	cellular organisms;Eukaryota;Opisthokonta;Fungi;Dikarya;Ascomycota;saccharomyceta;Pezizomycotina;leotiomyceta;dothideomyceta;Dothideomycetes;Pleosporomycetidae;Pleosporales;Pleosporineae	0	0	0	2	0	0
2528021	Anatilimnocola aggregata	species	cellular organisms;Bacteria;Pseudomonadati;PVC group;Planctomycetota;Planctomycetia;Pirellulales;Pirellulaceae;Anatilimnocola;Anatilimnocola aggregata	0	0	0	2	0	0
1582356	Sphingomicrobium aestuariivivum	species	cellular organisms;Bacteria;Pseudomonadati;Pseudomonadota;Alphaproteobacteria;Sphingomonadales;Sphingomicrobiaceae;Sphingomicrobium;Sphingomicrobium aestuariivivum	0	0	0	1	0	0
36651	Penicillium digitatum	species	cellular organisms;Eukaryota;Opisthokonta;Fungi;Dikarya;Ascomycota;saccharomyceta;Pezizomycotina;leotiomyceta;Eurotiomycetes;Eurotiomycetidae;Eurotiales;Aspergillaceae;Penicillium;Penicillium digitatum	0	0	0	2	0	0
70799	Nodularia spumigena	species	cellular organisms;Bacteria;Bacillati;Cyanobacteriota/Melainabacteria group;Cyanobacteriota;Cyanophyceae;Nostocales;Nodulariaceae;Nodularia;Nodularia spumigena	0	0	0	1	0	0
5873	Theileria	genus	cellular organisms;Eukaryota;Sar;Alveolata;Apicomplexa;Aconoidasida;Piroplasmida;Theileriidae;Theileria	0	0	0	1	1	0
29404	Microlunatus	genus	cellular organisms;Bacteria;Bacillati;Actinomycetota;Actinomycetes;Propionibacteriales;Propionibacteriaceae;Microlunatus	0	0	0	1	0	0
517	Bordetella	genus	cellular organisms;Bacteria;Pseudomonadati;Pseudomonadota;Betaproteobacteria;Burkholderiales;Alcaligenaceae;Bordetella	0	0	0	1	0	0
46680	Pseudomonas nitroreducens	species	cellular organisms;Bacteria;Pseudomonadati;Pseudomonadota;Gammaproteobacteria;Pseudomonadales;Pseudomonadaceae;Pseudomonas;Pseudomonas aeruginosa group;Pseudomonas nitroreducens/multiresinivorans group;Pseudomonas nitroreducens	0	0	0	2	0	0
1423	Bacillus subtilis	species	cellular organisms;Bacteria;Bacillati;Bacillota;Bacilli;Bacillales;Bacillaceae;Bacillus;Bacillus subtilis group;Bacillus subtilis	0	0	0	1	0	1
2068657	Allosphingosinicella humi	species	cellular organisms;Bacteria;Pseudomonadati;Pseudomonadota;Alphaproteobacteria;Sphingomonadales;Sphingomicrobiaceae;Allosphingosinicella;Allosphingosinicella humi	0	0	0	3	0	0
2020962	Malassezia vespertilionis	species	cellular organisms;Eukaryota;Opisthokonta;Fungi;Dikarya;Basidiomycota;Ustilaginomycotina;Malasseziomycetes;Malasseziales;Malasseziaceae;Malassezia;Malassezia vespertilionis	0	0	0	2	0	0
3409772	Streptococcus mitis group	species group	cellular organisms;Bacteria;Bacillati;Bacillota;Bacilli;Lactobacillales;Streptococcaceae;Streptococcus;Streptococcus mitis group	0	0	0	1	0	0
2684926	unclassified Acidovorax	no rank	cellular organisms;Bacteria;Pseudomonadati;Pseudomonadota;Betaproteobacteria;Burkholderiales;Comamonadaceae;Acidovorax;unclassified Acidovorax	0	0	0	3	0	0
1761016	Paraburkholderia caffeinilytica	species	cellular organisms;Bacteria;Pseudomonadati;Pseudomonadota;Betaproteobacteria;Burkholderiales;Burkholderiaceae;Paraburkholderia;Paraburkholderia caffeinilytica	0	0	0	1	0	0
13502	Brettanomyces nanus	species	cellular organisms;Eukaryota;Opisthokonta;Fungi;Dikarya;Ascomycota;saccharomyceta;Saccharomycotina;Pichiomycetes;Pichiales;Pichiaceae;Brettanomyces;Brettanomyces nanus	0	0	0	3	0	0
984307	Paraburkholderia kururiensis	species	cellular organisms;Bacteria;Pseudomonadati;Pseudomonadota;Betaproteobacteria;Burkholderiales;Burkholderiaceae;Paraburkholderia;Paraburkholderia kururiensis	0	0	0	1	0	0
4910	Kluyveromyces	genus	cellular organisms;Eukaryota;Opisthokonta;Fungi;Dikarya;Ascomycota;saccharomyceta;Saccharomycotina;Saccharomycetes;Saccharomycetales;Saccharomycetaceae;Kluyveromyces	0	0	0	3	0	0
2480087	Rhodopila sp.	species	cellular organisms;Bacteria;Pseudomonadati;Pseudomonadota;Alphaproteobacteria;Acetobacterales;Acetobacteraceae;Rhodopila;unclassified Rhodopila;Rhodopila sp.	0	0	0	1	0	0
1350	Enterococcus	genus	cellular organisms;Bacteria;Bacillati;Bacillota;Bacilli;Lactobacillales;Enterococcaceae;Enterococcus	0	0	0	1	0	0
1120755	Plasmodium cynomolgi strain B	strain	cellular organisms;Eukaryota;Sar;Alveolata;Apicomplexa;Aconoidasida;Haemosporida;Plasmodiidae;Plasmodium;Plasmodium (Plasmodium);Plasmodium cynomolgi;Plasmodium cynomolgi strain B	0	0	0	1	0	0
2652172	unclassified Nitrospira	no rank	cellular organisms;Bacteria;Pseudomonadati;Nitrospirota;Nitrospiria;Nitrospirales;Nitrospiraceae;Nitrospira;unclassified Nitrospira	0	0	0	1	0	0
3413936	Hyphomicrobium sp. 1Nfss2.1	species	cellular organisms;Bacteria;Pseudomonadati;Pseudomonadota;Alphaproteobacteria;Hyphomicrobiales;Hyphomicrobiaceae;Hyphomicrobium;unclassified Hyphomicrobium;Hyphomicrobium sp. 1Nfss2.1	0	0	0	1	0	0
11676	Human immunodeficiency virus 1	no rank	Viruses;Riboviria;Pararnavirae;Artverviricota;Revtraviricetes;Ortervirales;Retroviridae;Orthoretrovirinae;Lentivirus;Lentivirus humimdef1;Human immunodeficiency virus 1	0	0	0	3	3	0
28450	Burkholderia pseudomallei	species	cellular organisms;Bacteria;Pseudomonadati;Pseudomonadota;Betaproteobacteria;Burkholderiales;Burkholderiaceae;Burkholderia;pseudomallei group;Burkholderia pseudomallei	0	0	0	1	2	21
407	Methylobacterium	genus	cellular organisms;Bacteria;Pseudomonadati;Pseudomonadota;Alphaproteobacteria;Hyphomicrobiales;Methylobacteriaceae;Methylobacterium	0	0	0	1	1	0
4930	Saccharomyces	genus	cellular organisms;Eukaryota;Opisthokonta;Fungi;Dikarya;Ascomycota;saccharomyceta;Saccharomycotina;Saccharomycetes;Saccharomycetales;Saccharomycetaceae;Saccharomyces	0	0	0	2	0	0
47735	Bibersteinia trehalosi	species	cellular organisms;Bacteria;Pseudomonadati;Pseudomonadota;Gammaproteobacteria;Pasteurellales;Pasteurellaceae;Bibersteinia;Bibersteinia trehalosi	0	0	0	2	0	0
1385	Bacillales	order	cellular organisms;Bacteria;Bacillati;Bacillota;Bacilli;Bacillales	0	0	0	3	361705	0
691	Vibrio natriegens	species	cellular organisms;Bacteria;Pseudomonadati;Pseudomonadota;Gammaproteobacteria;Vibrionales;Vibrionaceae;Vibrio;Vibrio harveyi group;Vibrio natriegens	0	0	0	1	0	0
1813871	Panacibacter ginsenosidivorans	species	cellular organisms;Bacteria;Pseudomonadati;FCB group;Bacteroidota/Chlorobiota group;Bacteroidota;Chitinophagia;Chitinophagales;Chitinophagaceae;Panacibacter;Panacibacter ginsenosidivorans	0	0	0	1	0	0
2038635	Hyphococcus	genus	cellular organisms;Bacteria;Pseudomonadati;Pseudomonadota;Alphaproteobacteria;Parvularculales;Parvularculaceae;Hyphococcus	0	0	0	2	0	0
85413	Allobosea	genus	cellular organisms;Bacteria;Pseudomonadati;Pseudomonadota;Alphaproteobacteria;Hyphomicrobiales;Alloboseaceae;Allobosea	0	0	0	1	0	0
3038773	Jannaschia ovalis	species	cellular organisms;Bacteria;Pseudomonadati;Pseudomonadota;Alphaproteobacteria;Rhodobacterales;Roseobacteraceae;Jannaschia;Jannaschia ovalis	0	0	0	1	0	0
498019	Candidozyma auris	species	cellular organisms;Eukaryota;Opisthokonta;Fungi;Dikarya;Ascomycota;saccharomyceta;Saccharomycotina;Pichiomycetes;Serinales;Metschnikowiaceae;Candidozyma;Candidozyma auris	0	0	0	1	0	0
1716543	Clostridium thermarum	species	cellular organisms;Bacteria;Bacillati;Bacillota;Clostridia;Eubacteriales;Clostridiaceae;Clostridium;Clostridium thermarum	0	0	0	1	0	0
2731619	Caudoviricetes	class	Viruses;Duplodnaviria;Heunggongvirae;Uroviricota;Caudoviricetes	0	0	0	4	0	0
571177	Desulfosarcina alkanivorans	species	cellular organisms;Bacteria;Pseudomonadati;Thermodesulfobacteriota;Desulfobacteria;Desulfobacterales;Desulfosarcinaceae;Desulfosarcina;Desulfosarcina alkanivorans	0	0	0	1	1	0
11764	Baboon endogenous virus strain M7	no rank	Viruses;Riboviria;Pararnavirae;Artverviricota;Revtraviricetes;Ortervirales;Retroviridae;Orthoretrovirinae;Gammaretrovirus;unclassified Gammaretrovirus;Baboon endogenous virus;Baboon endogenous virus strain M7	0	0	0	1	0	0
575	Klebsiella planticola	species	cellular organisms;Bacteria;Pseudomonadati;Pseudomonadota;Gammaproteobacteria;Enterobacterales;Enterobacteriaceae;Klebsiella;Klebsiella planticola	0	0	0	3	0	2
651137	Nitrososphaerota	phylum	cellular organisms;Archaea;Thermoproteati;Nitrososphaerota	0	0	0	1	0	0
28453	Sphingobacterium	genus	cellular organisms;Bacteria;Pseudomonadati;FCB group;Bacteroidota/Chlorobiota group;Bacteroidota;Sphingobacteriia;Sphingobacteriales;Sphingobacteriaceae;Sphingobacterium	0	0	0	1	0	0
717610	Vibrio harveyi group	species group	cellular organisms;Bacteria;Pseudomonadati;Pseudomonadota;Gammaproteobacteria;Vibrionales;Vibrionaceae;Vibrio;Vibrio harveyi group	0	0	0	1	0	0
1852022	Roseitalea porphyridii	species	cellular organisms;Bacteria;Pseudomonadati;Pseudomonadota;Alphaproteobacteria;Hyphomicrobiales;Ahrensiaceae;Roseitalea;Roseitalea porphyridii	0	0	0	1	0	0
201174	Actinomycetota	phylum	cellular organisms;Bacteria;Bacillati;Actinomycetota	0	0	0	1	26	0
422676	Aconoidasida	class	cellular organisms;Eukaryota;Sar;Alveolata;Apicomplexa;Aconoidasida	0	0	0	1	0	0
3042300	Vibrio sp. YMD68	species	cellular organisms;Bacteria;Pseudomonadati;Pseudomonadota;Gammaproteobacteria;Vibrionales;Vibrionaceae;Vibrio;unclassified Vibrio;Vibrio sp. YMD68	0	0	0	1	0	0
67827	Citrobacter werkmanii	species	cellular organisms;Bacteria;Pseudomonadati;Pseudomonadota;Gammaproteobacteria;Enterobacterales;Enterobacteriaceae;Citrobacter;Citrobacter freundii complex;Citrobacter werkmanii	0	0	0	1	0	0
2847061	Escherichia phage ev099	no rank	Viruses;Duplodnaviria;Heunggongvirae;Uroviricota;Caudoviricetes;Caudoviricetes incertae sedis;Radostvirus;Radostvirus ev099;Escherichia phage ev099	0	0	0	1	0	0
1912091	Nioella sp.	species	cellular organisms;Bacteria;Pseudomonadati;Pseudomonadota;Alphaproteobacteria;Rhodobacterales;Paracoccaceae;Nioella;unclassified Nioella;Nioella sp.	0	0	0	1	0	0
222543	Hypocreomycetidae	subclass	cellular organisms;Eukaryota;Opisthokonta;Fungi;Dikarya;Ascomycota;saccharomyceta;Pezizomycotina;leotiomyceta;sordariomyceta;Sordariomycetes;Hypocreomycetidae	0	0	0	2	0	0
487316	Acinetobacter soli	species	cellular organisms;Bacteria;Pseudomonadati;Pseudomonadota;Gammaproteobacteria;Moraxellales;Moraxellaceae;Acinetobacter;Acinetobacter soli	0	0	0	1	0	291
33634	Stramenopiles	clade	cellular organisms;Eukaryota;Sar;Stramenopiles	0	0	0	2	0	0
2931930	Kovacikia minuta	species	cellular organisms;Bacteria;Bacillati;Cyanobacteriota/Melainabacteria group;Cyanobacteriota;Cyanophyceae;Leptolyngbyales;Leptolyngbyaceae;Kovacikia;Kovacikia minuta	0	0	0	2	0	0
1822365	Bovine retrovirus CH15	species	Viruses;Riboviria;Pararnavirae;Artverviricota;Revtraviricetes;Ortervirales;Retroviridae;Orthoretrovirinae;Betaretrovirus;unclassified Betaretrovirus;Bovine retrovirus CH15	0	0	0	1	0	0
2584084	Methylobacterium symbioticum	species	cellular organisms;Bacteria;Pseudomonadati;Pseudomonadota;Alphaproteobacteria;Hyphomicrobiales;Methylobacteriaceae;Methylobacterium;Methylobacterium symbioticum	0	0	0	1	0	0
2995413	Neisseria leonii	species	cellular organisms;Bacteria;Pseudomonadati;Pseudomonadota;Betaproteobacteria;Neisseriales;Neisseriaceae;Neisseria;Neisseria leonii	0	0	0	2	0	2
2904120	Moraxella nasibovis	species	cellular organisms;Bacteria;Pseudomonadati;Pseudomonadota;Gammaproteobacteria;Moraxellales;Moraxellaceae;Moraxella;Moraxella nasibovis	0	0	0	1	0	41
1917215	Ferrovibrio sp.	species	cellular organisms;Bacteria;Pseudomonadati;Pseudomonadota;Alphaproteobacteria;Rhodospirillales;Rhodospirillaceae;Ferrovibrio;unclassified Ferrovibrio;Ferrovibrio sp.	0	0	0	1	0	0
3080828	Methylocapsa polymorpha	species	cellular organisms;Bacteria;Pseudomonadati;Pseudomonadota;Alphaproteobacteria;Hyphomicrobiales;Beijerinckiaceae;Methylocapsa;Methylocapsa polymorpha	0	0	0	2	0	0
2758440	Changpingibacter yushuensis	species	cellular organisms;Bacteria;Bacillati;Actinomycetota;Actinomycetes;Actinomycetales;Actinomycetaceae;Changpingibacter;Changpingibacter yushuensis	0	0	0	1	0	1
1869285	Allofrancisella	genus	cellular organisms;Bacteria;Pseudomonadati;Pseudomonadota;Gammaproteobacteria;Thiotrichales;Francisellaceae;Allofrancisella	0	0	0	1	0	0
2962888	Rhizobium sp. YTUHZ045	species	cellular organisms;Bacteria;Pseudomonadati;Pseudomonadota;Alphaproteobacteria;Hyphomicrobiales;Rhizobiaceae;Rhizobium/Agrobacterium group;Rhizobium;unclassified Rhizobium;Rhizobium sp. YTUHZ045	0	0	0	1	0	0
464988	Hemiselmis andersenii	species	cellular organisms;Eukaryota;Cryptophyceae;Cryptomonadales;Hemiselmidaceae;Hemiselmis;Hemiselmis andersenii	0	0	0	1	0	0
501783	Cloacibacterium	genus	cellular organisms;Bacteria;Pseudomonadati;FCB group;Bacteroidota/Chlorobiota group;Bacteroidota;Flavobacteriia;Flavobacteriales;Weeksellaceae;Cloacibacterium	0	0	0	1	0	0
2762318	Weeksellaceae	family	cellular organisms;Bacteria;Pseudomonadati;FCB group;Bacteroidota/Chlorobiota group;Bacteroidota;Flavobacteriia;Flavobacteriales;Weeksellaceae	0	0	0	1	0	0
225991	Comamonas aquatica	species	cellular organisms;Bacteria;Pseudomonadati;Pseudomonadota;Betaproteobacteria;Burkholderiales;Comamonadaceae;Comamonas;Comamonas aquatica	0	0	0	1	0	0
993414	Naumannella halotolerans	species	cellular organisms;Bacteria;Bacillati;Actinomycetota;Actinomycetes;Propionibacteriales;Propionibacteriaceae;Naumannella;Naumannella halotolerans	0	0	0	1	0	0
2632499	unclassified Thalassobaculum	no rank	cellular organisms;Bacteria;Pseudomonadati;Pseudomonadota;Alphaproteobacteria;Rhodospirillales;Thalassobaculaceae;Thalassobaculum;unclassified Thalassobaculum	0	0	0	1	0	0
2623496	unclassified Xanthobacter	no rank	cellular organisms;Bacteria;Pseudomonadati;Pseudomonadota;Alphaproteobacteria;Hyphomicrobiales;Xanthobacteraceae;Xanthobacter;unclassified Xanthobacter	0	0	0	2	0	0
3072908	unclassified Candidatus Pseudothioglobus	no rank	cellular organisms;Bacteria;Pseudomonadati;Pseudomonadota;Gammaproteobacteria;Gammaproteobacteria incertae sedis;Candidatus Pseudothioglobaceae;Candidatus Pseudothioglobus;unclassified Candidatus Pseudothioglobus	0	0	0	1	0	0
107324	Tobacco vein clearing virus	no rank	Viruses;Riboviria;Pararnavirae;Artverviricota;Revtraviricetes;Ortervirales;Caulimoviridae;Solendovirus;Solendovirus venanicotianae;Tobacco vein clearing virus	0	0	0	1	0	0
679716	Trypanosoma brucei gambiense DAL972	strain	cellular organisms;Eukaryota;Discoba;Euglenozoa;Kinetoplastea;Metakinetoplastina;Trypanosomatida;Trypanosomatidae;Trypanosoma;Trypanozoon;Trypanosoma brucei;Trypanosoma brucei gambiense;Trypanosoma brucei gambiense DAL972	0	0	0	1	0	0
1892855	Sphingosinicella sp. BN140058	species	cellular organisms;Bacteria;Pseudomonadati;Pseudomonadota;Alphaproteobacteria;Sphingomonadales;Sphingosinicellaceae;Sphingosinicella;unclassified Sphingosinicella;Sphingosinicella sp. BN140058	0	0	0	1	0	0
2994496	Dyella sp. GSA-30	species	cellular organisms;Bacteria;Pseudomonadati;Pseudomonadota;Gammaproteobacteria;Lysobacterales;Rhodanobacteraceae;Dyella;unclassified Dyella;Dyella sp. GSA-30	0	0	0	2	0	0
31271	Plasmodium chabaudi chabaudi	subspecies	cellular organisms;Eukaryota;Sar;Alveolata;Apicomplexa;Aconoidasida;Haemosporida;Plasmodiidae;Plasmodium;Plasmodium (Vinckeia);Plasmodium chabaudi;Plasmodium chabaudi chabaudi	0	0	0	1	0	0
11901	Bovine leukemia virus	no rank	Viruses;Riboviria;Pararnavirae;Artverviricota;Revtraviricetes;Ortervirales;Retroviridae;Orthoretrovirinae;Deltaretrovirus;Deltaretrovirus bovleu;Bovine leukemia virus	0	0	0	3	6	0
738	Glaesserella parasuis	species	cellular organisms;Bacteria;Pseudomonadati;Pseudomonadota;Gammaproteobacteria;Pasteurellales;Pasteurellaceae;Glaesserella;Glaesserella parasuis	0	0	0	2	0	1
3457314	Thalassospira sp. SM2505	species	cellular organisms;Bacteria;Pseudomonadati;Pseudomonadota;Alphaproteobacteria;Rhodospirillales;Thalassospiraceae;Thalassospira;unclassified Thalassospira;Thalassospira sp. SM2505	0	0	0	1	0	0
650378	Cardinium endosymbiont of Sogatella furcifera	species	cellular organisms;Bacteria;Pseudomonadati;FCB group;Bacteroidota/Chlorobiota group;Bacteroidota;Cytophagia;Cytophagales;Amoebophilaceae;Candidatus Cardinium;unclassified Candidatus Cardinium;Cardinium endosymbiont of Sogatella furcifera	0	0	0	2	1	1
3423439	Psychrobacter sp. VH5	species	cellular organisms;Bacteria;Pseudomonadati;Pseudomonadota;Gammaproteobacteria;Moraxellales;Moraxellaceae;Psychrobacter;unclassified Psychrobacter;Psychrobacter sp. VH5	0	0	0	1	0	189
759273	Colletotrichum higginsianum IMI 349063	strain	cellular organisms;Eukaryota;Opisthokonta;Fungi;Dikarya;Ascomycota;saccharomyceta;Pezizomycotina;leotiomyceta;sordariomyceta;Sordariomycetes;Hypocreomycetidae;Glomerellales;Glomerellaceae;Colletotrichum;Colletotrichum destructivum species complex;Colletotrichum higginsianum;Colletotrichum higginsianum IMI 349063	0	0	0	2	0	0
542	Zymomonas mobilis	species	cellular organisms;Bacteria;Pseudomonadati;Pseudomonadota;Alphaproteobacteria;Sphingomonadales;Zymomonadaceae;Zymomonas;Zymomonas mobilis	0	0	0	1	0	0
1808979	Candidatus Methylospira mobilis	species	cellular organisms;Bacteria;Pseudomonadati;Pseudomonadota;Gammaproteobacteria;Methylococcales;Methylococcaceae;Candidatus Methylospira;Candidatus Methylospira mobilis	0	0	0	1	0	0
90241	Lwoffella lincolnii	species	cellular organisms;Bacteria;Pseudomonadati;Pseudomonadota;Gammaproteobacteria;Moraxellales;Moraxellaceae;Lwoffella;Lwoffella lincolnii	0	0	0	1	0	2805922
208215	Parvularcula	genus	cellular organisms;Bacteria;Pseudomonadati;Pseudomonadota;Alphaproteobacteria;Parvularculales;Parvularculaceae;Parvularcula	0	0	0	1	0	0
2740464	Phyllobacterium pellucidum	species	cellular organisms;Bacteria;Pseudomonadati;Pseudomonadota;Alphaproteobacteria;Hyphomicrobiales;Phyllobacteriaceae;Phyllobacterium;Phyllobacterium pellucidum	0	0	0	1	2	0
2571746	Trinickia violacea	species	cellular organisms;Bacteria;Pseudomonadati;Pseudomonadota;Betaproteobacteria;Burkholderiales;Burkholderiaceae;Trinickia;Trinickia violacea	0	0	0	1	0	0
3066216	Cardinium endosymbiont of Tipula unca	species	cellular organisms;Bacteria;Pseudomonadati;FCB group;Bacteroidota/Chlorobiota group;Bacteroidota;Cytophagia;Cytophagales;Amoebophilaceae;Candidatus Cardinium;unclassified Candidatus Cardinium;Cardinium endosymbiont of Tipula unca	0	0	0	1	0	0
3058963	Methylomonas montana	species	cellular organisms;Bacteria;Pseudomonadati;Pseudomonadota;Gammaproteobacteria;Methylococcales;Methylococcaceae;Methylomonas;Methylomonas montana	0	0	0	1	0	0
181762	Psilocybe cubensis	species	cellular organisms;Eukaryota;Opisthokonta;Fungi;Dikarya;Basidiomycota;Agaricomycotina;Agaricomycetes;Agaricomycetidae;Agaricales;Agaricineae;Strophariaceae;Psilocybe;Psilocybe cubensis	0	0	0	2	0	0
657642	Brevundimonas olei	species	cellular organisms;Bacteria;Pseudomonadati;Pseudomonadota;Alphaproteobacteria;Caulobacterales;Caulobacteraceae;Brevundimonas;Brevundimonas olei	0	0	0	1	0	0
3395267	Ekhidna algicida	species	cellular organisms;Bacteria;Pseudomonadati;FCB group;Bacteroidota/Chlorobiota group;Bacteroidota;Cytophagia;Cytophagales;Reichenbachiellaceae;Ekhidna;Ekhidna algicida	0	0	0	1	0	0
3161580	Leptolyngbya iicbica	species	cellular organisms;Bacteria;Bacillati;Cyanobacteriota/Melainabacteria group;Cyanobacteriota;Cyanophyceae;Leptolyngbyales;Leptolyngbyaceae;Leptolyngbya group;Leptolyngbya;Leptolyngbya iicbica	0	0	0	1	0	0
2847062	Escherichia phage ev207	no rank	Viruses;Duplodnaviria;Heunggongvirae;Uroviricota;Caudoviricetes;Caudoviricetes incertae sedis;Jouyvirus;Jouyvirus ev207;Escherichia phage ev207	0	0	0	1	0	0
2547451	Leptolyngbya sp. NK1-12	species	cellular organisms;Bacteria;Bacillati;Cyanobacteriota/Melainabacteria group;Cyanobacteriota;Cyanophyceae;Leptolyngbyales;Leptolyngbyaceae;Leptolyngbya group;Leptolyngbya;unclassified Leptolyngbya;Leptolyngbya sp. NK1-12	0	0	0	1	0	1
120652	Methylocella	genus	cellular organisms;Bacteria;Pseudomonadati;Pseudomonadota;Alphaproteobacteria;Hyphomicrobiales;Beijerinckiaceae;Methylocella	0	0	0	1	0	0
662	Vibrio	genus	cellular organisms;Bacteria;Pseudomonadati;Pseudomonadota;Gammaproteobacteria;Vibrionales;Vibrionaceae;Vibrio	0	0	0	1	0	9
3058420	Tropicibacter oceani	species	cellular organisms;Bacteria;Pseudomonadati;Pseudomonadota;Alphaproteobacteria;Rhodobacterales;Roseobacteraceae;Tropicibacter;Tropicibacter oceani	0	0	0	1	0	0
588673	Solirubrobacterales	order	cellular organisms;Bacteria;Bacillati;Actinomycetota;Thermoleophilia;Solirubrobacterales	0	0	0	1	0	4
2602015	Hypericibacter terrae	species	cellular organisms;Bacteria;Pseudomonadati;Pseudomonadota;Alphaproteobacteria;Rhodospirillales;Dongiaceae;Hypericibacter;Hypericibacter terrae	0	0	0	1	0	0
43306	Pseudomonas denitrificans (nom. rej.)	species	cellular organisms;Bacteria;Pseudomonadati;Pseudomonadota;Gammaproteobacteria;Pseudomonadales;Pseudomonadaceae;Halopseudomonas;Halopseudomonas pertucinogena group;Pseudomonas denitrificans (nom. rej.)	0	0	0	1	0	0
2831780	Bradyrhizobium sp. sBnM-33	species	cellular organisms;Bacteria;Pseudomonadati;Pseudomonadota;Alphaproteobacteria;Hyphomicrobiales;Nitrobacteraceae;Bradyrhizobium;unclassified Bradyrhizobium;Bradyrhizobium sp. sBnM-33	0	0	0	2	0	0
2823693	Phenylobacterium montanum	species	cellular organisms;Bacteria;Pseudomonadati;Pseudomonadota;Alphaproteobacteria;Caulobacterales;Caulobacteraceae;Phenylobacterium;Phenylobacterium montanum	0	0	0	1	0	0
48558	Pyricularia	genus	cellular organisms;Eukaryota;Opisthokonta;Fungi;Dikarya;Ascomycota;saccharomyceta;Pezizomycotina;leotiomyceta;sordariomyceta;Sordariomycetes;Sordariomycetidae;Magnaporthales;Pyriculariaceae;Pyricularia	0	0	0	1	0	0
2741701	Candidatus Bodocaedibacter vickermanii	species	cellular organisms;Bacteria;Pseudomonadati;Pseudomonadota;Alphaproteobacteria;Holosporales;Candidatus Paracaedibacteraceae;Candidatus Bodocaedibacter;Candidatus Bodocaedibacter vickermanii	0	0	0	1	0	0
1473598	Paludibaculum fermentans	species	cellular organisms;Bacteria;Pseudomonadati;Acidobacteriota;Terriglobia;Bryobacterales;Bryobacteraceae;Paludibaculum;Paludibaculum fermentans	0	0	0	1	0	0
2169400	Paragemmobacter aquarius	species	cellular organisms;Bacteria;Pseudomonadati;Pseudomonadota;Alphaproteobacteria;Rhodobacterales;Paracoccaceae;Paragemmobacter;Paragemmobacter aquarius	0	0	0	1	0	0
44577	Nitrosomonas ureae	species	cellular organisms;Bacteria;Pseudomonadati;Pseudomonadota;Betaproteobacteria;Nitrosomonadales;Nitrosomonadaceae;Nitrosomonas;Nitrosomonas ureae	0	0	0	1	0	0
1090133	Enterobacteria phage IME10	species	Viruses;Duplodnaviria;Heunggongvirae;Uroviricota;Caudoviricetes;Caudoviricetes incertae sedis;Lederbergvirus;unclassified Lederbergvirus;Enterobacteria phage IME10	0	0	0	1	0	0
3092148	Tateyamaria sp. SN6-1	species	cellular organisms;Bacteria;Pseudomonadati;Pseudomonadota;Alphaproteobacteria;Rhodobacterales;Roseobacteraceae;Tateyamaria;unclassified Tateyamaria;Tateyamaria sp. SN6-1	0	0	0	1	0	0
2651167	Ignavibacterium sp.	species	cellular organisms;Bacteria;Pseudomonadati;FCB group;Bacteroidota/Chlorobiota group;Ignavibacteriota;Ignavibacteria;Ignavibacteriales;Ignavibacteriaceae;Ignavibacterium;unclassified Ignavibacterium;Ignavibacterium sp.	0	0	0	1	0	17
482957	Burkholderia lata	species	cellular organisms;Bacteria;Pseudomonadati;Pseudomonadota;Betaproteobacteria;Burkholderiales;Burkholderiaceae;Burkholderia;Burkholderia cepacia complex;Burkholderia lata	0	0	0	1	0	0
111781	[Leptolyngbya] sp. PCC 7376	species	cellular organisms;Bacteria;Bacillati;Cyanobacteriota/Melainabacteria group;Cyanobacteriota;Cyanophyceae;Oscillatoriophycideae;Chroococcales;Geminocystaceae;Picosynechococcus;unclassified Picosynechococcus;[Leptolyngbya] sp. PCC 7376	0	0	0	1	0	0
3085097	Candidatus Promineifilaceae	family	cellular organisms;Bacteria;Bacillati;Chloroflexota;Ardenticatenia;Candidatus Promineifilales;Candidatus Promineifilaceae	0	0	0	1	0	0
1775926	Lodderomyces beijingensis	species	cellular organisms;Eukaryota;Opisthokonta;Fungi;Dikarya;Ascomycota;saccharomyceta;Saccharomycotina;Pichiomycetes;Serinales;Debaryomycetaceae;Candida/Lodderomyces clade;Lodderomyces;Lodderomyces beijingensis	0	0	0	1	0	0
3453421	Pampinifervens	genus	cellular organisms;Bacteria;Pseudomonadati;Aquificota;Aquificia;Aquificales;Aquificaceae;Pampinifervens	0	0	0	1	0	0
1734106	Kwoniella shandongensis	species	cellular organisms;Eukaryota;Opisthokonta;Fungi;Dikarya;Basidiomycota;Agaricomycotina;Tremellomycetes;Tremellales;Cryptococcaceae;Kwoniella;Kwoniella shandongensis	0	0	0	2	0	0
3136564	Paraburkholderia sp. IMGN_8	species	cellular organisms;Bacteria;Pseudomonadati;Pseudomonadota;Betaproteobacteria;Burkholderiales;Burkholderiaceae;Paraburkholderia;unclassified Paraburkholderia;Paraburkholderia sp. IMGN_8	0	0	0	2	2	0
2630699	unclassified Hyphomonas	no rank	cellular organisms;Bacteria;Pseudomonadati;Pseudomonadota;Alphaproteobacteria;Hyphomonadales;Hyphomonadaceae;Hyphomonas;unclassified Hyphomonas	0	0	0	2	0	0
1573823	uncultured Draconibacterium sp.	species	cellular organisms;Bacteria;Pseudomonadati;FCB group;Bacteroidota/Chlorobiota group;Bacteroidota;Bacteroidia;Marinilabiliales;Prolixibacteraceae;Draconibacterium;environmental samples;uncultured Draconibacterium sp.	0	0	0	1	0	0
3240027	Saccharopolyspora sp. CA-218241	species	cellular organisms;Bacteria;Bacillati;Actinomycetota;Actinomycetes;Pseudonocardiales;Pseudonocardiaceae;Saccharopolyspora;unclassified Saccharopolyspora;Saccharopolyspora sp. CA-218241	0	0	0	1	0	0
1868215	Orthopneumovirus	genus	Viruses;Riboviria;Orthornavirae;Negarnaviricota;Haploviricotina;Monjiviricetes;Mononegavirales;Pneumoviridae;Orthopneumovirus	0	0	0	0	1515588	95458
11250	human respiratory syncytial virus	no rank	Viruses;Riboviria;Orthornavirae;Negarnaviricota;Haploviricotina;Monjiviricetes;Mononegavirales;Pneumoviridae;Orthopneumovirus;Orthopneumovirus hominis;human respiratory syncytial virus	0	0	0	0	1796895	287342
1282	Staphylococcus epidermidis	species	cellular organisms;Bacteria;Bacillati;Bacillota;Bacilli;Bacillales;Staphylococcaceae;Staphylococcus;Staphylococcus epidermidis	0	0	0	0	580307	0
1151742	Lactococcus taiwanensis	species	cellular organisms;Bacteria;Bacillati;Bacillota;Bacilli;Lactobacillales;Streptococcaceae;Lactococcus;Lactococcus taiwanensis	0	0	0	0	2866	0
45972	Staphylococcus pasteuri	species	cellular organisms;Bacteria;Bacillati;Bacillota;Bacilli;Bacillales;Staphylococcaceae;Staphylococcus;Staphylococcus pasteuri	0	0	0	0	1327	0
208893	Human respiratory syncytial virus A	no rank	Viruses;Riboviria;Orthornavirae;Negarnaviricota;Haploviricotina;Monjiviricetes;Mononegavirales;Pneumoviridae;Orthopneumovirus;Orthopneumovirus hominis;human respiratory syncytial virus;Human respiratory syncytial virus A	0	0	0	0	418974	58
1276936	Staphylococcus petrasii	species	cellular organisms;Bacteria;Bacillati;Bacillota;Bacilli;Bacillales;Staphylococcaceae;Staphylococcus;Staphylococcus petrasii	0	0	0	0	11579	0
12059	Enterovirus	genus	Viruses;Riboviria;Orthornavirae;Pisuviricota;Pisoniviricetes;Picornavirales;Picornaviridae;Ensavirinae;Enterovirus	0	0	0	0	2733	0
1414719	Corynebacterium jeddahense	species	cellular organisms;Bacteria;Bacillati;Actinomycetota;Actinomycetes;Mycobacteriales;Corynebacteriaceae;Corynebacterium;Corynebacterium jeddahense	0	0	0	0	23174	0
65058	Corynebacterium ulcerans	species	cellular organisms;Bacteria;Bacillati;Actinomycetota;Actinomycetes;Mycobacteriales;Corynebacteriaceae;Corynebacterium;Corynebacterium ulcerans	0	0	0	0	728	0
33028	Staphylococcus saccharolyticus	species	cellular organisms;Bacteria;Bacillati;Bacillota;Bacilli;Bacillales;Staphylococcaceae;Staphylococcus;Staphylococcus saccharolyticus	0	0	0	0	1716	0
2946630	Ensavirinae	subfamily	Viruses;Riboviria;Orthornavirae;Pisuviricota;Pisoniviricetes;Picornavirales;Picornaviridae;Ensavirinae	0	0	0	0	828	0
147711	Rhinovirus A	no rank	Viruses;Riboviria;Orthornavirae;Pisuviricota;Pisoniviricetes;Picornavirales;Picornaviridae;Ensavirinae;Enterovirus;Enterovirus alpharhino;Rhinovirus A	0	0	0	0	4117	0
165779	Anaerococcus	genus	cellular organisms;Bacteria;Bacillati;Bacillota;Tissierellia;Tissierellales;Peptoniphilaceae;Anaerococcus	0	0	0	0	1928	0
1718	Corynebacterium glutamicum	species	cellular organisms;Bacteria;Bacillati;Actinomycetota;Actinomycetes;Mycobacteriales;Corynebacteriaceae;Corynebacterium;Corynebacterium glutamicum	0	0	0	0	929	0
379899	Niabella	genus	cellular organisms;Bacteria;Pseudomonadati;FCB group;Bacteroidota/Chlorobiota group;Bacteroidota;Chitinophagia;Chitinophagales;Chitinophagaceae;Niabella	0	0	0	0	100	0
29380	Staphylococcus caprae	species	cellular organisms;Bacteria;Bacillati;Bacillota;Bacilli;Bacillales;Staphylococcaceae;Staphylococcus;Staphylococcus caprae	0	0	0	0	3590	0
33010	Cutibacterium avidum	species	cellular organisms;Bacteria;Bacillati;Actinomycetota;Actinomycetes;Propionibacteriales;Propionibacteriaceae;Cutibacterium;Cutibacterium avidum	0	0	0	0	3240	0
441500	Corynebacterium timonense	species	cellular organisms;Bacteria;Bacillati;Actinomycetota;Actinomycetes;Mycobacteriales;Corynebacteriaceae;Corynebacterium;Corynebacterium timonense	0	0	0	0	1304	0
1283	Staphylococcus haemolyticus	species	cellular organisms;Bacteria;Bacillati;Bacillota;Bacilli;Bacillales;Staphylococcaceae;Staphylococcus;Staphylococcus haemolyticus	0	0	0	0	1382	0
38304	Corynebacterium tuberculostearicum	species	cellular organisms;Bacteria;Bacillati;Actinomycetota;Actinomycetes;Mycobacteriales;Corynebacteriaceae;Corynebacterium;Corynebacterium tuberculostearicum	0	0	0	0	554	0
1284	Staphylococcus hyicus	species	cellular organisms;Bacteria;Bacillati;Bacillota;Bacilli;Bacillales;Staphylococcaceae;Staphylococcus;Staphylococcus hyicus	0	0	0	0	531	0
504481	Sediminibacterium	genus	cellular organisms;Bacteria;Pseudomonadati;FCB group;Bacteroidota/Chlorobiota group;Bacteroidota;Chitinophagia;Chitinophagales;Chitinophagaceae;Sediminibacterium	0	0	0	0	184	0
1732064	Staphylococcus phage StB20-like	species	Viruses;Duplodnaviria;Heunggongvirae;Uroviricota;Caudoviricetes;unclassified Caudoviricetes;Staphylococcus phage StB20-like	0	0	0	0	103	0
2499213	Bacillus sp. BD59S	species	cellular organisms;Bacteria;Bacillati;Bacillota;Bacilli;Bacillales;Bacillaceae;Bacillus;unclassified Bacillus (in: firmicutes);Bacillus sp. BD59S	0	0	0	0	655	0
1648923	Bacillus paralicheniformis	species	cellular organisms;Bacteria;Bacillati;Bacillota;Bacilli;Bacillales;Bacillaceae;Bacillus;Bacillus subtilis group;Bacillus paralicheniformis	0	0	0	0	335	33
396	Rhizobium phaseoli	species	cellular organisms;Bacteria;Pseudomonadati;Pseudomonadota;Alphaproteobacteria;Hyphomicrobiales;Rhizobiaceae;Rhizobium/Agrobacterium group;Rhizobium;Rhizobium phaseoli	0	0	0	0	264	0
29378	Staphylococcus arlettae	species	cellular organisms;Bacteria;Bacillati;Bacillota;Bacilli;Bacillales;Staphylococcaceae;Staphylococcus;Staphylococcus arlettae	0	0	0	0	23	0
12058	Picornaviridae	family	Viruses;Riboviria;Orthornavirae;Pisuviricota;Pisoniviricetes;Picornavirales;Picornaviridae	0	0	0	0	425	0
82348	Streptococcus pluranimalium	species	cellular organisms;Bacteria;Bacillati;Bacillota;Bacilli;Lactobacillales;Streptococcaceae;Streptococcus;Streptococcus pluranimalium	0	0	0	0	12	0
38286	Corynebacterium afermentans	species	cellular organisms;Bacteria;Bacillati;Actinomycetota;Actinomycetes;Mycobacteriales;Corynebacteriaceae;Corynebacterium;Corynebacterium afermentans	0	0	0	0	84	0
29382	Staphylococcus cohnii	species	cellular organisms;Bacteria;Bacillati;Bacillota;Bacilli;Bacillales;Staphylococcaceae;Staphylococcus;Staphylococcus cohnii species complex;Staphylococcus cohnii	0	0	0	0	98	0
3036126	Tepidibacter hydrothermalis	species	cellular organisms;Bacteria;Bacillati;Bacillota;Clostridia;Peptostreptococcales;Peptostreptococcaceae;Tepidibacter;Tepidibacter hydrothermalis	0	0	0	0	12	0
1755241	Anaerococcus nagyae	species	cellular organisms;Bacteria;Bacillati;Bacillota;Tissierellia;Tissierellales;Peptoniphilaceae;Anaerococcus;Anaerococcus nagyae	0	0	0	0	191	0
985002	Staphylococcus argenteus	species	cellular organisms;Bacteria;Bacillati;Bacillota;Bacilli;Bacillales;Staphylococcaceae;Staphylococcus;Staphylococcus argenteus	0	0	0	0	369	0
1160973	Auritidibacter	genus	cellular organisms;Bacteria;Bacillati;Actinomycetota;Actinomycetes;Micrococcales;Micrococcaceae;Auritidibacter	0	0	0	0	102	0
1732063	Staphylococcus phage SPbeta-like	species	Viruses;Duplodnaviria;Heunggongvirae;Uroviricota;Caudoviricetes;unclassified Caudoviricetes;Staphylococcus phage SPbeta-like	0	0	0	0	236	0
638269	Stutzerimonas urumqiensis	species	cellular organisms;Bacteria;Pseudomonadati;Pseudomonadota;Gammaproteobacteria;Pseudomonadales;Pseudomonadaceae;Stutzerimonas;Stutzerimonas urumqiensis	0	0	0	0	10	0
53374	Corynebacterium coyleae	species	cellular organisms;Bacteria;Bacillati;Actinomycetota;Actinomycetes;Mycobacteriales;Corynebacteriaceae;Corynebacterium;Corynebacterium coyleae	0	0	0	0	59	0
2754725	Corynebacterium incognitum	species	cellular organisms;Bacteria;Bacillati;Actinomycetota;Actinomycetes;Mycobacteriales;Corynebacteriaceae;Corynebacterium;Corynebacterium incognitum	0	0	0	0	116	0
38284	Corynebacterium accolens	species	cellular organisms;Bacteria;Bacillati;Actinomycetota;Actinomycetes;Mycobacteriales;Corynebacteriaceae;Corynebacterium;Corynebacterium accolens	0	0	0	0	388	0
51669	Tetragenococcus halophilus	species	cellular organisms;Bacteria;Bacillati;Bacillota;Bacilli;Lactobacillales;Enterococcaceae;Tetragenococcus;Tetragenococcus halophilus	0	0	0	0	162	0
1147042	Staphylococcus phage StB12	species	Viruses;Duplodnaviria;Heunggongvirae;Uroviricota;Caudoviricetes;Caudoviricetes incertae sedis;Azeredovirinae;unclassified Azeredovirinae;Staphylococcus phage StB12	0	0	0	0	11	0
85025	Nocardiaceae	family	cellular organisms;Bacteria;Bacillati;Actinomycetota;Actinomycetes;Mycobacteriales;Nocardiaceae	0	0	0	0	8	0
1190508	Corynebacterium aquatimens	species	cellular organisms;Bacteria;Bacillati;Actinomycetota;Actinomycetes;Mycobacteriales;Corynebacteriaceae;Corynebacterium;Corynebacterium aquatimens	0	0	0	0	266	0
3569264	Corynebacterium sp. CQ3829_602738	species	cellular organisms;Bacteria;Bacillati;Actinomycetota;Actinomycetes;Mycobacteriales;Corynebacteriaceae;Corynebacterium;unclassified Corynebacterium;Corynebacterium sp. CQ3829_602738	0	0	0	0	137	0
2897335	Staphylococcus sp. HL28	species	cellular organisms;Bacteria;Bacillati;Bacillota;Bacilli;Bacillales;Staphylococcaceae;Staphylococcus;unclassified Staphylococcus;Staphylococcus sp. HL28	0	0	0	0	54	0
3016342	Cutibacterium equinum	species	cellular organisms;Bacteria;Bacillati;Actinomycetota;Actinomycetes;Propionibacteriales;Propionibacteriaceae;Cutibacterium;Cutibacterium equinum	0	0	0	0	56	0
573824	rhinovirus A1	no rank	Viruses;Riboviria;Orthornavirae;Pisuviricota;Pisoniviricetes;Picornavirales;Picornaviridae;Ensavirinae;Enterovirus;Enterovirus alpharhino;Rhinovirus A;rhinovirus A1	0	0	0	0	615	0
2763010	Corynebacterium lujinxingii	species	cellular organisms;Bacteria;Bacillati;Actinomycetota;Actinomycetes;Mycobacteriales;Corynebacteriaceae;Corynebacterium;Corynebacterium lujinxingii	0	0	0	0	98	0
114	Gemmata obscuriglobus	species	cellular organisms;Bacteria;Pseudomonadati;PVC group;Planctomycetota;Planctomycetia;Gemmatales;Gemmataceae;Gemmata;Gemmata obscuriglobus	0	0	0	0	52	0
29379	Staphylococcus auricularis	species	cellular organisms;Bacteria;Bacillati;Bacillota;Bacilli;Bacillales;Staphylococcaceae;Staphylococcus;Staphylococcus auricularis	0	0	0	0	182	0
3374549	Aminobacter sp. UC22_36	species	cellular organisms;Bacteria;Pseudomonadati;Pseudomonadota;Alphaproteobacteria;Hyphomicrobiales;Phyllobacteriaceae;Aminobacter;unclassified Aminobacter;Aminobacter sp. UC22_36	0	0	0	0	12	1
586733	Staphylococcus devriesei	species	cellular organisms;Bacteria;Bacillati;Bacillota;Bacilli;Bacillales;Staphylococcaceae;Staphylococcus;Staphylococcus devriesei	0	0	0	0	218	0
3480011	Corynebacterium sp. ZY180755	species	cellular organisms;Bacteria;Bacillati;Actinomycetota;Actinomycetes;Mycobacteriales;Corynebacteriaceae;Corynebacterium;unclassified Corynebacterium;Corynebacterium sp. ZY180755	0	0	0	0	19	0
2282419	Staphylococcus pseudoxylosus	species	cellular organisms;Bacteria;Bacillati;Bacillota;Bacilli;Bacillales;Staphylococcaceae;Staphylococcus;Staphylococcus pseudoxylosus	0	0	0	0	121	0
441501	Corynebacterium massiliense	species	cellular organisms;Bacteria;Bacillati;Actinomycetota;Actinomycetes;Mycobacteriales;Corynebacteriaceae;Corynebacterium;Corynebacterium massiliense	0	0	0	0	20	0
3391146	Sulfurovum sp. CS9	species	cellular organisms;Bacteria;Pseudomonadati;Campylobacterota;Epsilonproteobacteria;Campylobacterales;Sulfurovaceae;Sulfurovum;unclassified Sulfurovum;Sulfurovum sp. CS9	0	0	0	0	1	0
91994	unclassified Staphylococcus	no rank	cellular organisms;Bacteria;Bacillati;Bacillota;Bacilli;Bacillales;Staphylococcaceae;Staphylococcus;unclassified Staphylococcus	0	0	0	0	54	0
464095	Picornavirales	order	Viruses;Riboviria;Orthornavirae;Pisuviricota;Pisoniviricetes;Picornavirales	0	0	0	0	340	0
3136119	bovine respiratory syncytial virus	no rank	Viruses;Riboviria;Orthornavirae;Negarnaviricota;Haploviricotina;Monjiviricetes;Mononegavirales;Pneumoviridae;Orthopneumovirus;Orthopneumovirus bovis;bovine respiratory syncytial virus	0	0	0	0	58	6
2815305	Staphylococcus intermedius group	species group	cellular organisms;Bacteria;Bacillati;Bacillota;Bacilli;Bacillales;Staphylococcaceae;Staphylococcus;Staphylococcus intermedius group	0	0	0	0	27	0
2559073	Cutibacterium modestum	species	cellular organisms;Bacteria;Bacillati;Actinomycetota;Actinomycetes;Propionibacteriales;Propionibacteriaceae;Cutibacterium;Cutibacterium modestum	0	0	0	0	30	0
43771	Corynebacterium urealyticum	species	cellular organisms;Bacteria;Bacillati;Actinomycetota;Actinomycetes;Mycobacteriales;Corynebacteriaceae;Corynebacterium;Corynebacterium urealyticum	0	0	0	0	196	0
1121358	Corynebacterium doosanense	species	cellular organisms;Bacteria;Bacillati;Actinomycetota;Actinomycetes;Mycobacteriales;Corynebacteriaceae;Corynebacterium;Corynebacterium doosanense	0	0	0	0	48	0
1281	Staphylococcus carnosus	species	cellular organisms;Bacteria;Bacillati;Bacillota;Bacilli;Bacillales;Staphylococcaceae;Staphylococcus;Staphylococcus carnosus	0	0	0	0	129	0
228602	Nocardia arthritidis	species	cellular organisms;Bacteria;Bacillati;Actinomycetota;Actinomycetes;Mycobacteriales;Nocardiaceae;Nocardia;Nocardia arthritidis	0	0	0	0	10	0
93061	Staphylococcus aureus subsp. aureus NCTC 8325	strain	cellular organisms;Bacteria;Bacillati;Bacillota;Bacilli;Bacillales;Staphylococcaceae;Staphylococcus;Staphylococcus aureus;Staphylococcus aureus subsp. aureus NCTC 8325	0	0	0	0	378	0
47681	Enterovirus sp.	species	Viruses;Riboviria;Orthornavirae;Pisuviricota;Pisoniviricetes;Picornavirales;Picornaviridae;Ensavirinae;Enterovirus;unclassified Enterovirus;Enterovirus sp.	0	0	0	0	7	0
1611422	Virgibacillus flavescens	species	cellular organisms;Bacteria;Bacillati;Bacillota;Bacilli;Bacillales;Bacillaceae;Virgibacillus;Virgibacillus flavescens	0	0	0	0	1	0
1147043	Staphylococcus phage StB20	species	Viruses;Duplodnaviria;Heunggongvirae;Uroviricota;Caudoviricetes;unclassified Caudoviricetes;Staphylococcus phage StB20	0	0	0	0	14	0
3142648	Staphylococcus sp. Mo2-1	species	cellular organisms;Bacteria;Bacillati;Bacillota;Bacilli;Bacillales;Staphylococcaceae;Staphylococcus;unclassified Staphylococcus;Staphylococcus sp. Mo2-1	0	0	0	0	8	0
1296	Mammaliicoccus sciuri	species	cellular organisms;Bacteria;Bacillati;Bacillota;Bacilli;Bacillales;Staphylococcaceae;Mammaliicoccus;Mammaliicoccus sciuri	0	0	0	0	150	0
47715	Lacticaseibacillus rhamnosus	species	cellular organisms;Bacteria;Bacillati;Bacillota;Bacilli;Lactobacillales;Lactobacillaceae;Lacticaseibacillus;Lacticaseibacillus rhamnosus	0	0	0	0	4	0
46126	Staphylococcus chromogenes	species	cellular organisms;Bacteria;Bacillati;Bacillota;Bacilli;Bacillales;Staphylococcaceae;Staphylococcus;Staphylococcus chromogenes	0	0	0	0	4	0
2789739	Rhodococcus sp. USK10	species	cellular organisms;Bacteria;Bacillati;Actinomycetota;Actinomycetes;Mycobacteriales;Nocardiaceae;Rhodococcus;unclassified Rhodococcus (in: high G+C Gram-positive bacteria);Rhodococcus sp. USK10	0	0	0	0	31	0
1076	Rhodopseudomonas palustris	species	cellular organisms;Bacteria;Pseudomonadati;Pseudomonadota;Alphaproteobacteria;Hyphomicrobiales;Nitrobacteraceae;Rhodopseudomonas;Rhodopseudomonas palustris	0	0	0	0	33	0
156976	Corynebacterium riegelii	species	cellular organisms;Bacteria;Bacillati;Actinomycetota;Actinomycetes;Mycobacteriales;Corynebacteriaceae;Corynebacterium;Corynebacterium riegelii	0	0	0	0	25	0
146827	Corynebacterium simulans	species	cellular organisms;Bacteria;Bacillati;Actinomycetota;Actinomycetes;Mycobacteriales;Corynebacteriaceae;Corynebacterium;Corynebacterium simulans	0	0	0	0	29	0
463676	Rhinovirus C	no rank	Viruses;Riboviria;Orthornavirae;Pisuviricota;Pisoniviricetes;Picornavirales;Picornaviridae;Ensavirinae;Enterovirus;Enterovirus cerhino;Rhinovirus C	0	0	0	0	23	0
258224	Corynebacterium resistens	species	cellular organisms;Bacteria;Bacillati;Actinomycetota;Actinomycetes;Mycobacteriales;Corynebacteriaceae;Corynebacterium;Corynebacterium resistens	0	0	0	0	6	0
911	Nitrobacter	genus	cellular organisms;Bacteria;Pseudomonadati;Pseudomonadota;Alphaproteobacteria;Hyphomicrobiales;Nitrobacteraceae;Nitrobacter	0	0	0	0	4	0
1739404	Staphylococcus sp. HMSC065D11	species	cellular organisms;Bacteria;Bacillati;Bacillota;Bacilli;Bacillales;Staphylococcaceae;Staphylococcus;unclassified Staphylococcus;Staphylococcus sp. HMSC065D11	0	0	0	0	13	0
1570339	Peptoniphilaceae	family	cellular organisms;Bacteria;Bacillati;Bacillota;Tissierellia;Tissierellales;Peptoniphilaceae	0	0	0	0	12	0
85009	Propionibacteriales	order	cellular organisms;Bacteria;Bacillati;Actinomycetota;Actinomycetes;Propionibacteriales	0	0	0	0	132	0
1286	Staphylococcus simulans	species	cellular organisms;Bacteria;Bacillati;Bacillota;Bacilli;Bacillales;Staphylococcaceae;Staphylococcus;Staphylococcus simulans	0	0	0	0	171	0
36370	Jembrana disease virus	no rank	Viruses;Riboviria;Pararnavirae;Artverviricota;Revtraviricetes;Ortervirales;Retroviridae;Orthoretrovirinae;Lentivirus;Lentivirus bovjem;Jembrana disease virus	0	0	0	0	42	0
1063	Cereibacter sphaeroides	species	cellular organisms;Bacteria;Pseudomonadati;Pseudomonadota;Alphaproteobacteria;Rhodobacterales;Paracoccaceae;Cereibacter;Cereibacter sphaeroides	0	0	0	0	11	0
1323375	Anoxybacter fermentans	species	cellular organisms;Bacteria;Bacillati;Bacillota;Clostridia;Halanaerobiales;Halanaerobiales incertae sedis;Anoxybacter;Anoxybacter fermentans	0	0	0	0	2	0
2774151	Frigoriglobus tundricola	species	cellular organisms;Bacteria;Pseudomonadati;PVC group;Planctomycetota;Planctomycetia;Gemmatales;Gemmataceae;Frigoriglobus;Frigoriglobus tundricola	0	0	0	0	60	0
70255	Staphylococcus condimenti	species	cellular organisms;Bacteria;Bacillati;Bacillota;Bacilli;Bacillales;Staphylococcaceae;Staphylococcus;Staphylococcus condimenti	0	0	0	0	19	0
246432	Staphylococcus equorum	species	cellular organisms;Bacteria;Bacillati;Bacillota;Bacilli;Bacillales;Staphylococcaceae;Staphylococcus;Staphylococcus equorum	0	0	0	0	47	0
13134	Magnetospirillum	genus	cellular organisms;Bacteria;Pseudomonadati;Pseudomonadota;Alphaproteobacteria;Rhodospirillales;Rhodospirillaceae;Magnetospirillum	0	0	0	0	1	0
2930131	Staphylococcus sp. NRL 16/872	species	cellular organisms;Bacteria;Bacillati;Bacillota;Bacilli;Bacillales;Staphylococcaceae;Staphylococcus;unclassified Staphylococcus;Staphylococcus sp. NRL 16/872	0	0	0	0	26	0
1670831	Egibacter rhizosphaerae	species	cellular organisms;Bacteria;Bacillati;Actinomycetota;Nitriliruptoria;Egibacterales;Egibacteraceae;Egibacter;Egibacter rhizosphaerae	0	0	0	0	1	0
2913503	Corynebacterium marquesiae	species	cellular organisms;Bacteria;Bacillati;Actinomycetota;Actinomycetes;Mycobacteriales;Corynebacteriaceae;Corynebacterium;Corynebacterium marquesiae	0	0	0	0	25	0
201828	Staphylococcus casei	species	cellular organisms;Bacteria;Bacillati;Bacillota;Bacilli;Bacillales;Staphylococcaceae;Staphylococcus;Staphylococcus casei	0	0	0	0	27	0
3129297	Bacillus kandeliae	species	cellular organisms;Bacteria;Bacillati;Bacillota;Bacilli;Bacillales;Bacillaceae;Bacillus;Bacillus kandeliae	0	0	0	0	1	0
909932	Negativicutes	class	cellular organisms;Bacteria;Bacillati;Bacillota;Negativicutes	0	0	0	0	1	0
2493671	Mesorhizobium sp. M2A.F.Ca.ET.043.05.1.1	species	cellular organisms;Bacteria;Pseudomonadati;Pseudomonadota;Alphaproteobacteria;Hyphomicrobiales;Phyllobacteriaceae;Mesorhizobium;unclassified Mesorhizobium;Mesorhizobium sp. M2A.F.Ca.ET.043.05.1.1	0	0	0	0	2	1
2675233	Metabacillus	genus	cellular organisms;Bacteria;Bacillati;Bacillota;Bacilli;Bacillales;Bacillaceae;Metabacillus	0	0	0	0	2	0
170573	Staphylococcus pettenkoferi	species	cellular organisms;Bacteria;Bacillati;Bacillota;Bacilli;Bacillales;Staphylococcaceae;Staphylococcus;Staphylococcus pettenkoferi	0	0	0	0	12	0
1353136	Synechococcus sp. CBW1004	species	cellular organisms;Bacteria;Bacillati;Cyanobacteriota/Melainabacteria group;Cyanobacteriota;Cyanophyceae;Synechococcales;Synechococcaceae;Synechococcus;unclassified Synechococcus;Synechococcus sp. CBW1004	0	0	0	0	1	0
943	Ehrlichia	genus	cellular organisms;Bacteria;Pseudomonadati;Pseudomonadota;Alphaproteobacteria;Rickettsiales;Anaplasmataceae;Ehrlichia	0	0	0	0	1	0
1755099	Pseudenterobacter timonensis	species	cellular organisms;Bacteria;Pseudomonadati;Pseudomonadota;Gammaproteobacteria;Enterobacterales;Enterobacteriaceae;Pseudenterobacter;Pseudenterobacter timonensis	0	0	0	0	16	0
68336	Bacteroidota/Chlorobiota group	clade	cellular organisms;Bacteria;Pseudomonadati;FCB group;Bacteroidota/Chlorobiota group	0	0	0	0	4	114
1398	Heyndrickxia coagulans	species	cellular organisms;Bacteria;Bacillati;Bacillota;Bacilli;Bacillales;Bacillaceae;Heyndrickxia;Heyndrickxia coagulans	0	0	0	0	35	0
1697	Corynebacterium ammoniagenes	species	cellular organisms;Bacteria;Bacillati;Actinomycetota;Actinomycetes;Mycobacteriales;Corynebacteriaceae;Corynebacterium;Corynebacterium ammoniagenes	0	0	0	0	6	0
308354	Staphylococcus simiae	species	cellular organisms;Bacteria;Bacillati;Bacillota;Bacilli;Bacillales;Staphylococcaceae;Staphylococcus;Staphylococcus simiae	0	0	0	0	7	0
147712	Rhinovirus B	no rank	Viruses;Riboviria;Orthornavirae;Pisuviricota;Pisoniviricetes;Picornavirales;Picornaviridae;Ensavirinae;Enterovirus;Enterovirus betarhino;Rhinovirus B	0	0	0	0	13	0
1763828	Hankyongella ginsenosidimutans	species	cellular organisms;Bacteria;Pseudomonadati;Pseudomonadota;Alphaproteobacteria;Sphingomonadales;Sphingomonadaceae;Hankyongella;Hankyongella ginsenosidimutans	0	0	0	0	5	0
1611836	Staphylococcus pragensis	species	cellular organisms;Bacteria;Bacillati;Bacillota;Bacilli;Bacillales;Staphylococcaceae;Staphylococcus;Staphylococcus pragensis	0	0	0	0	19	0
1519999	Staphylococcus phage phiBU01	no rank	Viruses;Duplodnaviria;Heunggongvirae;Uroviricota;Caudoviricetes;Caudoviricetes incertae sedis;Bronfenbrennervirinae;Biseptimavirus;Biseptimavirus BU01;Staphylococcus phage phiBU01	0	0	0	0	9	0
1715029	Staphylococcus sp. HMSC074D07	species	cellular organisms;Bacteria;Bacillati;Bacillota;Bacilli;Bacillales;Staphylococcaceae;Staphylococcus;unclassified Staphylococcus;Staphylococcus sp. HMSC074D07	0	0	0	0	1	0
1640	Listeria seeligeri	species	cellular organisms;Bacteria;Bacillati;Bacillota;Bacilli;Bacillales;Listeriaceae;Listeria;Listeria seeligeri	0	0	0	0	5	0
400634	Lysinibacillus	genus	cellular organisms;Bacteria;Bacillati;Bacillota;Bacilli;Bacillales;Bacillaceae;Lysinibacillus	0	0	0	0	37	0
3385497	Salinicoccus sp. HZC-1	species	cellular organisms;Bacteria;Bacillati;Bacillota;Bacilli;Bacillales;Staphylococcaceae;Salinicoccus;unclassified Salinicoccus;Salinicoccus sp. HZC-1	0	0	0	0	2	0
2692118	Winkia	genus	cellular organisms;Bacteria;Bacillati;Actinomycetota;Actinomycetes;Actinomycetales;Actinomycetaceae;Winkia	0	0	0	0	68	0
3047873	Neobacillus sp. WH10	species	cellular organisms;Bacteria;Bacillati;Bacillota;Bacilli;Bacillales;Bacillaceae;Neobacillus;unclassified Neobacillus;Neobacillus sp. WH10	0	0	0	0	1	0
1305	Streptococcus sanguinis	species	cellular organisms;Bacteria;Bacillati;Bacillota;Bacilli;Lactobacillales;Streptococcaceae;Streptococcus;Streptococcus sanguinis	0	0	0	0	32	0
29384	Staphylococcus kloosii	species	cellular organisms;Bacteria;Bacillati;Bacillota;Bacilli;Bacillales;Staphylococcaceae;Staphylococcus;Staphylococcus kloosii	0	0	0	0	1	0
555791	Staphylococcus massiliensis	species	cellular organisms;Bacteria;Bacillati;Bacillota;Bacilli;Bacillales;Staphylococcaceae;Staphylococcus;Staphylococcus massiliensis	0	0	0	0	5	0
92758	Mycoplasmoides fastidiosum	species	cellular organisms;Bacteria;Bacillati;Mycoplasmatota;Mycoplasmoidales;Mycoplasmoidaceae;Mycoplasmoides;Mycoplasmoides fastidiosum	0	0	0	0	1	0
2041036	Corynebacterium gottingense	species	cellular organisms;Bacteria;Bacillati;Actinomycetota;Actinomycetes;Mycobacteriales;Corynebacteriaceae;Corynebacterium;Corynebacterium gottingense	0	0	0	0	1	0
2044912	Staphylococcus debuckii	species	cellular organisms;Bacteria;Bacillati;Bacillota;Bacilli;Bacillales;Staphylococcaceae;Staphylococcus;Staphylococcus debuckii	0	0	0	0	4	0
2662364	Sphingobacterium zhuxiongii	species	cellular organisms;Bacteria;Pseudomonadati;FCB group;Bacteroidota/Chlorobiota group;Bacteroidota;Sphingobacteriia;Sphingobacteriales;Sphingobacteriaceae;Sphingobacterium;Sphingobacterium zhuxiongii	0	0	0	0	1	0
1804	Mycolicibacterium gilvum	species	cellular organisms;Bacteria;Bacillati;Actinomycetota;Actinomycetes;Mycobacteriales;Mycobacteriaceae;Mycolicibacterium;Mycolicibacterium gilvum	0	0	0	0	1	0
191292	Rhodococcus aetherivorans	species	cellular organisms;Bacteria;Bacillati;Actinomycetota;Actinomycetes;Mycobacteriales;Nocardiaceae;Rhodococcus;Rhodococcus aetherivorans	0	0	0	0	7	0
338645	Candidatus Contubernalis alkaliaceticus	species	cellular organisms;Bacteria;Bacillati;Bacillota;Dethiobacteria;Dethiobacterales;Dethiobacteraceae;Candidatus Contubernalis;Candidatus Contubernalis alkaliaceticus	0	0	0	0	9	0
2755	Brochothrix	genus	cellular organisms;Bacteria;Bacillati;Bacillota;Bacilli;Bacillales;Listeriaceae;Brochothrix	0	0	0	0	1	0
1386	Bacillus	genus	cellular organisms;Bacteria;Bacillati;Bacillota;Bacilli;Bacillales;Bacillaceae;Bacillus	0	0	0	0	3	1
60894	Saccharopolyspora spinosa	species	cellular organisms;Bacteria;Bacillati;Actinomycetota;Actinomycetes;Pseudonocardiales;Pseudonocardiaceae;Saccharopolyspora;Saccharopolyspora spinosa	0	0	0	0	4	0
1080349	Saccharomyces eubayanus	species	cellular organisms;Eukaryota;Opisthokonta;Fungi;Dikarya;Ascomycota;saccharomyceta;Saccharomycotina;Saccharomycetes;Saccharomycetales;Saccharomycetaceae;Saccharomyces;Saccharomyces eubayanus	0	0	0	0	1	0
2620411	unclassified Nitrobacter	no rank	cellular organisms;Bacteria;Pseudomonadati;Pseudomonadota;Alphaproteobacteria;Hyphomicrobiales;Nitrobacteraceae;Nitrobacter;unclassified Nitrobacter	0	0	0	0	7	0
1715860	Staphylococcus sp. AntiMn-1	species	cellular organisms;Bacteria;Bacillati;Bacillota;Bacilli;Bacillales;Staphylococcaceae;Staphylococcus;unclassified Staphylococcus;Staphylococcus sp. AntiMn-1	0	0	0	0	1	0
841	Roseburia	genus	cellular organisms;Bacteria;Bacillati;Bacillota;Clostridia;Lachnospirales;Lachnospiraceae;Roseburia	0	0	0	0	1	0
28049	Acidothermus cellulolyticus	species	cellular organisms;Bacteria;Bacillati;Actinomycetota;Actinomycetes;Acidothermales;Acidothermaceae;Acidothermus;Acidothermus cellulolyticus	0	0	0	0	1	0
438856	Methylomarinovum caldicuralii	species	cellular organisms;Bacteria;Pseudomonadati;Pseudomonadota;Gammaproteobacteria;Methylococcales;Methylothermaceae;Methylomarinovum;Methylomarinovum caldicuralii	0	0	0	0	1	0
36809	Mycobacteroides abscessus	species	cellular organisms;Bacteria;Bacillati;Actinomycetota;Actinomycetes;Mycobacteriales;Mycobacteriaceae;Mycobacteroides;Mycobacteroides abscessus	0	0	0	0	2	0
1852390	Corynebacterium fournieri	species	cellular organisms;Bacteria;Bacillati;Actinomycetota;Actinomycetes;Mycobacteriales;Corynebacteriaceae;Corynebacterium;Corynebacterium fournieri	0	0	0	0	8	0
1894969	Micromonospora globbae	species	cellular organisms;Bacteria;Bacillati;Actinomycetota;Actinomycetes;Micromonosporales;Micromonosporaceae;Micromonospora;Micromonospora globbae	0	0	0	0	1	0
29385	Staphylococcus saprophyticus	species	cellular organisms;Bacteria;Bacillati;Bacillota;Bacilli;Bacillales;Staphylococcaceae;Staphylococcus;Staphylococcus saprophyticus	0	0	0	0	12	0
244366	Klebsiella variicola	species	cellular organisms;Bacteria;Pseudomonadati;Pseudomonadota;Gammaproteobacteria;Enterobacterales;Enterobacteriaceae;Klebsiella;Klebsiella pneumoniae complex;Klebsiella variicola	0	0	0	0	4	0
1983719	Bacillus shivajii	species	cellular organisms;Bacteria;Bacillati;Bacillota;Bacilli;Bacillales;Bacillaceae;Bacillus;Bacillus shivajii	0	0	0	0	1	0
2826938	Brucella/Ochrobactrum group	no rank	cellular organisms;Bacteria;Pseudomonadati;Pseudomonadota;Alphaproteobacteria;Hyphomicrobiales;Brucellaceae;Brucella/Ochrobactrum group	0	0	0	0	1	0
1288	Staphylococcus xylosus	species	cellular organisms;Bacteria;Bacillati;Bacillota;Bacilli;Bacillales;Staphylococcaceae;Staphylococcus;Staphylococcus xylosus	0	0	0	0	5	0
2892440	Staphylococcus ratti	species	cellular organisms;Bacteria;Bacillati;Bacillota;Bacilli;Bacillales;Staphylococcaceae;Staphylococcus;Staphylococcus ratti	0	0	0	0	3	0
1136941	Gordonia phthalatica	species	cellular organisms;Bacteria;Bacillati;Actinomycetota;Actinomycetes;Mycobacteriales;Gordoniaceae;Gordonia;Gordonia phthalatica	0	0	0	0	3	0
138949	Enterovirus B	no rank	Viruses;Riboviria;Orthornavirae;Pisuviricota;Pisoniviricetes;Picornavirales;Picornaviridae;Ensavirinae;Enterovirus;Enterovirus betacoxsackie;Enterovirus B	0	0	0	0	2	0
2989772	Staphylococcus sp. IVB6246	species	cellular organisms;Bacteria;Bacillati;Bacillota;Bacilli;Bacillales;Staphylococcaceae;Staphylococcus;unclassified Staphylococcus;Staphylococcus sp. IVB6246	0	0	0	0	1	0
1293	Staphylococcus gallinarum	species	cellular organisms;Bacteria;Bacillati;Bacillota;Bacilli;Bacillales;Staphylococcaceae;Staphylococcus;Staphylococcus gallinarum	0	0	0	0	2	0
2126321	Nissabacter sp. SGAir0207	species	cellular organisms;Bacteria;Pseudomonadati;Pseudomonadota;Gammaproteobacteria;Enterobacterales;Yersiniaceae;Nissabacter;unclassified Nissabacter;Nissabacter sp. SGAir0207	0	0	0	0	1	0
2097	Mycoplasmoides genitalium	species	cellular organisms;Bacteria;Bacillati;Mycoplasmatota;Mycoplasmoidales;Mycoplasmoidaceae;Mycoplasmoides;Mycoplasmoides genitalium	0	0	0	0	2	0
2969821	Fundicoccus culcitae	species	cellular organisms;Bacteria;Bacillati;Bacillota;Bacilli;Lactobacillales;Aerococcaceae;Fundicoccus;Fundicoccus culcitae	0	0	0	0	1	0
94138	Staphylococcus ureilyticus	species	cellular organisms;Bacteria;Bacillati;Bacillota;Bacilli;Bacillales;Staphylococcaceae;Staphylococcus;Staphylococcus cohnii species complex;Staphylococcus ureilyticus	0	0	0	0	1	0
2898149	Bradyrhizobium ontarionense	species	cellular organisms;Bacteria;Pseudomonadati;Pseudomonadota;Alphaproteobacteria;Hyphomicrobiales;Nitrobacteraceae;Bradyrhizobium;Bradyrhizobium ontarionense	0	0	0	0	9	0
189381	Rossellomorea marisflavi	species	cellular organisms;Bacteria;Bacillati;Bacillota;Bacilli;Bacillales;Bacillaceae;Rossellomorea;Rossellomorea marisflavi	0	0	0	0	1	0
3423952	Puia sp. P3	species	cellular organisms;Bacteria;Pseudomonadati;FCB group;Bacteroidota/Chlorobiota group;Bacteroidota;Chitinophagia;Chitinophagales;Chitinophagaceae;Puia;unclassified Puia;Puia sp. P3	0	0	0	0	1	0
2025492	Staphylococcus sp. M0911	species	cellular organisms;Bacteria;Bacillati;Bacillota;Bacilli;Bacillales;Staphylococcaceae;Staphylococcus;unclassified Staphylococcus;Staphylococcus sp. M0911	0	0	0	0	11	0
3391424	Corynebacterium sp. LaCa117	species	cellular organisms;Bacteria;Bacillati;Actinomycetota;Actinomycetes;Mycobacteriales;Corynebacteriaceae;Corynebacterium;unclassified Corynebacterium;Corynebacterium sp. LaCa117	0	0	0	0	2	0
2570229	Phreatobacter aquaticus	species	cellular organisms;Bacteria;Pseudomonadati;Pseudomonadota;Alphaproteobacteria;Hyphomicrobiales;Phreatobacteraceae;Phreatobacter;Phreatobacter aquaticus	0	0	0	0	8	0
2624378	unclassified Corynebacterium	no rank	cellular organisms;Bacteria;Bacillati;Actinomycetota;Actinomycetes;Mycobacteriales;Corynebacteriaceae;Corynebacterium;unclassified Corynebacterium	0	0	0	0	10	0
1292	Staphylococcus warneri	species	cellular organisms;Bacteria;Bacillati;Bacillota;Bacilli;Bacillales;Staphylococcaceae;Staphylococcus;Staphylococcus warneri	0	0	0	0	9	0
3382641	Pseudalkalibacillus sp. A8	species	cellular organisms;Bacteria;Bacillati;Bacillota;Bacilli;Bacillales;Fictibacillaceae;Pseudalkalibacillus;unclassified Pseudalkalibacillus;Pseudalkalibacillus sp. A8	0	0	0	0	2	0
2870363	anativirus A1	no rank	Viruses;Riboviria;Orthornavirae;Pisuviricota;Pisoniviricetes;Picornavirales;Picornaviridae;Ensavirinae;Anativirus;Anativirus aductai;anativirus A1	0	0	0	0	1	0
2913502	Corynebacterium hesseae	species	cellular organisms;Bacteria;Bacillati;Actinomycetota;Actinomycetes;Mycobacteriales;Corynebacteriaceae;Corynebacterium;Corynebacterium hesseae	0	0	0	0	2	0
2292766	Persicimonas caeni	species	cellular organisms;Bacteria;delta/epsilon subdivisions;Deltaproteobacteria;Bradymonadales;Bradymonadaceae;Persicimonas;Persicimonas caeni	0	0	0	0	1	0
3144874	Niabella insulamsoli	species	cellular organisms;Bacteria;Pseudomonadati;FCB group;Bacteroidota/Chlorobiota group;Bacteroidota;Chitinophagia;Chitinophagales;Chitinophagaceae;Niabella;Niabella insulamsoli	0	0	0	0	1	0
2161803	Marmot sapelovirus 1	species	Viruses;Riboviria;Orthornavirae;Pisuviricota;Pisoniviricetes;Picornavirales;Picornaviridae;Ensavirinae;Sapelovirus;unclassified Sapelovirus;Marmot sapelovirus 1	0	0	0	0	2	0
2954552	Staphylococcus sp. FSL W8-0305	species	cellular organisms;Bacteria;Bacillati;Bacillota;Bacilli;Bacillales;Staphylococcaceae;Staphylococcus;unclassified Staphylococcus;Staphylococcus sp. FSL W8-0305	0	0	0	0	1	0
42858	Mammaliicoccus lentus	species	cellular organisms;Bacteria;Bacillati;Bacillota;Bacilli;Bacillales;Staphylococcaceae;Mammaliicoccus;Mammaliicoccus lentus	0	0	0	0	12	0
1281456	Bat picornavirus	no rank	Viruses;Riboviria;Orthornavirae;Pisuviricota;Pisoniviricetes;Picornavirales;Picornaviridae;Paavivirinae;Shanbavirus;Shanbavirus aminfuli;Shanbavirus A;Bat picornavirus	0	0	0	0	3	0
135735	Priestia endophytica	species	cellular organisms;Bacteria;Bacillati;Bacillota;Bacilli;Bacillales;Bacillaceae;Priestia;Priestia endophytica	0	0	0	0	5	0
577386	Niabella yanshanensis	species	cellular organisms;Bacteria;Pseudomonadati;FCB group;Bacteroidota/Chlorobiota group;Bacteroidota;Chitinophagia;Chitinophagales;Chitinophagaceae;Niabella;Niabella yanshanensis	0	0	0	0	4	0
1404	Priestia megaterium	species	cellular organisms;Bacteria;Bacillati;Bacillota;Bacilli;Bacillales;Bacillaceae;Priestia;Priestia megaterium	0	0	0	0	13	0
549	Pantoea agglomerans	species	cellular organisms;Bacteria;Pseudomonadati;Pseudomonadota;Gammaproteobacteria;Enterobacterales;Erwiniaceae;Pantoea;Pantoea agglomerans group;Pantoea agglomerans	0	0	0	0	2	0
575378	Sediminibacterium planctonicum	species	cellular organisms;Bacteria;Pseudomonadati;FCB group;Bacteroidota/Chlorobiota group;Bacteroidota;Chitinophagia;Chitinophagales;Chitinophagaceae;Sediminibacterium;Sediminibacterium planctonicum	0	0	0	0	2	0
2804761	Pseudomonas sp. 15A4	species	cellular organisms;Bacteria;Pseudomonadati;Pseudomonadota;Gammaproteobacteria;Pseudomonadales;Pseudomonadaceae;Pseudomonas;unclassified Pseudomonas;Pseudomonas sp. 15A4	0	0	0	0	5	0
3019602	Rhizobium sp. 32-5/1	species	cellular organisms;Bacteria;Pseudomonadati;Pseudomonadota;Alphaproteobacteria;Hyphomicrobiales;Rhizobiaceae;Rhizobium/Agrobacterium group;Rhizobium;unclassified Rhizobium;Rhizobium sp. 32-5/1	0	0	0	0	1	0
2613769	unclassified Rhizobium	no rank	cellular organisms;Bacteria;Pseudomonadati;Pseudomonadota;Alphaproteobacteria;Hyphomicrobiales;Rhizobiaceae;Rhizobium/Agrobacterium group;Rhizobium;unclassified Rhizobium	0	0	0	0	3	0
38525	avian metapneumovirus	no rank	Viruses;Riboviria;Orthornavirae;Negarnaviricota;Haploviricotina;Monjiviricetes;Mononegavirales;Pneumoviridae;Metapneumovirus;Metapneumovirus avis;avian metapneumovirus	0	0	0	0	1	0
679663	Corynebacterium canis	species	cellular organisms;Bacteria;Bacillati;Actinomycetota;Actinomycetes;Mycobacteriales;Corynebacteriaceae;Corynebacterium;Corynebacterium canis	0	0	0	0	3	0
155085	Staphylococcus lutrae	species	cellular organisms;Bacteria;Bacillati;Bacillota;Bacilli;Bacillales;Staphylococcaceae;Staphylococcus;Staphylococcus lutrae	0	0	0	0	1	0
2583989	Staphylococcus sp. 17KM0847	species	cellular organisms;Bacteria;Bacillati;Bacillota;Bacilli;Bacillales;Staphylococcaceae;Staphylococcus;unclassified Staphylococcus;Staphylococcus sp. 17KM0847	0	0	0	0	6	0
747	Pasteurella multocida	species	cellular organisms;Bacteria;Pseudomonadati;Pseudomonadota;Gammaproteobacteria;Pasteurellales;Pasteurellaceae;Pasteurella;Pasteurella multocida	0	0	0	0	1	1
319942	Staphylococcus croceilyticus	species	cellular organisms;Bacteria;Bacillati;Bacillota;Bacilli;Bacillales;Staphylococcaceae;Staphylococcus;Staphylococcus croceilyticus	0	0	0	0	10	0
32062	Deinococcus radiophilus	species	cellular organisms;Bacteria;Thermotogati;Deinococcota;Deinococci;Deinococcales;Deinococcaceae;Deinococcus;Deinococcus radiophilus	0	0	0	0	1	0
2803850	Mammaliicoccus	genus	cellular organisms;Bacteria;Bacillati;Bacillota;Bacilli;Bacillales;Staphylococcaceae;Mammaliicoccus	0	0	0	0	10	0
1379	Gemella haemolysans	species	cellular organisms;Bacteria;Bacillati;Bacillota;Bacilli;Bacillales;Gemellaceae;Gemella;Gemella haemolysans	0	0	0	0	1	1
11247	Bovine respiratory syncytial virus ATCC51908	no rank	Viruses;Riboviria;Orthornavirae;Negarnaviricota;Haploviricotina;Monjiviricetes;Mononegavirales;Pneumoviridae;Orthopneumovirus;Orthopneumovirus bovis;bovine respiratory syncytial virus;Bovine respiratory syncytial virus ATCC51908	0	0	0	0	1	1
2954548	Staphylococcus sp. FSL W8-0056	species	cellular organisms;Bacteria;Bacillati;Bacillota;Bacilli;Bacillales;Staphylococcaceae;Staphylococcus;unclassified Staphylococcus;Staphylococcus sp. FSL W8-0056	0	0	0	0	1	0
11855	Mason-Pfizer monkey virus	no rank	Viruses;Riboviria;Pararnavirae;Artverviricota;Revtraviricetes;Ortervirales;Retroviridae;Orthoretrovirinae;Betaretrovirus;Betaretrovirus maspfimon;Mason-Pfizer monkey virus	0	0	0	0	1	0
2060	Tsukamurella	genus	cellular organisms;Bacteria;Bacillati;Actinomycetota;Actinomycetes;Mycobacteriales;Tsukamurellaceae;Tsukamurella	0	0	0	0	1	0
54291	Klebsiella ornithinolytica	species	cellular organisms;Bacteria;Pseudomonadati;Pseudomonadota;Gammaproteobacteria;Enterobacterales;Enterobacteriaceae;Klebsiella;Klebsiella ornithinolytica	0	0	0	0	1	0
175304	Lentibacillus	genus	cellular organisms;Bacteria;Bacillati;Bacillota;Bacilli;Bacillales;Bacillaceae;Lentibacillus	0	0	0	0	1	0
1387842	Rhodococcus sp. D-6	species	cellular organisms;Bacteria;Bacillati;Actinomycetota;Actinomycetes;Mycobacteriales;Nocardiaceae;Rhodococcus;unclassified Rhodococcus (in: high G+C Gram-positive bacteria);Rhodococcus sp. D-6	0	0	0	0	1	0
1243	Leuconostoc	genus	cellular organisms;Bacteria;Bacillati;Bacillota;Bacilli;Lactobacillales;Lactobacillaceae;Leuconostoc	0	0	0	0	1	0
169292	Corynebacterium aurimucosum	species	cellular organisms;Bacteria;Bacillati;Actinomycetota;Actinomycetes;Mycobacteriales;Corynebacteriaceae;Corynebacterium;Corynebacterium aurimucosum	0	0	0	0	3	0
1295	Staphylococcus schleiferi	species	cellular organisms;Bacteria;Bacillati;Bacillota;Bacilli;Bacillales;Staphylococcaceae;Staphylococcus;Staphylococcus schleiferi	0	0	0	0	1	0
90010	unclassified Enterovirus	no rank	Viruses;Riboviria;Orthornavirae;Pisuviricota;Pisoniviricetes;Picornavirales;Picornaviridae;Ensavirinae;Enterovirus;unclassified Enterovirus	0	0	0	0	1	0
1902580	Macrococcus epidermidis	species	cellular organisms;Bacteria;Bacillati;Bacillota;Bacilli;Bacillales;Staphylococcaceae;Macrococcus;Macrococcus epidermidis	0	0	0	0	6	0
3395467	Macrococcus animalis	species	cellular organisms;Bacteria;Bacillati;Bacillota;Bacilli;Bacillales;Staphylococcaceae;Macrococcus;Macrococcus animalis	0	0	0	0	3	0
2047744	Nonomuraea glycinis	species	cellular organisms;Bacteria;Bacillati;Actinomycetota;Actinomycetes;Streptosporangiales;Streptosporangiaceae;Nonomuraea;Nonomuraea glycinis	0	0	0	0	2	0
2844358	Radiobacillus kanasensis	species	cellular organisms;Bacteria;Bacillati;Bacillota;Bacilli;Bacillales;Bacillaceae;Radiobacillus;Radiobacillus kanasensis	0	0	0	0	1	0
3039156	Rhizobium sp. CB3090	species	cellular organisms;Bacteria;Pseudomonadati;Pseudomonadota;Alphaproteobacteria;Hyphomicrobiales;Rhizobiaceae;Rhizobium/Agrobacterium group;Rhizobium;unclassified Rhizobium;Rhizobium sp. CB3090	0	0	0	0	6	1
69965	Macrococcus	genus	cellular organisms;Bacteria;Bacillati;Bacillota;Bacilli;Bacillales;Staphylococcaceae;Macrococcus	0	0	0	0	1	0
1839	Nocardioides	genus	cellular organisms;Bacteria;Bacillati;Actinomycetota;Actinomycetes;Propionibacteriales;Nocardioidaceae;Nocardioides	0	0	0	0	1	0
2675218	Corynebacterium comes	species	cellular organisms;Bacteria;Bacillati;Actinomycetota;Actinomycetes;Mycobacteriales;Corynebacteriaceae;Corynebacterium;Corynebacterium comes	0	0	0	0	1	0
985762	Staphylococcus agnetis	species	cellular organisms;Bacteria;Bacillati;Bacillota;Bacilli;Bacillales;Staphylococcaceae;Staphylococcus;Staphylococcus agnetis	0	0	0	0	1	0
489910	Nosocomiicoccus ampullae	species	cellular organisms;Bacteria;Bacillati;Bacillota;Bacilli;Bacillales;Staphylococcaceae;Nosocomiicoccus;Nosocomiicoccus ampullae	0	0	0	0	1	0
442851	Simian enterovirus SV4	no rank	Viruses;Riboviria;Orthornavirae;Pisuviricota;Pisoniviricetes;Picornavirales;Picornaviridae;Ensavirinae;Enterovirus;Enterovirus hesimi;Enterovirus H;Simian enterovirus SV4	0	0	0	0	1	0
45677	Azohydromonas lata	species	cellular organisms;Bacteria;Pseudomonadati;Pseudomonadota;Betaproteobacteria;Burkholderiales;Sphaerotilaceae;Azohydromonas;Azohydromonas lata	0	0	0	0	1	0
106592	Ensifer adhaerens	species	cellular organisms;Bacteria;Pseudomonadati;Pseudomonadota;Alphaproteobacteria;Hyphomicrobiales;Rhizobiaceae;Sinorhizobium/Ensifer group;Ensifer;Ensifer adhaerens	0	0	0	0	1	0
1747	Cutibacterium acnes	species	cellular organisms;Bacteria;Bacillati;Actinomycetota;Actinomycetes;Propionibacteriales;Propionibacteriaceae;Cutibacterium;Cutibacterium acnes	0	0	0	0	4	0
46127	Staphylococcus felis	species	cellular organisms;Bacteria;Bacillati;Bacillota;Bacilli;Bacillales;Staphylococcaceae;Staphylococcus;Staphylococcus felis	0	0	0	0	5	0
152794	Corynebacterium efficiens	species	cellular organisms;Bacteria;Bacillati;Actinomycetota;Actinomycetes;Mycobacteriales;Corynebacteriaceae;Corynebacterium;Corynebacterium efficiens	0	0	0	0	1	0
2014528	Corynebacterium dentalis	species	cellular organisms;Bacteria;Bacillati;Actinomycetota;Actinomycetes;Mycobacteriales;Corynebacteriaceae;Corynebacterium;Corynebacterium dentalis	0	0	0	0	2	0
2767893	Lentilactobacillus	genus	cellular organisms;Bacteria;Bacillati;Bacillota;Bacilli;Lactobacillales;Lactobacillaceae;Lentilactobacillus	0	0	0	0	1	0
2892396	Vescimonas	genus	cellular organisms;Bacteria;Bacillati;Bacillota;Clostridia;Eubacteriales;Oscillospiraceae;Vescimonas	0	0	0	0	1	0
3049799	Corynebacterium breve	species	cellular organisms;Bacteria;Bacillati;Actinomycetota;Actinomycetes;Mycobacteriales;Corynebacteriaceae;Corynebacterium;Corynebacterium breve	0	0	0	0	2	0
52022	Allomeiothermus silvanus	species	cellular organisms;Bacteria;Thermotogati;Deinococcota;Deinococci;Thermales;Thermaceae;Allomeiothermus;Allomeiothermus silvanus	0	0	0	0	2	0
3231488	Ornithinibacillus sp. 4-3	species	cellular organisms;Bacteria;Bacillati;Bacillota;Bacilli;Bacillales;Bacillaceae;Ornithinibacillus;unclassified Ornithinibacillus;Ornithinibacillus sp. 4-3	0	0	0	0	2	0
367743	Ureibacillus thermophilus	species	cellular organisms;Bacteria;Bacillati;Bacillota;Bacilli;Bacillales;Caryophanaceae;Ureibacillus;Ureibacillus thermophilus	0	0	0	0	3	2
1588	Lentilactobacillus hilgardii	species	cellular organisms;Bacteria;Bacillati;Bacillota;Bacilli;Lactobacillales;Lactobacillaceae;Lentilactobacillus;Lentilactobacillus hilgardii	0	0	0	0	1	0
1268041	Frondihabitans sucicola	species	cellular organisms;Bacteria;Bacillati;Actinomycetota;Actinomycetes;Micrococcales;Microbacteriaceae;Frondihabitans;Frondihabitans sucicola	0	0	0	0	3	0
2836216	Phnomibacter	genus	cellular organisms;Bacteria;Pseudomonadati;FCB group;Bacteroidota/Chlorobiota group;Bacteroidota;Chitinophagia;Chitinophagales;Chitinophagaceae;Phnomibacter	0	0	0	0	1	0
2975852	Streptomyces sp. NBC_00873	species	cellular organisms;Bacteria;Bacillati;Actinomycetota;Actinomycetes;Kitasatosporales;Streptomycetaceae;Streptomyces;unclassified Streptomyces;Streptomyces sp. NBC_00873	0	0	0	0	3	0
1129704	Kyrpidia	genus	cellular organisms;Bacteria;Bacillati;Bacillota;Bacilli;Bacillales;Alicyclobacillaceae;Kyrpidia	0	0	0	0	1	0
2837504	Heyndrickxia	genus	cellular organisms;Bacteria;Bacillati;Bacillota;Bacilli;Bacillales;Bacillaceae;Heyndrickxia	0	0	0	0	1	0
1654388	Staphylococcus schweitzeri	species	cellular organisms;Bacteria;Bacillati;Bacillota;Bacilli;Bacillales;Staphylococcaceae;Staphylococcus;Staphylococcus schweitzeri	0	0	0	0	2	0
33958	Lactobacillaceae	family	cellular organisms;Bacteria;Bacillati;Bacillota;Bacilli;Lactobacillales;Lactobacillaceae	0	0	0	0	3	0
70258	Staphylococcus piscifermentans	species	cellular organisms;Bacteria;Bacillati;Bacillota;Bacilli;Bacillales;Staphylococcaceae;Staphylococcus;Staphylococcus piscifermentans	0	0	0	0	1	0
1850093	Hymenobacter nivis	species	cellular organisms;Bacteria;Pseudomonadati;FCB group;Bacteroidota/Chlorobiota group;Bacteroidota;Cytophagia;Cytophagales;Hymenobacteraceae;Hymenobacter;Hymenobacter nivis	0	0	0	0	1	0
2838156	Flavihumibacter rivuli	species	cellular organisms;Bacteria;Pseudomonadati;FCB group;Bacteroidota/Chlorobiota group;Bacteroidota;Chitinophagia;Chitinophagales;Chitinophagaceae;Flavihumibacter;Flavihumibacter rivuli	0	0	0	0	1	0
3070677	Neobacillus sp. PS3-12	species	cellular organisms;Bacteria;Bacillati;Bacillota;Bacilli;Bacillales;Bacillaceae;Neobacillus;unclassified Neobacillus;Neobacillus sp. PS3-12	0	0	0	0	2	0
2935861	Gordonia sp. PP30	species	cellular organisms;Bacteria;Bacillati;Actinomycetota;Actinomycetes;Mycobacteriales;Gordoniaceae;Gordonia;unclassified Gordonia (in: high G+C Gram-positive bacteria);Gordonia sp. PP30	0	0	0	0	1	0
3050197	Corynebacterium rhinophilum	species	cellular organisms;Bacteria;Bacillati;Actinomycetota;Actinomycetes;Mycobacteriales;Corynebacteriaceae;Corynebacterium;Corynebacterium rhinophilum	0	0	0	0	3	0
2604941	Pseudomonas sp. C27(2019)	species	cellular organisms;Bacteria;Pseudomonadati;Pseudomonadota;Gammaproteobacteria;Pseudomonadales;Pseudomonadaceae;Pseudomonas;unclassified Pseudomonas;Pseudomonas sp. C27(2019)	0	0	0	0	3	0
477680	Filimonas lacunae	species	cellular organisms;Bacteria;Pseudomonadati;FCB group;Bacteroidota/Chlorobiota group;Bacteroidota;Chitinophagia;Chitinophagales;Chitinophagaceae;Filimonas;Filimonas lacunae	0	0	0	0	2	0
311230	Paraburkholderia terrae	species	cellular organisms;Bacteria;Pseudomonadati;Pseudomonadota;Betaproteobacteria;Burkholderiales;Burkholderiaceae;Paraburkholderia;Paraburkholderia terrae	0	0	0	0	1	0
187491	Corynebacterium glaucum	species	cellular organisms;Bacteria;Bacillati;Actinomycetota;Actinomycetes;Mycobacteriales;Corynebacteriaceae;Corynebacterium;Corynebacterium glaucum	0	0	0	0	1	0
240427	Secundilactobacillus paracollinoides	species	cellular organisms;Bacteria;Bacillati;Bacillota;Bacilli;Lactobacillales;Lactobacillaceae;Secundilactobacillus;Secundilactobacillus paracollinoides	0	0	0	0	1	0
2657486	Devosia beringensis	species	cellular organisms;Bacteria;Pseudomonadati;Pseudomonadota;Alphaproteobacteria;Hyphomicrobiales;Devosiaceae;Devosia;Devosia beringensis	0	0	0	0	1	0
2173853	Streptococcus chenjunshii	species	cellular organisms;Bacteria;Bacillati;Bacillota;Bacilli;Lactobacillales;Streptococcaceae;Streptococcus;Streptococcus chenjunshii	0	0	0	0	1	0
204936	Sporomusa aerivorans	species	cellular organisms;Bacteria;Bacillati;Bacillota;Negativicutes;Selenomonadales;Sporomusaceae;Sporomusa;Sporomusa aerivorans	0	0	0	0	1	0
204038	Dickeya dadantii	species	cellular organisms;Bacteria;Pseudomonadati;Pseudomonadota;Gammaproteobacteria;Enterobacterales;Pectobacteriaceae;Dickeya;Dickeya dadantii	0	0	0	0	1	0
775	Rickettsiaceae	family	cellular organisms;Bacteria;Pseudomonadati;Pseudomonadota;Alphaproteobacteria;Rickettsiales;Rickettsiaceae	0	0	0	0	1	0
44130	rhinovirus B3	no rank	Viruses;Riboviria;Orthornavirae;Pisuviricota;Pisoniviricetes;Picornavirales;Picornaviridae;Ensavirinae;Enterovirus;Enterovirus betarhino;Rhinovirus B;rhinovirus B3	0	0	0	0	2	0
182709	Oceanobacillus	genus	cellular organisms;Bacteria;Bacillati;Bacillota;Bacilli;Bacillales;Bacillaceae;Oceanobacillus	0	0	0	0	1	0
1484109	Lichenicola cladoniae	species	cellular organisms;Bacteria;Pseudomonadati;Pseudomonadota;Alphaproteobacteria;Acetobacterales;Acetobacteraceae;Lichenicola;Lichenicola cladoniae	0	0	0	0	1	0
2518176	Lentibacillus sp. CBA3610	species	cellular organisms;Bacteria;Bacillati;Bacillota;Bacilli;Bacillales;Bacillaceae;Lentibacillus;unclassified Lentibacillus;Lentibacillus sp. CBA3610	0	0	0	0	1	0
2979862	Rhizobium sp. TRM95796	species	cellular organisms;Bacteria;Pseudomonadati;Pseudomonadota;Alphaproteobacteria;Hyphomicrobiales;Rhizobiaceae;Rhizobium/Agrobacterium group;Rhizobium;unclassified Rhizobium;Rhizobium sp. TRM95796	0	0	0	0	1	0
33959	Lactobacillus johnsonii	species	cellular organisms;Bacteria;Bacillati;Bacillota;Bacilli;Lactobacillales;Lactobacillaceae;Lactobacillus;Lactobacillus johnsonii	0	0	0	0	1	0
71237	Mammaliicoccus vitulinus	species	cellular organisms;Bacteria;Bacillati;Bacillota;Bacilli;Bacillales;Staphylococcaceae;Mammaliicoccus;Mammaliicoccus vitulinus	0	0	0	0	1	0
304207	Schleiferilactobacillus harbinensis	species	cellular organisms;Bacteria;Bacillati;Bacillota;Bacilli;Lactobacillales;Lactobacillaceae;Schleiferilactobacillus;Schleiferilactobacillus harbinensis	0	0	0	0	1	0
3025755	Thomasclavelia	genus	cellular organisms;Bacteria;Bacillati;Bacillota;Erysipelotrichia;Erysipelotrichales;Coprobacillaceae;Thomasclavelia	0	0	0	0	1	0
992230	Human rhinovirus NAT001	no rank	Viruses;Riboviria;Orthornavirae;Pisuviricota;Pisoniviricetes;Picornavirales;Picornaviridae;Ensavirinae;Enterovirus;Enterovirus cerhino;Rhinovirus C;rhinovirus C1;Human rhinovirus NAT001	0	0	0	0	1	0
866807	Aureibacter tunicatorum	species	cellular organisms;Bacteria;Pseudomonadati;FCB group;Bacteroidota/Chlorobiota group;Bacteroidota;Cytophagia;Cytophagales;Persicobacteraceae;Aureibacter;Aureibacter tunicatorum	0	0	0	0	1	0
3418417	Pseudarthrobacter sp. O4	species	cellular organisms;Bacteria;Bacillati;Actinomycetota;Actinomycetes;Micrococcales;Micrococcaceae;Pseudarthrobacter;unclassified Pseudarthrobacter;Pseudarthrobacter sp. O4	0	0	0	0	1	0
2767887	Ligilactobacillus	genus	cellular organisms;Bacteria;Bacillati;Bacillota;Bacilli;Lactobacillales;Lactobacillaceae;Ligilactobacillus	0	0	0	0	1	0
2067992	Methylibium sp.	species	cellular organisms;Bacteria;Pseudomonadati;Pseudomonadota;Betaproteobacteria;Burkholderiales;Sphaerotilaceae;Methylibium;unclassified Methylibium;Methylibium sp.	0	0	0	0	2	0
227979	Jeotgalicoccus	genus	cellular organisms;Bacteria;Bacillati;Bacillota;Bacilli;Bacillales;Staphylococcaceae;Jeotgalicoccus	0	0	0	0	2	0
11786	Murine leukemia virus	no rank	Viruses;Riboviria;Pararnavirae;Artverviricota;Revtraviricetes;Ortervirales;Retroviridae;Orthoretrovirinae;Gammaretrovirus;Gammaretrovirus murleu;Murine leukemia virus	0	0	0	0	1	10
34018	Rhodospirillum centenum	species	cellular organisms;Bacteria;Pseudomonadati;Pseudomonadota;Alphaproteobacteria;Rhodospirillales;Rhodospirillaceae;Rhodospirillum;Rhodospirillum centenum	0	0	0	0	1	0
1940610	Phreatobacter stygius	species	cellular organisms;Bacteria;Pseudomonadati;Pseudomonadota;Alphaproteobacteria;Hyphomicrobiales;Phreatobacteraceae;Phreatobacter;Phreatobacter stygius	0	0	0	0	1	0
29405	Microlunatus phosphovorus	species	cellular organisms;Bacteria;Bacillati;Actinomycetota;Actinomycetes;Propionibacteriales;Propionibacteriaceae;Microlunatus;Microlunatus phosphovorus	0	0	0	0	1	0
3119830	Nitrobacter sp. NHB1	species	cellular organisms;Bacteria;Pseudomonadati;Pseudomonadota;Alphaproteobacteria;Hyphomicrobiales;Nitrobacteraceae;Nitrobacter;unclassified Nitrobacter;Nitrobacter sp. NHB1	0	0	0	0	3	0
2912228	Staphylococcus shinii	species	cellular organisms;Bacteria;Bacillati;Bacillota;Bacilli;Bacillales;Staphylococcaceae;Staphylococcus;Staphylococcus shinii	0	0	0	0	1	0
3453033	Nitrobacter sp. JJSN	species	cellular organisms;Bacteria;Pseudomonadati;Pseudomonadota;Alphaproteobacteria;Hyphomicrobiales;Nitrobacteraceae;Nitrobacter;unclassified Nitrobacter;Nitrobacter sp. JJSN	0	0	0	0	1	0
214853	Anaerofustis stercorihominis	species	cellular organisms;Bacteria;Bacillati;Bacillota;Clostridia;Eubacteriales;Eubacteriaceae;Anaerofustis;Anaerofustis stercorihominis	0	0	0	0	1	0
635	Edwardsiella	genus	cellular organisms;Bacteria;Pseudomonadati;Pseudomonadota;Gammaproteobacteria;Enterobacterales;Hafniaceae;Edwardsiella	0	0	0	0	1	0
1403390	Staphylococcus phage phiRS7	species	Viruses;Duplodnaviria;Heunggongvirae;Uroviricota;Caudoviricetes;unclassified Caudoviricetes;Staphylococcus phage phiRS7	0	0	0	0	1	0
284016	Phenylobacterium zucineum	species	cellular organisms;Bacteria;Pseudomonadati;Pseudomonadota;Alphaproteobacteria;Caulobacterales;Caulobacteraceae;Phenylobacterium;Phenylobacterium zucineum	0	0	0	0	1	0
39791	Corynebacterium glucuronolyticum	species	cellular organisms;Bacteria;Bacillati;Actinomycetota;Actinomycetes;Mycobacteriales;Corynebacteriaceae;Corynebacterium;Corynebacterium glucuronolyticum	0	0	0	0	2	0
46228	[Ruminococcus] lactaris	species	cellular organisms;Bacteria;Bacillati;Bacillota;Clostridia;Lachnospirales;Lachnospiraceae;Mediterraneibacter;[Ruminococcus] lactaris	0	0	0	0	1	0
28261	Thermodesulfovibrio	genus	cellular organisms;Bacteria;Pseudomonadati;Nitrospirota;Thermodesulfovibrionia;Thermodesulfovibrionales;Thermodesulfovibrionaceae;Thermodesulfovibrio	0	0	0	0	1	0
356322	Heliorestis convoluta	species	cellular organisms;Bacteria;Bacillati;Bacillota;Clostridia;Eubacteriales;Heliobacteriaceae;Heliorestis;Heliorestis convoluta	0	0	0	0	1	0
73044	Streptomyces seoulensis	species	cellular organisms;Bacteria;Bacillati;Actinomycetota;Actinomycetes;Kitasatosporales;Streptomycetaceae;Streptomyces;Streptomyces seoulensis	0	0	0	0	2	0
1985873	Sulfuriferula sp. AH1	species	cellular organisms;Bacteria;Pseudomonadati;Pseudomonadota;Betaproteobacteria;Nitrosomonadales;Sulfuricellaceae;Sulfuriferula;unclassified Sulfuriferula;Sulfuriferula sp. AH1	0	0	0	0	1	0
2837508	Rossellomorea	genus	cellular organisms;Bacteria;Bacillati;Bacillota;Bacilli;Bacillales;Bacillaceae;Rossellomorea	0	0	0	0	1	0
2929481	Staphylococcus sp. IVB6181	species	cellular organisms;Bacteria;Bacillati;Bacillota;Bacilli;Bacillales;Staphylococcaceae;Staphylococcus;unclassified Staphylococcus;Staphylococcus sp. IVB6181	0	0	0	0	2	0
1917412	Picornaviridae sp. rodent/Ee/PicoV/NX2015	no rank	Viruses;Riboviria;Orthornavirae;Pisuviricota;Pisoniviricetes;Picornavirales;Picornaviridae;Ensavirinae;Enterovirus;Enterovirus krodeni;Enterovirus K;Picornaviridae sp. rodent/Ee/PicoV/NX2015	0	0	0	0	1	0
1231242	Ferrovibrio	genus	cellular organisms;Bacteria;Pseudomonadati;Pseudomonadota;Alphaproteobacteria;Rhodospirillales;Rhodospirillaceae;Ferrovibrio	0	0	0	0	1	0
94132	Ramlibacter tataouinensis	species	cellular organisms;Bacteria;Pseudomonadati;Pseudomonadota;Betaproteobacteria;Burkholderiales;Comamonadaceae;Ramlibacter;Ramlibacter tataouinensis	0	0	0	0	1	0
169480	Rothia amarae	species	cellular organisms;Bacteria;Bacillati;Actinomycetota;Actinomycetes;Micrococcales;Micrococcaceae;Rothia;Rothia amarae	0	0	0	0	1	0
384	Rhizobium leguminosarum	species	cellular organisms;Bacteria;Pseudomonadati;Pseudomonadota;Alphaproteobacteria;Hyphomicrobiales;Rhizobiaceae;Rhizobium/Agrobacterium group;Rhizobium;Rhizobium leguminosarum	0	0	0	0	1	0
2108445	Mesorhizobium sp. DCY119	species	cellular organisms;Bacteria;Pseudomonadati;Pseudomonadota;Alphaproteobacteria;Hyphomicrobiales;Phyllobacteriaceae;Mesorhizobium;unclassified Mesorhizobium;Mesorhizobium sp. DCY119	0	0	0	0	1	0
3076173	Macrococcoides	genus	cellular organisms;Bacteria;Bacillati;Bacillota;Bacilli;Bacillales;Staphylococcaceae;Macrococcoides	0	0	0	0	1	0
1903056	Macrococcoides bohemicum	species	cellular organisms;Bacteria;Bacillati;Bacillota;Bacilli;Bacillales;Staphylococcaceae;Macrococcoides;Macrococcoides bohemicum	0	0	0	0	1	0
1979527	Corynebacterium kefirresidentii	species	cellular organisms;Bacteria;Bacillati;Actinomycetota;Actinomycetes;Mycobacteriales;Corynebacteriaceae;Corynebacterium;Corynebacterium kefirresidentii	0	0	0	0	2	0
3043848	Nocardioides sp. L-11A	species	cellular organisms;Bacteria;Bacillati;Actinomycetota;Actinomycetes;Propionibacteriales;Nocardioidaceae;Nocardioides;unclassified Nocardioides;Nocardioides sp. L-11A	0	0	0	0	1	0
34059	Faucicola atlantae	species	cellular organisms;Bacteria;Pseudomonadati;Pseudomonadota;Gammaproteobacteria;Moraxellales;Moraxellaceae;Faucicola;Faucicola atlantae	0	0	0	0	0	654
1604696	Faucicola	genus	cellular organisms;Bacteria;Pseudomonadati;Pseudomonadota;Gammaproteobacteria;Moraxellales;Moraxellaceae;Faucicola	0	0	0	0	0	1657
3392036	Neisseria sp. CCUG17229	species	cellular organisms;Bacteria;Pseudomonadati;Pseudomonadota;Betaproteobacteria;Neisseriales;Neisseriaceae;Neisseria;unclassified Neisseria;Neisseria sp. CCUG17229	0	0	0	0	0	2830
29394	Dolosigranulum pigrum	species	cellular organisms;Bacteria;Bacillati;Bacillota;Bacilli;Lactobacillales;Carnobacteriaceae;Dolosigranulum;Dolosigranulum pigrum	0	0	0	0	0	3970
61635	Acholeplasma brassicae	species	cellular organisms;Bacteria;Bacillati;Mycoplasmatota;Mollicutes;Acholeplasmatales;Acholeplasmataceae;Acholeplasma;Acholeplasma brassicae	0	0	0	0	0	13
2565531	Psychrobacter raelei	species	cellular organisms;Bacteria;Pseudomonadati;Pseudomonadota;Gammaproteobacteria;Moraxellales;Moraxellaceae;Psychrobacter;Psychrobacter raelei	0	0	0	0	0	75
2820817	Aggregatibacter sp. 2125159857	species	cellular organisms;Bacteria;Pseudomonadati;Pseudomonadota;Gammaproteobacteria;Pasteurellales;Pasteurellaceae;Aggregatibacter;unclassified Aggregatibacter;Aggregatibacter sp. 2125159857	0	0	0	0	0	342
44935	Vreelandella venusta	species	cellular organisms;Bacteria;Pseudomonadati;Pseudomonadota;Gammaproteobacteria;Oceanospirillales;Halomonadaceae;Vreelandella;Vreelandella venusta	0	0	0	0	0	81
1504576	Pseudocitrobacter	genus	cellular organisms;Bacteria;Pseudomonadati;Pseudomonadota;Gammaproteobacteria;Enterobacterales;Enterobacteriaceae;Pseudocitrobacter	0	0	0	0	0	51
1931275	Neisseria dumasiana	species	cellular organisms;Bacteria;Pseudomonadati;Pseudomonadota;Betaproteobacteria;Neisseriales;Neisseriaceae;Neisseria;Neisseria dumasiana	0	0	0	0	0	77
1463158	Thermomonas carbonis	species	cellular organisms;Bacteria;Pseudomonadati;Pseudomonadota;Gammaproteobacteria;Lysobacterales;Lysobacteraceae;Thermomonas;Thermomonas carbonis	0	0	0	0	0	15
196806	unclassified Psychrobacter	no rank	cellular organisms;Bacteria;Pseudomonadati;Pseudomonadota;Gammaproteobacteria;Moraxellales;Moraxellaceae;Psychrobacter;unclassified Psychrobacter	0	0	0	0	0	297
2517899	Psychrobacter sp. KH172YL61	species	cellular organisms;Bacteria;Pseudomonadati;Pseudomonadota;Gammaproteobacteria;Moraxellales;Moraxellaceae;Psychrobacter;unclassified Psychrobacter;Psychrobacter sp. KH172YL61	0	0	0	0	0	51
28449	Neisseria subflava	species	cellular organisms;Bacteria;Pseudomonadati;Pseudomonadota;Betaproteobacteria;Neisseriales;Neisseriaceae;Neisseria;Neisseria subflava	0	0	0	0	0	21
413	Methylococcus	genus	cellular organisms;Bacteria;Pseudomonadati;Pseudomonadota;Gammaproteobacteria;Methylococcales;Methylococcaceae;Methylococcus	0	0	0	0	0	88
3414505	Tepidimonas sp. HKU79	species	cellular organisms;Bacteria;Pseudomonadati;Pseudomonadota;Betaproteobacteria;Burkholderiales;Burkholderiales genera incertae sedis;Tepidimonas;unclassified Tepidimonas;Tepidimonas sp. HKU79	0	0	0	0	0	62
1176257	Stutzerimonas zhaodongensis	species	cellular organisms;Bacteria;Pseudomonadati;Pseudomonadota;Gammaproteobacteria;Pseudomonadales;Pseudomonadaceae;Stutzerimonas;Stutzerimonas zhaodongensis	0	0	0	0	0	68
848	Fusobacterium	genus	cellular organisms;Bacteria;Fusobacteriati;Fusobacteriota;Fusobacteriia;Fusobacteriales;Fusobacteriaceae;Fusobacterium	0	0	0	0	0	1
2718	Cardiobacterium hominis	species	cellular organisms;Bacteria;Pseudomonadati;Pseudomonadota;Gammaproteobacteria;Cardiobacteriales;Cardiobacteriaceae;Cardiobacterium;Cardiobacterium hominis	0	0	0	0	0	91
256326	Psychrobacter arenosus	species	cellular organisms;Bacteria;Pseudomonadati;Pseudomonadota;Gammaproteobacteria;Moraxellales;Moraxellaceae;Psychrobacter;Psychrobacter arenosus	0	0	0	0	0	316
29433	Moraxella ovis	species	cellular organisms;Bacteria;Pseudomonadati;Pseudomonadota;Gammaproteobacteria;Moraxellales;Moraxellaceae;Moraxella;Moraxella ovis	0	0	0	0	0	54
186828	Carnobacteriaceae	family	cellular organisms;Bacteria;Bacillati;Bacillota;Bacilli;Lactobacillales;Carnobacteriaceae	0	0	0	0	0	111
1415574	Psychrobacter sp. LV10R520-6	species	cellular organisms;Bacteria;Pseudomonadati;Pseudomonadota;Gammaproteobacteria;Moraxellales;Moraxellaceae;Psychrobacter;unclassified Psychrobacter;Psychrobacter sp. LV10R520-6	0	0	0	0	0	6
861445	Psychrobacter sanguinis	species	cellular organisms;Bacteria;Pseudomonadati;Pseudomonadota;Gammaproteobacteria;Moraxellales;Moraxellaceae;Psychrobacter;Psychrobacter sanguinis	0	0	0	0	0	425
32257	Kingella	genus	cellular organisms;Bacteria;Pseudomonadati;Pseudomonadota;Betaproteobacteria;Neisseriales;Neisseriaceae;Kingella	0	0	0	0	0	16
380738	Candidatus Kuenenia	genus	cellular organisms;Bacteria;Pseudomonadati;PVC group;Planctomycetota;Candidatus Brocadiia;Candidatus Brocadiales;Candidatus Brocadiaceae;Candidatus Kuenenia	0	0	0	0	0	12
28141	Cronobacter sakazakii	species	cellular organisms;Bacteria;Pseudomonadati;Pseudomonadota;Gammaproteobacteria;Enterobacterales;Enterobacteriaceae;Cronobacter;Cronobacter sakazakii	0	0	0	0	0	23
3110288	Dolosigranulum savutiense	species	cellular organisms;Bacteria;Bacillati;Bacillota;Bacilli;Lactobacillales;Carnobacteriaceae;Dolosigranulum;Dolosigranulum savutiense	0	0	0	0	0	85
10663	Tequatrovirus	genus	Viruses;Duplodnaviria;Heunggongvirae;Uroviricota;Caudoviricetes;Pantevenvirales;Straboviridae;Tevenvirinae;Tequatrovirus	0	0	0	0	0	123
2290922	Lysobacter sp. TY2-98	species	cellular organisms;Bacteria;Pseudomonadati;Pseudomonadota;Gammaproteobacteria;Lysobacterales;Lysobacteraceae;Lysobacter;unclassified Lysobacter;Lysobacter sp. TY2-98	0	0	0	0	0	56
1849015	Arcobacter acticola	species	cellular organisms;Bacteria;Pseudomonadati;Campylobacterota;Epsilonproteobacteria;Campylobacterales;Arcobacteraceae;Arcobacter;Arcobacter acticola	0	0	0	0	0	3
1620392	Spongiibacter sp. IMCC21906	species	cellular organisms;Bacteria;Pseudomonadati;Pseudomonadota;Gammaproteobacteria;Cellvibrionales;Spongiibacteraceae;Spongiibacter;unclassified Spongiibacter;Spongiibacter sp. IMCC21906	0	0	0	0	0	1
2637179	unclassified Pseudoduganella	no rank	cellular organisms;Bacteria;Pseudomonadati;Pseudomonadota;Betaproteobacteria;Burkholderiales;Oxalobacteraceae;Telluria group;Pseudoduganella;unclassified Pseudoduganella	0	0	0	0	0	2
2908648	Suttonella sp. R2A3	species	cellular organisms;Bacteria;Pseudomonadati;Pseudomonadota;Gammaproteobacteria;Cardiobacteriales;Cardiobacteriaceae;Suttonella;unclassified Suttonella;Suttonella sp. R2A3	0	0	0	0	0	198
2917790	Wielerella bovis	species	cellular organisms;Bacteria;Pseudomonadati;Pseudomonadota;Betaproteobacteria;Neisseriales;Neisseriaceae;Wielerella;Wielerella bovis	0	0	0	0	0	72
34072	Variovorax	genus	cellular organisms;Bacteria;Pseudomonadati;Pseudomonadota;Betaproteobacteria;Burkholderiales;Comamonadaceae;Variovorax	0	0	0	0	0	48
3423914	Rasiella sp. SM2506	species	cellular organisms;Bacteria;Pseudomonadati;FCB group;Bacteroidota/Chlorobiota group;Bacteroidota;Flavobacteriia;Flavobacteriales;Flavobacteriaceae;Rasiella;unclassified Rasiella;Rasiella sp. SM2506	0	0	0	0	0	1
2953752	Moraxella sp. FZFQ2102	species	cellular organisms;Bacteria;Pseudomonadati;Pseudomonadota;Gammaproteobacteria;Moraxellales;Moraxellaceae;Moraxella;unclassified Moraxella;Moraxella sp. FZFQ2102	0	0	0	0	0	65
28198	Aliarcobacter cryaerophilus	species	cellular organisms;Bacteria;Pseudomonadati;Campylobacterota;Epsilonproteobacteria;Campylobacterales;Arcobacteraceae;Aliarcobacter;Aliarcobacter cryaerophilus	0	0	0	0	0	12
765840	Moraxella macacae	species	cellular organisms;Bacteria;Pseudomonadati;Pseudomonadota;Gammaproteobacteria;Moraxellales;Moraxellaceae;Moraxella;Moraxella macacae	0	0	0	0	0	83
1910991	Jerseyvirus	genus	Viruses;Duplodnaviria;Heunggongvirae;Uroviricota;Caudoviricetes;Caudoviricetes incertae sedis;Sarkviridae;Guernseyvirinae;Jerseyvirus	0	0	0	0	0	19
3067275	Psychrobacter sp. M13	species	cellular organisms;Bacteria;Pseudomonadati;Pseudomonadota;Gammaproteobacteria;Moraxellales;Moraxellaceae;Psychrobacter;unclassified Psychrobacter;Psychrobacter sp. M13	0	0	0	0	0	26
2968500	Sphingopyxis sp. DBS4	species	cellular organisms;Bacteria;Pseudomonadati;Pseudomonadota;Alphaproteobacteria;Sphingomonadales;Sphingopyxidaceae;Sphingopyxis;unclassified Sphingopyxis;Sphingopyxis sp. DBS4	0	0	0	0	0	1
730	[Haemophilus] ducreyi	species	cellular organisms;Bacteria;Pseudomonadati;Pseudomonadota;Gammaproteobacteria;Pasteurellales;Pasteurellaceae;Haemophilus;[Haemophilus] ducreyi	0	0	0	0	0	32
3374103	Limnohabitans sp. DCL3	species	cellular organisms;Bacteria;Pseudomonadati;Pseudomonadota;Betaproteobacteria;Burkholderiales;Comamonadaceae;Limnohabitans;unclassified Limnohabitans;Limnohabitans sp. DCL3	0	0	0	0	0	14
731	Histophilus somni	species	cellular organisms;Bacteria;Pseudomonadati;Pseudomonadota;Gammaproteobacteria;Pasteurellales;Pasteurellaceae;Histophilus;Histophilus somni	0	0	0	0	0	50
298708	Sphingomonas kaistensis	species	cellular organisms;Bacteria;Pseudomonadati;Pseudomonadota;Alphaproteobacteria;Sphingomonadales;Sphingomonadaceae;Sphingomonas;Sphingomonas kaistensis	0	0	0	0	0	16
1375	Aerococcus	genus	cellular organisms;Bacteria;Bacillati;Bacillota;Bacilli;Lactobacillales;Aerococcaceae;Aerococcus	0	0	0	0	0	5
180588	Psychrobacter faecalis	species	cellular organisms;Bacteria;Pseudomonadati;Pseudomonadota;Gammaproteobacteria;Moraxellales;Moraxellaceae;Psychrobacter;Psychrobacter faecalis	0	0	0	0	0	14
3440637	Psychrobacter sp. DM4	species	cellular organisms;Bacteria;Pseudomonadati;Pseudomonadota;Gammaproteobacteria;Moraxellales;Moraxellaceae;Psychrobacter;unclassified Psychrobacter;Psychrobacter sp. DM4	0	0	0	0	0	7
376	Bradyrhizobium sp.	species	cellular organisms;Bacteria;Pseudomonadati;Pseudomonadota;Alphaproteobacteria;Hyphomicrobiales;Nitrobacteraceae;Bradyrhizobium;unclassified Bradyrhizobium;Bradyrhizobium sp.	0	0	0	0	0	1
3440636	Psychrobacter sp. DM8	species	cellular organisms;Bacteria;Pseudomonadati;Pseudomonadota;Gammaproteobacteria;Moraxellales;Moraxellaceae;Psychrobacter;unclassified Psychrobacter;Psychrobacter sp. DM8	0	0	0	0	0	21
3112003	Psychrobacter sp. HD31	species	cellular organisms;Bacteria;Pseudomonadati;Pseudomonadota;Gammaproteobacteria;Moraxellales;Moraxellaceae;Psychrobacter;unclassified Psychrobacter;Psychrobacter sp. HD31	0	0	0	0	0	83
135619	Oceanospirillales	order	cellular organisms;Bacteria;Pseudomonadati;Pseudomonadota;Gammaproteobacteria;Oceanospirillales	0	0	0	0	0	7
194196	Alysiella filiformis	species	cellular organisms;Bacteria;Pseudomonadati;Pseudomonadota;Betaproteobacteria;Neisseriales;Neisseriaceae;Alysiella;Alysiella filiformis	0	0	0	0	0	28
2605946	Pukyongiella litopenaei	species	cellular organisms;Bacteria;Pseudomonadati;Pseudomonadota;Alphaproteobacteria;Rhodobacterales;Paracoccaceae;Pukyongiella;Pukyongiella litopenaei	0	0	0	0	0	2
1129771	Leptotrichiaceae	family	cellular organisms;Bacteria;Fusobacteriati;Fusobacteriota;Fusobacteriia;Fusobacteriales;Leptotrichiaceae	0	0	0	0	0	6
3230977	Halioglobus sp. Uisw_031	species	cellular organisms;Bacteria;Pseudomonadati;Pseudomonadota;Gammaproteobacteria;Cellvibrionales;Halieaceae;Halioglobus;unclassified Halioglobus;Halioglobus sp. Uisw_031	0	0	0	0	0	1
40324	Stenotrophomonas maltophilia	species	cellular organisms;Bacteria;Pseudomonadati;Pseudomonadota;Gammaproteobacteria;Lysobacterales;Lysobacteraceae;Stenotrophomonas;Stenotrophomonas maltophilia group;Stenotrophomonas maltophilia	0	0	0	0	0	2
3059076	Marivirga arenosa	species	cellular organisms;Bacteria;Pseudomonadati;FCB group;Bacteroidota/Chlorobiota group;Bacteroidota;Cytophagia;Cytophagales;Marivirgaceae;Marivirga;Marivirga arenosa	0	0	0	0	0	2
2944933	Microbulbifer spongiae	species	cellular organisms;Bacteria;Pseudomonadati;Pseudomonadota;Gammaproteobacteria;Cellvibrionales;Microbulbiferaceae;Microbulbifer;Microbulbifer spongiae	0	0	0	0	0	1
1312183	Rhizobium jaguaris	species	cellular organisms;Bacteria;Pseudomonadati;Pseudomonadota;Alphaproteobacteria;Hyphomicrobiales;Rhizobiaceae;Rhizobium/Agrobacterium group;Rhizobium;Rhizobium jaguaris	0	0	0	0	0	4
85023	Microbacteriaceae	family	cellular organisms;Bacteria;Bacillati;Actinomycetota;Actinomycetes;Micrococcales;Microbacteriaceae	0	0	0	0	0	5
2058625	Undibacterium sp. YM2	species	cellular organisms;Bacteria;Pseudomonadati;Pseudomonadota;Betaproteobacteria;Burkholderiales;Oxalobacteraceae;Undibacterium;unclassified Undibacterium;Undibacterium sp. YM2	0	0	0	0	0	2
3120518	Acinetobacter sp. KS-LM10	species	cellular organisms;Bacteria;Pseudomonadati;Pseudomonadota;Gammaproteobacteria;Moraxellales;Moraxellaceae;Acinetobacter;unclassified Acinetobacter;Acinetobacter sp. KS-LM10	0	0	0	0	0	49
1542730	Frateuria soli	species	cellular organisms;Bacteria;Pseudomonadati;Pseudomonadota;Gammaproteobacteria;Lysobacterales;Rhodanobacteraceae;Frateuria;Frateuria soli	0	0	0	0	0	7
588	Providencia stuartii	species	cellular organisms;Bacteria;Pseudomonadati;Pseudomonadota;Gammaproteobacteria;Enterobacterales;Morganellaceae;Providencia;Providencia stuartii	0	0	0	0	0	9
45610	Psychrobacter urativorans	species	cellular organisms;Bacteria;Pseudomonadati;Pseudomonadota;Gammaproteobacteria;Moraxellales;Moraxellaceae;Psychrobacter;Psychrobacter urativorans	0	0	0	0	0	29
3435883	Lentzea xerophila	species	cellular organisms;Bacteria;Bacillati;Actinomycetota;Actinomycetes;Pseudonocardiales;Pseudonocardiaceae;Lentzea;Lentzea xerophila	0	0	0	0	0	2
3019969	Rheinheimera sp. MM224	species	cellular organisms;Bacteria;Pseudomonadati;Pseudomonadota;Gammaproteobacteria;Chromatiales;Chromatiaceae;Rheinheimera;unclassified Rheinheimera;Rheinheimera sp. MM224	0	0	0	0	0	6
2034769	Pectobacterium zantedeschiae	species	cellular organisms;Bacteria;Pseudomonadati;Pseudomonadota;Gammaproteobacteria;Enterobacterales;Pectobacteriaceae;Pectobacterium;Pectobacterium zantedeschiae	0	0	0	0	0	18
118323	Oxynema acuminatum	species	cellular organisms;Bacteria;Bacillati;Cyanobacteriota/Melainabacteria group;Cyanobacteriota;Cyanophyceae;Oscillatoriophycideae;Oscillatoriales;Oscillatoriaceae;Oxynema;Oxynema acuminatum	0	0	0	0	0	5
34073	Variovorax paradoxus	species	cellular organisms;Bacteria;Pseudomonadati;Pseudomonadota;Betaproteobacteria;Burkholderiales;Comamonadaceae;Variovorax;Variovorax paradoxus	0	0	0	0	0	15
1124	Chlorogloeopsis fritschii	species	cellular organisms;Bacteria;Bacillati;Cyanobacteriota/Melainabacteria group;Cyanobacteriota;Cyanophyceae;Nostocales;Chlorogloeopsidaceae;Chlorogloeopsis;Chlorogloeopsis fritschii	0	0	0	0	0	1
412034	Celerinatantimonas diazotrophica	species	cellular organisms;Bacteria;Pseudomonadati;Pseudomonadota;Gammaproteobacteria;Gammaproteobacteria incertae sedis;Celerinatantimonadaceae;Celerinatantimonas;Celerinatantimonas diazotrophica	0	0	0	0	0	1
909768	Acinetobacter calcoaceticus/baumannii complex	species group	cellular organisms;Bacteria;Pseudomonadati;Pseudomonadota;Gammaproteobacteria;Moraxellales;Moraxellaceae;Acinetobacter;Acinetobacter calcoaceticus/baumannii complex	0	0	0	0	0	3
1629550	Paraclostridium benzoelyticum	species	cellular organisms;Bacteria;Bacillati;Bacillota;Clostridia;Peptostreptococcales;Peptostreptococcaceae;Paraclostridium;Paraclostridium benzoelyticum	0	0	0	0	0	1
521689	Thiocapsa bogorovii	species	cellular organisms;Bacteria;Pseudomonadati;Pseudomonadota;Gammaproteobacteria;Chromatiales;Chromatiaceae;Thiocapsa;Thiocapsa bogorovii	0	0	0	0	0	4
898	Desulfomicrobium	genus	cellular organisms;Bacteria;Pseudomonadati;Thermodesulfobacteriota;Desulfovibrionia;Desulfovibrionales;Desulfomicrobiaceae;Desulfomicrobium	0	0	0	0	0	1
1097	Chlorobaculum tepidum	species	cellular organisms;Bacteria;Pseudomonadati;FCB group;Bacteroidota/Chlorobiota group;Chlorobiota;Chlorobiia;Chlorobiales;Chlorobiaceae;Chlorobaculum;Chlorobaculum tepidum	0	0	0	0	0	2
1982756	Psychrobacter sp. L7	species	cellular organisms;Bacteria;Pseudomonadati;Pseudomonadota;Gammaproteobacteria;Moraxellales;Moraxellaceae;Psychrobacter;unclassified Psychrobacter;Psychrobacter sp. L7	0	0	0	0	0	29
2052484	Roseateles noduli	species	cellular organisms;Bacteria;Pseudomonadati;Pseudomonadota;Betaproteobacteria;Burkholderiales;Sphaerotilaceae;Roseateles;Roseateles noduli	0	0	0	0	0	1
3145235	Microbulbifer sp. SAOS-129_SWC	species	cellular organisms;Bacteria;Pseudomonadati;Pseudomonadota;Gammaproteobacteria;Cellvibrionales;Microbulbiferaceae;Microbulbifer;unclassified Microbulbifer;Microbulbifer sp. SAOS-129_SWC	0	0	0	0	0	1
52133	Acinetobacter venetianus	species	cellular organisms;Bacteria;Pseudomonadati;Pseudomonadota;Gammaproteobacteria;Moraxellales;Moraxellaceae;Acinetobacter;Acinetobacter venetianus	0	0	0	0	0	20
196816	unclassified Acinetobacter	no rank	cellular organisms;Bacteria;Pseudomonadati;Pseudomonadota;Gammaproteobacteria;Moraxellales;Moraxellaceae;Acinetobacter;unclassified Acinetobacter	0	0	0	0	0	7
2371	Xylella fastidiosa	species	cellular organisms;Bacteria;Pseudomonadati;Pseudomonadota;Gammaproteobacteria;Lysobacterales;Lysobacteraceae;Xylella;Xylella fastidiosa	0	0	0	0	0	4
2625242	unclassified Gilvibacter	no rank	cellular organisms;Bacteria;Pseudomonadati;FCB group;Bacteroidota/Chlorobiota group;Bacteroidota;Flavobacteriia;Flavobacteriales;Flavobacteriaceae;Gilvibacter;unclassified Gilvibacter	0	0	0	0	0	8
2203895	Psychrobacter sp. YP14	species	cellular organisms;Bacteria;Pseudomonadati;Pseudomonadota;Gammaproteobacteria;Moraxellales;Moraxellaceae;Psychrobacter;unclassified Psychrobacter;Psychrobacter sp. YP14	0	0	0	0	0	19
82541	Cupriavidus gilardii	species	cellular organisms;Bacteria;Pseudomonadati;Pseudomonadota;Betaproteobacteria;Burkholderiales;Burkholderiaceae;Cupriavidus;Cupriavidus gilardii	0	0	0	0	0	7
2642006	unclassified Lonepinella	no rank	cellular organisms;Bacteria;Pseudomonadati;Pseudomonadota;Gammaproteobacteria;Pasteurellales;Pasteurellaceae;Lonepinella;unclassified Lonepinella	0	0	0	0	0	2
123899	Bordetella trematum	species	cellular organisms;Bacteria;Pseudomonadati;Pseudomonadota;Betaproteobacteria;Burkholderiales;Alcaligenaceae;Bordetella;Bordetella trematum	0	0	0	0	0	1
2580412	Thiomicrorhabdus sediminis	species	cellular organisms;Bacteria;Pseudomonadati;Pseudomonadota;Gammaproteobacteria;Thiotrichales;Piscirickettsiaceae;Thiomicrorhabdus;Thiomicrorhabdus sediminis	0	0	0	0	0	1
2937433	Psychrobacter sp. AH5	species	cellular organisms;Bacteria;Pseudomonadati;Pseudomonadota;Gammaproteobacteria;Moraxellales;Moraxellaceae;Psychrobacter;unclassified Psychrobacter;Psychrobacter sp. AH5	0	0	0	0	0	9
3156489	Acinetobacter sp. A1-4-2	species	cellular organisms;Bacteria;Pseudomonadati;Pseudomonadota;Gammaproteobacteria;Moraxellales;Moraxellaceae;Acinetobacter;unclassified Acinetobacter;Acinetobacter sp. A1-4-2	0	0	0	0	0	8
1699621	Psychrobacter sp. P11F6	species	cellular organisms;Bacteria;Pseudomonadati;Pseudomonadota;Gammaproteobacteria;Moraxellales;Moraxellaceae;Psychrobacter;unclassified Psychrobacter;Psychrobacter sp. P11F6	0	0	0	0	0	10
72275	Alteromonadaceae	family	cellular organisms;Bacteria;Pseudomonadati;Pseudomonadota;Gammaproteobacteria;Alteromonadales;Alteromonadaceae	0	0	0	0	0	3
237	Flavobacterium	genus	cellular organisms;Bacteria;Pseudomonadati;FCB group;Bacteroidota/Chlorobiota group;Bacteroidota;Flavobacteriia;Flavobacteriales;Flavobacteriaceae;Flavobacterium	0	0	0	0	0	1
2714952	Roseateles sp. DAIF2	species	cellular organisms;Bacteria;Pseudomonadati;Pseudomonadota;Betaproteobacteria;Burkholderiales;Sphaerotilaceae;Roseateles;unclassified Roseateles;Roseateles sp. DAIF2	0	0	0	0	0	4
1051	Ectothiorhodospira	genus	cellular organisms;Bacteria;Pseudomonadati;Pseudomonadota;Gammaproteobacteria;Chromatiales;Ectothiorhodospiraceae;Ectothiorhodospira	0	0	0	0	0	1
1335745	Spiribacter	genus	cellular organisms;Bacteria;Pseudomonadati;Pseudomonadota;Gammaproteobacteria;Chromatiales;Ectothiorhodospiraceae;Spiribacter	0	0	0	0	0	8
1311	Streptococcus agalactiae	species	cellular organisms;Bacteria;Bacillati;Bacillota;Bacilli;Lactobacillales;Streptococcaceae;Streptococcus;Streptococcus agalactiae	0	0	0	0	0	1
135622	Alteromonadales	order	cellular organisms;Bacteria;Pseudomonadati;Pseudomonadota;Gammaproteobacteria;Alteromonadales	0	0	0	0	0	2
319939	Metapseudomonas otitidis	species	cellular organisms;Bacteria;Pseudomonadati;Pseudomonadota;Gammaproteobacteria;Pseudomonadales;Pseudomonadaceae;Metapseudomonas;Metapseudomonas otitidis	0	0	0	0	0	1
3235088	Aggregatibacter sp. HMT-949	species	cellular organisms;Bacteria;Pseudomonadati;Pseudomonadota;Gammaproteobacteria;Pasteurellales;Pasteurellaceae;Aggregatibacter;unclassified Aggregatibacter;Aggregatibacter sp. HMT-949	0	0	0	0	0	2
2901189	Halopseudomonas	genus	cellular organisms;Bacteria;Pseudomonadati;Pseudomonadota;Gammaproteobacteria;Pseudomonadales;Pseudomonadaceae;Halopseudomonas	0	0	0	0	0	2
155615	Fusobacterium vincentii	species	cellular organisms;Bacteria;Fusobacteriati;Fusobacteriota;Fusobacteriia;Fusobacteriales;Fusobacteriaceae;Fusobacterium;Fusobacterium vincentii	0	0	0	0	0	3
1891207	Thaumasiovibrio subtropicus	species	cellular organisms;Bacteria;Pseudomonadati;Pseudomonadota;Gammaproteobacteria;Vibrionales;Vibrionaceae;Thaumasiovibrio;Thaumasiovibrio subtropicus	0	0	0	0	0	1
750	Gallibacterium anatis	species	cellular organisms;Bacteria;Pseudomonadati;Pseudomonadota;Gammaproteobacteria;Pasteurellales;Pasteurellaceae;Gallibacterium;Gallibacterium anatis	0	0	0	0	0	1
670516	Mycobacteroides	genus	cellular organisms;Bacteria;Bacillati;Actinomycetota;Actinomycetes;Mycobacteriales;Mycobacteriaceae;Mycobacteroides	0	0	0	0	0	15
756892	Acinetobacter indicus	species	cellular organisms;Bacteria;Pseudomonadati;Pseudomonadota;Gammaproteobacteria;Moraxellales;Moraxellaceae;Acinetobacter;Acinetobacter indicus	0	0	0	0	0	4
2656761	Apibacter sp. B2966	species	cellular organisms;Bacteria;Pseudomonadati;FCB group;Bacteroidota/Chlorobiota group;Bacteroidota;Flavobacteriia;Flavobacteriales;Weeksellaceae;Apibacter;unclassified Apibacter;Apibacter sp. B2966	0	0	0	0	0	3
1883	Streptomyces	genus	cellular organisms;Bacteria;Bacillati;Actinomycetota;Actinomycetes;Kitasatosporales;Streptomycetaceae;Streptomyces	0	0	0	0	0	5
2772254	Psychrobacter noctis	species	cellular organisms;Bacteria;Pseudomonadati;Pseudomonadota;Gammaproteobacteria;Moraxellales;Moraxellaceae;Psychrobacter;Psychrobacter noctis	0	0	0	0	0	11
35554	Geobacter sulfurreducens	species	cellular organisms;Bacteria;Pseudomonadati;Thermodesulfobacteriota;Desulfuromonadia;Geobacterales;Geobacteraceae;Geobacter;Geobacter sulfurreducens	0	0	0	0	0	6
2809020	Paralysiella testudinis	species	cellular organisms;Bacteria;Pseudomonadati;Pseudomonadota;Betaproteobacteria;Neisseriales;Neisseriaceae;Paralysiella;Paralysiella testudinis	0	0	0	0	0	1
306572	Psychrobacter celer	species	cellular organisms;Bacteria;Pseudomonadati;Pseudomonadota;Gammaproteobacteria;Moraxellales;Moraxellaceae;Psychrobacter;Psychrobacter celer	0	0	0	0	0	38
3115646	Myxococcus faecalis	species	cellular organisms;Bacteria;Pseudomonadati;Myxococcota;Myxococcia;Myxococcales;Cystobacterineae;Myxococcaceae;Myxococcus;Myxococcus faecalis	0	0	0	0	0	18
90627	Gallionellaceae	family	cellular organisms;Bacteria;Pseudomonadati;Pseudomonadota;Betaproteobacteria;Nitrosomonadales;Gallionellaceae	0	0	0	0	0	1
53246	Pseudoalteromonas	genus	cellular organisms;Bacteria;Pseudomonadati;Pseudomonadota;Gammaproteobacteria;Alteromonadales;Pseudoalteromonadaceae;Pseudoalteromonas	0	0	0	0	0	2
761	Pasteurella testudinis	species	cellular organisms;Bacteria;Pseudomonadati;Pseudomonadota;Gammaproteobacteria;Pasteurellales;Pasteurellaceae;Pasteurella;Pasteurella testudinis	0	0	0	0	0	1
2994951	Acidithiobacillus sp. AMEEHan	species	cellular organisms;Bacteria;Pseudomonadati;Pseudomonadota;Acidithiobacillia;Acidithiobacillales;Acidithiobacillaceae;Acidithiobacillus;unclassified Acidithiobacillus;Acidithiobacillus sp. AMEEHan	0	0	0	0	0	1
330922	Psychrobacter cryohalolentis	species	cellular organisms;Bacteria;Pseudomonadati;Pseudomonadota;Gammaproteobacteria;Moraxellales;Moraxellaceae;Psychrobacter;Psychrobacter cryohalolentis	0	0	0	0	0	2
38301	Corynebacterium minutissimum	species	cellular organisms;Bacteria;Bacillati;Actinomycetota;Actinomycetes;Mycobacteriales;Corynebacteriaceae;Corynebacterium;Corynebacterium minutissimum	0	0	0	0	0	1
729	Haemophilus parainfluenzae	species	cellular organisms;Bacteria;Pseudomonadati;Pseudomonadota;Gammaproteobacteria;Pasteurellales;Pasteurellaceae;Haemophilus;Haemophilus parainfluenzae	0	0	0	0	0	2
2498113	Limnobaculum zhutongyuii	species	cellular organisms;Bacteria;Pseudomonadati;Pseudomonadota;Gammaproteobacteria;Enterobacterales;Budviciaceae;Limnobaculum;Limnobaculum zhutongyuii	0	0	0	0	0	2
2908637	Acinetobacter sp. SCLZS86	species	cellular organisms;Bacteria;Pseudomonadati;Pseudomonadota;Gammaproteobacteria;Moraxellales;Moraxellaceae;Acinetobacter;unclassified Acinetobacter;Acinetobacter sp. SCLZS86	0	0	0	0	0	4
553982	Allochromatium tepidum	species	cellular organisms;Bacteria;Pseudomonadati;Pseudomonadota;Gammaproteobacteria;Chromatiales;Chromatiaceae;Allochromatium;Allochromatium tepidum	0	0	0	0	0	1
33882	Microbacterium	genus	cellular organisms;Bacteria;Bacillati;Actinomycetota;Actinomycetes;Micrococcales;Microbacteriaceae;Microbacterium	0	0	0	0	0	10
2109914	Ottowia oryzae	species	cellular organisms;Bacteria;Pseudomonadati;Pseudomonadota;Betaproteobacteria;Burkholderiales;Comamonadaceae;Ottowia;Ottowia oryzae	0	0	0	0	0	10
31988	Aminobacter	genus	cellular organisms;Bacteria;Pseudomonadati;Pseudomonadota;Alphaproteobacteria;Hyphomicrobiales;Phyllobacteriaceae;Aminobacter	0	0	0	0	0	5
248026	Cupriavidus pinatubonensis	species	cellular organisms;Bacteria;Pseudomonadati;Pseudomonadota;Betaproteobacteria;Burkholderiales;Burkholderiaceae;Cupriavidus;Cupriavidus pinatubonensis	0	0	0	0	0	15
716	Actinobacillus suis	species	cellular organisms;Bacteria;Pseudomonadati;Pseudomonadota;Gammaproteobacteria;Pasteurellales;Pasteurellaceae;Actinobacillus;Actinobacillus suis	0	0	0	0	0	1
3392035	Neisseria sp. CCUG12390	species	cellular organisms;Bacteria;Pseudomonadati;Pseudomonadota;Betaproteobacteria;Neisseriales;Neisseriaceae;Neisseria;unclassified Neisseria;Neisseria sp. CCUG12390	0	0	0	0	0	8
427923	Desulfurivibrio alkaliphilus	species	cellular organisms;Bacteria;Pseudomonadati;Thermodesulfobacteriota;Desulfobulbia;Desulfobulbales;Desulfobulbaceae;Desulfurivibrio;Desulfurivibrio alkaliphilus	0	0	0	0	0	10
2169666	Felispumavirus	genus	Viruses;Riboviria;Pararnavirae;Artverviricota;Revtraviricetes;Ortervirales;Retroviridae;Spumaretrovirinae;Felispumavirus	0	0	0	0	0	2
504	Kingella kingae	species	cellular organisms;Bacteria;Pseudomonadati;Pseudomonadota;Betaproteobacteria;Neisseriales;Neisseriaceae;Kingella;Kingella kingae	0	0	0	0	0	2
3156079	Psychrobacter sp. KFRI-CH2-11	species	cellular organisms;Bacteria;Pseudomonadati;Pseudomonadota;Gammaproteobacteria;Moraxellales;Moraxellaceae;Psychrobacter;unclassified Psychrobacter;Psychrobacter sp. KFRI-CH2-11	0	0	0	0	0	1
1126	Microcystis aeruginosa	species	cellular organisms;Bacteria;Bacillati;Cyanobacteriota/Melainabacteria group;Cyanobacteriota;Cyanophyceae;Oscillatoriophycideae;Chroococcales;Microcystaceae;Microcystis;Microcystis aeruginosa	0	0	0	0	0	7
412593	Thermosulfidibacter takaii	species	cellular organisms;Bacteria;Pseudomonadati;Thermosulfidibacterota;Thermosulfidibacteria;Thermosulfidibacterales;Thermosulfidibacteraceae;Thermosulfidibacter;Thermosulfidibacter takaii	0	0	0	0	0	1
406548	Aquisphaera giovannonii	species	cellular organisms;Bacteria;Pseudomonadati;PVC group;Planctomycetota;Planctomycetia;Isosphaerales;Isosphaeraceae;Aquisphaera;Aquisphaera giovannonii	0	0	0	0	0	1
1002546	uncultured Cohaesibacter sp.	species	cellular organisms;Bacteria;Pseudomonadati;Pseudomonadota;Alphaproteobacteria;Hyphomicrobiales;Cohaesibacteraceae;Cohaesibacter;environmental samples;uncultured Cohaesibacter sp.	0	0	0	0	0	1
218208	Desulfatibacillum aliphaticivorans	species	cellular organisms;Bacteria;Pseudomonadati;Thermodesulfobacteriota;Desulfobacteria;Desulfobacterales;Desulfatibacillaceae;Desulfatibacillum;Desulfatibacillum aliphaticivorans	0	0	0	0	0	1
1776742	Acinetobacter vivianii	species	cellular organisms;Bacteria;Pseudomonadati;Pseudomonadota;Gammaproteobacteria;Moraxellales;Moraxellaceae;Acinetobacter;Acinetobacter vivianii	0	0	0	0	0	8
400946	Wohlfahrtiimonas chitiniclastica	species	cellular organisms;Bacteria;Pseudomonadati;Pseudomonadota;Gammaproteobacteria;Cardiobacteriales;Ignatzschineriaceae;Wohlfahrtiimonas;Wohlfahrtiimonas chitiniclastica	0	0	0	0	0	1
3242468	Candidatus Izemoplasma sp. B36	species	cellular organisms;Bacteria;Bacillati;Mycoplasmatota;Mollicutes;Candidatus Izemoplasmatales;Candidatus Izemoplasmataceae;Candidatus Izemoplasma;unclassified Candidatus Izemoplasma;Candidatus Izemoplasma sp. B36	0	0	0	0	0	1
1314	Streptococcus pyogenes	species	cellular organisms;Bacteria;Bacillati;Bacillota;Bacilli;Lactobacillales;Streptococcaceae;Streptococcus;Streptococcus pyogenes	0	0	0	0	0	1
72	Simonsiella muelleri	species	cellular organisms;Bacteria;Pseudomonadati;Pseudomonadota;Betaproteobacteria;Neisseriales;Neisseriaceae;Simonsiella;Simonsiella muelleri	0	0	0	0	0	7
2822410	Methylotuvimicrobium	genus	cellular organisms;Bacteria;Pseudomonadati;Pseudomonadota;Gammaproteobacteria;Methylococcales;Methylococcaceae;Methylotuvimicrobium	0	0	0	0	0	1
295596	Candidatus Hepatoplasma crinochetorum	species	cellular organisms;Bacteria;Bacillati;Mycoplasmatota;Mollicutes;Mycoplasmatales;Candidatus Hepatoplasmataceae;Candidatus Hepatoplasma;Candidatus Hepatoplasma crinochetorum	0	0	0	0	0	1
1445505	Gynuella sunshinyii	species	cellular organisms;Bacteria;Pseudomonadati;Pseudomonadota;Gammaproteobacteria;Oceanospirillales;Saccharospirillaceae;Gynuella;Gynuella sunshinyii	0	0	0	0	0	5
160808	Acidithiobacillus ferrivorans	species	cellular organisms;Bacteria;Pseudomonadati;Pseudomonadota;Acidithiobacillia;Acidithiobacillales;Acidithiobacillaceae;Acidithiobacillus;Acidithiobacillus ferrivorans	0	0	0	0	0	6
888436	Psychrobacter sp. 4Bb	species	cellular organisms;Bacteria;Pseudomonadati;Pseudomonadota;Gammaproteobacteria;Moraxellales;Moraxellaceae;Psychrobacter;unclassified Psychrobacter;Psychrobacter sp. 4Bb	0	0	0	0	0	2
579	Kluyvera	genus	cellular organisms;Bacteria;Pseudomonadati;Pseudomonadota;Gammaproteobacteria;Enterobacterales;Enterobacteriaceae;Kluyvera	0	0	0	0	0	3
407217	Aquitalea	genus	cellular organisms;Bacteria;Pseudomonadati;Pseudomonadota;Betaproteobacteria;Neisseriales;Chromobacteriaceae;Aquitalea	0	0	0	0	0	1
1579979	Wenzhouxiangella marina	species	cellular organisms;Bacteria;Pseudomonadati;Pseudomonadota;Gammaproteobacteria;Chromatiales;Wenzhouxiangellaceae;Wenzhouxiangella;Wenzhouxiangella marina	0	0	0	0	0	1
1392877	Pseudomonas oryzae	species	cellular organisms;Bacteria;Pseudomonadati;Pseudomonadota;Gammaproteobacteria;Pseudomonadales;Pseudomonadaceae;Pseudomonas;Pseudomonas oryzae	0	0	0	0	0	1
1608996	Pseudomonas helleri	species	cellular organisms;Bacteria;Pseudomonadati;Pseudomonadota;Gammaproteobacteria;Pseudomonadales;Pseudomonadaceae;Pseudomonas;Pseudomonas helleri	0	0	0	0	0	1
326544	Paraglaciecola psychrophila	species	cellular organisms;Bacteria;Pseudomonadati;Pseudomonadota;Gammaproteobacteria;Alteromonadales;Alteromonadaceae;Paraglaciecola;Paraglaciecola psychrophila	0	0	0	0	0	1
584	Proteus mirabilis	species	cellular organisms;Bacteria;Pseudomonadati;Pseudomonadota;Gammaproteobacteria;Enterobacterales;Morganellaceae;Proteus;Proteus mirabilis	0	0	0	0	0	8
1198136	Tevenvirinae	subfamily	Viruses;Duplodnaviria;Heunggongvirae;Uroviricota;Caudoviricetes;Pantevenvirales;Straboviridae;Tevenvirinae	0	0	0	0	0	6
2983215	Acinetobacter sp. ESL0695	species	cellular organisms;Bacteria;Pseudomonadati;Pseudomonadota;Gammaproteobacteria;Moraxellales;Moraxellaceae;Acinetobacter;unclassified Acinetobacter;Acinetobacter sp. ESL0695	0	0	0	0	0	1
2202148	Azospirillum thermophilum	species	cellular organisms;Bacteria;Pseudomonadati;Pseudomonadota;Alphaproteobacteria;Rhodospirillales;Azospirillaceae;Azospirillum;Azospirillum thermophilum	0	0	0	0	0	1
153493	Conchiformibius steedae	species	cellular organisms;Bacteria;Pseudomonadati;Pseudomonadota;Betaproteobacteria;Neisseriales;Neisseriaceae;Conchiformibius;Conchiformibius steedae	0	0	0	0	0	5
94694	Desulfurococcus amylolyticus	species	cellular organisms;Archaea;Thermoproteati;Thermoproteota;Thermoprotei;Desulfurococcales;Desulfurococcaceae;Desulfurococcus;Desulfurococcus amylolyticus	0	0	0	0	0	2
29486	Yersinia ruckeri	species	cellular organisms;Bacteria;Pseudomonadati;Pseudomonadota;Gammaproteobacteria;Enterobacterales;Yersiniaceae;Yersinia;Yersinia ruckeri	0	0	0	0	0	6
2755588	Anaerobacillus sp. CMMVII	species	cellular organisms;Bacteria;Bacillati;Bacillota;Bacilli;Bacillales;Bacillaceae;Anaerobacillus;unclassified Anaerobacillus;Anaerobacillus sp. CMMVII	0	0	0	0	0	1
914153	Salinimonas lutimaris	species	cellular organisms;Bacteria;Pseudomonadati;Pseudomonadota;Gammaproteobacteria;Alteromonadales;Alteromonadaceae;Alteromonas/Salinimonas group;Salinimonas;Salinimonas lutimaris	0	0	0	0	0	1
2081791	Rhizobium ruizarguesonis	species	cellular organisms;Bacteria;Pseudomonadati;Pseudomonadota;Alphaproteobacteria;Hyphomicrobiales;Rhizobiaceae;Rhizobium/Agrobacterium group;Rhizobium;Rhizobium ruizarguesonis	0	0	0	0	0	4
2791037	Thiomicrorhabdus immobilis	species	cellular organisms;Bacteria;Pseudomonadati;Pseudomonadota;Gammaproteobacteria;Thiotrichales;Piscirickettsiaceae;Thiomicrorhabdus;Thiomicrorhabdus immobilis	0	0	0	0	0	3
511108	Ottowia pentelensis	species	cellular organisms;Bacteria;Pseudomonadati;Pseudomonadota;Betaproteobacteria;Burkholderiales;Comamonadaceae;Ottowia;Ottowia pentelensis	0	0	0	0	0	2
3064892	Psychrobacter sp. van23A	species	cellular organisms;Bacteria;Pseudomonadati;Pseudomonadota;Gammaproteobacteria;Moraxellales;Moraxellaceae;Psychrobacter;unclassified Psychrobacter;Psychrobacter sp. van23A	0	0	0	0	0	4
1813019	Campylobacter hepaticus	species	cellular organisms;Bacteria;Pseudomonadati;Campylobacterota;Epsilonproteobacteria;Campylobacterales;Campylobacteraceae;Campylobacter;Campylobacter hepaticus	0	0	0	0	0	1
3158364	Variovorax sp. 375MFSha3.1	species	cellular organisms;Bacteria;Pseudomonadati;Pseudomonadota;Betaproteobacteria;Burkholderiales;Comamonadaceae;Variovorax;unclassified Variovorax;Variovorax sp. 375MFSha3.1	0	0	0	0	0	3
713	Actinobacillus	genus	cellular organisms;Bacteria;Pseudomonadati;Pseudomonadota;Gammaproteobacteria;Pasteurellales;Pasteurellaceae;Actinobacillus	0	0	0	0	0	2
2652803	Candidatus Azoamicus ciliaticola	species	cellular organisms;Bacteria;Pseudomonadati;Pseudomonadota;Gammaproteobacteria;Gammaproteobacteria incertae sedis;Candidatus Azoamicaceae;Candidatus Azoamicus;Candidatus Azoamicus ciliaticola	0	0	0	0	0	1
292486	Avibacterium	genus	cellular organisms;Bacteria;Pseudomonadati;Pseudomonadota;Gammaproteobacteria;Pasteurellales;Pasteurellaceae;Avibacterium	0	0	0	0	0	1
1903411	Yersiniaceae	family	cellular organisms;Bacteria;Pseudomonadati;Pseudomonadota;Gammaproteobacteria;Enterobacterales;Yersiniaceae	0	0	0	0	0	1
2630038	unclassified Shimia	no rank	cellular organisms;Bacteria;Pseudomonadati;Pseudomonadota;Alphaproteobacteria;Rhodobacterales;Roseobacteraceae;Shimia;unclassified Shimia	0	0	0	0	0	1
1903414	Morganellaceae	family	cellular organisms;Bacteria;Pseudomonadati;Pseudomonadota;Gammaproteobacteria;Enterobacterales;Morganellaceae	0	0	0	0	0	1
2785627	Azospira inquinata	species	cellular organisms;Bacteria;Pseudomonadati;Pseudomonadota;Betaproteobacteria;Rhodocyclales;Rhodocyclaceae;Azospira;Azospira inquinata	0	0	0	0	0	1
392593	Inhella inkyongensis	species	cellular organisms;Bacteria;Pseudomonadati;Pseudomonadota;Betaproteobacteria;Burkholderiales;Sphaerotilaceae;Inhella;Inhella inkyongensis	0	0	0	0	0	1
1156497	Pichiaceae	family	cellular organisms;Eukaryota;Opisthokonta;Fungi;Dikarya;Ascomycota;saccharomyceta;Saccharomycotina;Pichiomycetes;Pichiales;Pichiaceae	0	0	0	0	0	1
1303	Streptococcus oralis	species	cellular organisms;Bacteria;Bacillati;Bacillota;Bacilli;Lactobacillales;Streptococcaceae;Streptococcus;Streptococcus oralis	0	0	0	0	0	3
413882	Caldimonas brevitalea	species	cellular organisms;Bacteria;Pseudomonadati;Pseudomonadota;Betaproteobacteria;Burkholderiales;Sphaerotilaceae;Caldimonas;Caldimonas brevitalea	0	0	0	0	0	1
868	Cardiobacteriaceae	family	cellular organisms;Bacteria;Pseudomonadati;Pseudomonadota;Gammaproteobacteria;Cardiobacteriales;Cardiobacteriaceae	0	0	0	0	0	3
3414707	Psychrobacter sp. 219-2-C	species	cellular organisms;Bacteria;Pseudomonadati;Pseudomonadota;Gammaproteobacteria;Moraxellales;Moraxellaceae;Psychrobacter;unclassified Psychrobacter;Psychrobacter sp. 219-2-C	0	0	0	0	0	15
1336	Streptococcus equi	species	cellular organisms;Bacteria;Bacillati;Bacillota;Bacilli;Lactobacillales;Streptococcaceae;Streptococcus;Streptococcus dysgalactiae group;Streptococcus equi	0	0	0	0	0	1
1608473	Acinetobacter sp. NCu2D-2	species	cellular organisms;Bacteria;Pseudomonadati;Pseudomonadota;Gammaproteobacteria;Moraxellales;Moraxellaceae;Acinetobacter;unclassified Acinetobacter;Acinetobacter sp. NCu2D-2	0	0	0	0	0	1
641	Vibrionaceae	family	cellular organisms;Bacteria;Pseudomonadati;Pseudomonadota;Gammaproteobacteria;Vibrionales;Vibrionaceae	0	0	0	0	0	1
53431	Nocardia salmonicida	species	cellular organisms;Bacteria;Bacillati;Actinomycetota;Actinomycetes;Mycobacteriales;Nocardiaceae;Nocardia;Nocardia salmonicida	0	0	0	0	0	3
858422	Bradyrhizobium sp. CCBAU 051011	species	cellular organisms;Bacteria;Pseudomonadati;Pseudomonadota;Alphaproteobacteria;Hyphomicrobiales;Nitrobacteraceae;Bradyrhizobium;unclassified Bradyrhizobium;Bradyrhizobium sp. CCBAU 051011	0	0	0	0	0	1
364410	Granulibacter bethesdensis	species	cellular organisms;Bacteria;Pseudomonadati;Pseudomonadota;Alphaproteobacteria;Acetobacterales;Acetobacteraceae;Granulibacter;Granulibacter bethesdensis	0	0	0	0	0	1
1395951	Pararhizobium gei	species	cellular organisms;Bacteria;Pseudomonadati;Pseudomonadota;Alphaproteobacteria;Hyphomicrobiales;Rhizobiaceae;Rhizobium/Agrobacterium group;Pararhizobium;Pararhizobium gei	0	0	0	0	0	1
251701	Pseudomonas syringae group genomosp. 3	species	cellular organisms;Bacteria;Pseudomonadati;Pseudomonadota;Gammaproteobacteria;Pseudomonadales;Pseudomonadaceae;Pseudomonas;Pseudomonas syringae group;Pseudomonas syringae group genomosp. 3	0	0	0	0	0	1
3434353	Streptococcus sp. KHUD_014	species	cellular organisms;Bacteria;Bacillati;Bacillota;Bacilli;Lactobacillales;Streptococcaceae;Streptococcus;unclassified Streptococcus;Streptococcus sp. KHUD_014	0	0	0	0	0	2
1642	Listeria innocua	species	cellular organisms;Bacteria;Bacillati;Bacillota;Bacilli;Bacillales;Listeriaceae;Listeria;Listeria innocua	0	0	0	0	0	3
1345115	Candidatus Hartigia pinicola	species	cellular organisms;Bacteria;Pseudomonadati;Pseudomonadota;Gammaproteobacteria;Enterobacterales;Enterobacteriaceae;Enterobacteriaceae incertae sedis;ant, tsetse, mealybug, aphid, etc. endosymbionts;Candidatus Hartigia;Candidatus Hartigia pinicola	0	0	0	0	0	1
604088	Qipengyuania nanhaisediminis	species	cellular organisms;Bacteria;Pseudomonadati;Pseudomonadota;Alphaproteobacteria;Sphingomonadales;Erythrobacteraceae;Qipengyuania;Qipengyuania nanhaisediminis	0	0	0	0	0	1
2895509	Metamycoplasma	genus	cellular organisms;Bacteria;Bacillati;Mycoplasmatota;Mycoplasmoidales;Metamycoplasmataceae;Metamycoplasma	0	0	0	0	0	1
2762322	Variovorax sp. PAMC26660	species	cellular organisms;Bacteria;Pseudomonadati;Pseudomonadota;Betaproteobacteria;Burkholderiales;Comamonadaceae;Variovorax;unclassified Variovorax;Variovorax sp. PAMC26660	0	0	0	0	0	2
2211638	Limimaricola	genus	cellular organisms;Bacteria;Pseudomonadati;Pseudomonadota;Alphaproteobacteria;Rhodobacterales;Paracoccaceae;Limimaricola	0	0	0	0	0	1
1524260	Polaribacter marinivivus	species	cellular organisms;Bacteria;Pseudomonadati;FCB group;Bacteroidota/Chlorobiota group;Bacteroidota;Flavobacteriia;Flavobacteriales;Flavobacteriaceae;Polaribacter;Polaribacter marinivivus	0	0	0	0	0	1
362534	Kordiimonadales	order	cellular organisms;Bacteria;Pseudomonadati;Pseudomonadota;Alphaproteobacteria;Kordiimonadales	0	0	0	0	0	1
2668067	Marinobacterium sp. LSUCC0821	species	cellular organisms;Bacteria;Pseudomonadati;Pseudomonadota;Gammaproteobacteria;Oceanospirillales;Oceanospirillaceae;Marinobacterium;unclassified Marinobacterium;Marinobacterium sp. LSUCC0821	0	0	0	0	0	1
1144748	Kangiella sediminilitoris	species	cellular organisms;Bacteria;Pseudomonadati;Pseudomonadota;Gammaproteobacteria;Kangiellales;Kangiellaceae;Kangiella;Kangiella sediminilitoris	0	0	0	0	0	1
320324	Formosa agariphila	species	cellular organisms;Bacteria;Pseudomonadati;FCB group;Bacteroidota/Chlorobiota group;Bacteroidota;Flavobacteriia;Flavobacteriales;Flavobacteriaceae;Formosa;Formosa agariphila	0	0	0	0	0	1
317	Pseudomonas syringae	species	cellular organisms;Bacteria;Pseudomonadati;Pseudomonadota;Gammaproteobacteria;Pseudomonadales;Pseudomonadaceae;Pseudomonas;Pseudomonas syringae group;Pseudomonas syringae group genomosp. 1;Pseudomonas syringae	0	0	0	0	0	1
2950074	Acinetobacter sp. C32I	species	cellular organisms;Bacteria;Pseudomonadati;Pseudomonadota;Gammaproteobacteria;Moraxellales;Moraxellaceae;Acinetobacter;unclassified Acinetobacter;Acinetobacter sp. C32I	0	0	0	0	0	3
85698	Achromobacter xylosoxidans	species	cellular organisms;Bacteria;Pseudomonadati;Pseudomonadota;Betaproteobacteria;Burkholderiales;Alcaligenaceae;Achromobacter;Achromobacter xylosoxidans	0	0	0	0	0	1
3241169	Marinomonas sp. RS-M-Aa-14	species	cellular organisms;Bacteria;Pseudomonadati;Pseudomonadota;Gammaproteobacteria;Oceanospirillales;Oceanospirillaceae;Marinomonas;unclassified Marinomonas;Marinomonas sp. RS-M-Aa-14	0	0	0	0	0	1
2653203	Sphingomonas sp. CL5.1	species	cellular organisms;Bacteria;Pseudomonadati;Pseudomonadota;Alphaproteobacteria;Sphingomonadales;Sphingomonadaceae;Sphingomonas;unclassified Sphingomonas;Sphingomonas sp. CL5.1	0	0	0	0	0	1
929813	Gibbsiella quercinecans	species	cellular organisms;Bacteria;Pseudomonadati;Pseudomonadota;Gammaproteobacteria;Enterobacterales;Yersiniaceae;Gibbsiella;Gibbsiella quercinecans	0	0	0	0	0	2
3406645	Psychrobacter sp. ER1	species	cellular organisms;Bacteria;Pseudomonadati;Pseudomonadota;Gammaproteobacteria;Moraxellales;Moraxellaceae;Psychrobacter;unclassified Psychrobacter;Psychrobacter sp. ER1	0	0	0	0	0	2
288004	Beggiatoa leptomitoformis	species	cellular organisms;Bacteria;Pseudomonadati;Pseudomonadota;Gammaproteobacteria;Thiotrichales;Thiotrichaceae;Beggiatoa;Beggiatoa leptomitoformis	0	0	0	0	0	1
870	Dichelobacter nodosus	species	cellular organisms;Bacteria;Pseudomonadati;Pseudomonadota;Gammaproteobacteria;Cardiobacteriales;Cardiobacteriaceae;Dichelobacter;Dichelobacter nodosus	0	0	0	0	0	9
1296669	Aquabacterium olei	species	cellular organisms;Bacteria;Pseudomonadati;Pseudomonadota;Betaproteobacteria;Burkholderiales;Burkholderiales genera incertae sedis;Aquabacterium;Aquabacterium olei	0	0	0	0	0	1
2681877	Zhurongbacter thermophilus	species	cellular organisms;Bacteria;Pseudomonadati;Zhurongbacterota;Zhurongbacter;Zhurongbacter thermophilus	0	0	0	0	0	1
2576760	Pantoea sp. Nvir	species	cellular organisms;Bacteria;Pseudomonadati;Pseudomonadota;Gammaproteobacteria;Enterobacterales;Erwiniaceae;Pantoea;unclassified Pantoea;Pantoea sp. Nvir	0	0	0	0	0	1
59195	Rickettsiella	genus	cellular organisms;Bacteria;Pseudomonadati;Pseudomonadota;Gammaproteobacteria;Legionellales;Coxiellaceae;Rickettsiella	0	0	0	0	0	1
128574	Paenibacillus brasilensis	species	cellular organisms;Bacteria;Bacillati;Bacillota;Bacilli;Bacillales;Paenibacillaceae;Paenibacillus;Paenibacillus brasilensis	0	0	0	0	0	1
634121	Arsenophonus symbiont of Ornithomya chloropus	species	cellular organisms;Bacteria;Pseudomonadati;Pseudomonadota;Gammaproteobacteria;Enterobacterales;Morganellaceae;Arsenophonus;unclassified Arsenophonus;Arsenophonus symbiont of Ornithomya chloropus	0	0	0	0	0	1
2742	Marinobacter	genus	cellular organisms;Bacteria;Pseudomonadati;Pseudomonadota;Gammaproteobacteria;Pseudomonadales;Marinobacteraceae;Marinobacter	0	0	0	0	0	6
642	Aeromonas	genus	cellular organisms;Bacteria;Pseudomonadati;Pseudomonadota;Gammaproteobacteria;Aeromonadales;Aeromonadaceae;Aeromonas	0	0	0	0	0	1
149698	Massilia	genus	cellular organisms;Bacteria;Pseudomonadati;Pseudomonadota;Betaproteobacteria;Burkholderiales;Oxalobacteraceae;Telluria group;Massilia	0	0	0	0	0	1
2632938	unclassified Aliikangiella	no rank	cellular organisms;Bacteria;Pseudomonadati;Pseudomonadota;Gammaproteobacteria;Oceanospirillales;Pleioneaceae;Aliikangiella;unclassified Aliikangiella	0	0	0	0	0	1
1583	Weissella confusa	species	cellular organisms;Bacteria;Bacillati;Bacillota;Bacilli;Lactobacillales;Lactobacillaceae;Weissella;Weissella confusa	0	0	0	0	0	1
2771012	Wenzhouxiangella sp. AB-CW3	species	cellular organisms;Bacteria;Pseudomonadati;Pseudomonadota;Gammaproteobacteria;Chromatiales;Wenzhouxiangellaceae;Wenzhouxiangella;unclassified Wenzhouxiangella;Wenzhouxiangella sp. AB-CW3	0	0	0	0	0	1
53412	Metapseudomonas resinovorans	species	cellular organisms;Bacteria;Pseudomonadati;Pseudomonadota;Gammaproteobacteria;Pseudomonadales;Pseudomonadaceae;Metapseudomonas;Metapseudomonas resinovorans	0	0	0	0	0	1
1302	Streptococcus gordonii	species	cellular organisms;Bacteria;Bacillati;Bacillota;Bacilli;Lactobacillales;Streptococcaceae;Streptococcus;Streptococcus gordonii	0	0	0	0	0	1
2775404	Mesorhizobium onobrychidis	species	cellular organisms;Bacteria;Pseudomonadati;Pseudomonadota;Alphaproteobacteria;Hyphomicrobiales;Phyllobacteriaceae;Mesorhizobium;Mesorhizobium onobrychidis	0	0	0	0	0	1
29575	Taylorella equigenitalis	species	cellular organisms;Bacteria;Pseudomonadati;Pseudomonadota;Betaproteobacteria;Burkholderiales;Alcaligenaceae;Taylorella;Taylorella equigenitalis	0	0	0	0	0	2
914	Nitrosomonas	genus	cellular organisms;Bacteria;Pseudomonadati;Pseudomonadota;Betaproteobacteria;Nitrosomonadales;Nitrosomonadaceae;Nitrosomonas	0	0	0	0	0	1
563798	Cyclobacteriaceae	family	cellular organisms;Bacteria;Pseudomonadati;FCB group;Bacteroidota/Chlorobiota group;Bacteroidota;Cytophagia;Cytophagales;Cyclobacteriaceae	0	0	0	0	0	1
546160	Dietzia lutea	species	cellular organisms;Bacteria;Bacillati;Actinomycetota;Actinomycetes;Mycobacteriales;Dietziaceae;Dietzia;Dietzia lutea	0	0	0	0	0	1
2740163	Desulfofustis limnaeus	species	cellular organisms;Bacteria;Pseudomonadati;Thermodesulfobacteriota;Desulfobulbia;Desulfobulbales;Desulfocapsaceae;Desulfofustis;Desulfofustis limnaeus	0	0	0	0	0	2
43658	Pseudoalteromonas rubra	species	cellular organisms;Bacteria;Pseudomonadati;Pseudomonadota;Gammaproteobacteria;Alteromonadales;Pseudoalteromonadaceae;Pseudoalteromonas;Pseudoalteromonas rubra	0	0	0	0	0	1
933	Thiomicrospira	genus	cellular organisms;Bacteria;Pseudomonadati;Pseudomonadota;Gammaproteobacteria;Thiotrichales;Piscirickettsiaceae;Thiomicrospira	0	0	0	0	0	1
2731756	Teredinibacter purpureus	species	cellular organisms;Bacteria;Pseudomonadati;Pseudomonadota;Gammaproteobacteria;Cellvibrionales;Cellvibrionaceae;Teredinibacter;Teredinibacter purpureus	0	0	0	0	0	1
3069689	Tunturiibacter gelidiferens	species	cellular organisms;Bacteria;Pseudomonadati;Acidobacteriota;Terriglobia;Terriglobales;Acidobacteriaceae;Tunturiibacter;Tunturiibacter gelidiferens	0	0	0	0	0	1
2200830	Orthopoxvirus akhmetapox	species	Viruses;Varidnaviria;Bamfordvirae;Nucleocytoviricota;Pokkesviricetes;Chitovirales;Poxviridae;Chordopoxvirinae;Orthopoxvirus;Orthopoxvirus akhmetapox	0	0	0	0	0	1
106648	Acinetobacter bereziniae	species	cellular organisms;Bacteria;Pseudomonadati;Pseudomonadota;Gammaproteobacteria;Moraxellales;Moraxellaceae;Acinetobacter;Acinetobacter bereziniae	0	0	0	0	0	1
84566	Sphingobacteriaceae	family	cellular organisms;Bacteria;Pseudomonadati;FCB group;Bacteroidota/Chlorobiota group;Bacteroidota;Sphingobacteriia;Sphingobacteriales;Sphingobacteriaceae	0	0	0	0	0	1
1598	Limosilactobacillus reuteri	species	cellular organisms;Bacteria;Bacillati;Bacillota;Bacilli;Lactobacillales;Lactobacillaceae;Limosilactobacillus;Limosilactobacillus reuteri	0	0	0	0	0	1
1392	Bacillus anthracis	species	cellular organisms;Bacteria;Bacillati;Bacillota;Bacilli;Bacillales;Bacillaceae;Bacillus;Bacillus cereus group;Bacillus anthracis	0	0	0	0	0	3
94624	Bordetella petrii	species	cellular organisms;Bacteria;Pseudomonadati;Pseudomonadota;Betaproteobacteria;Burkholderiales;Alcaligenaceae;Bordetella;Bordetella petrii	0	0	0	0	0	1
940550	Gilvimarinus	genus	cellular organisms;Bacteria;Pseudomonadati;Pseudomonadota;Gammaproteobacteria;Cellvibrionales;Cellvibrionaceae;Gilvimarinus	0	0	0	0	0	1
262	Francisella	genus	cellular organisms;Bacteria;Pseudomonadati;Pseudomonadota;Gammaproteobacteria;Thiotrichales;Francisellaceae;Francisella	0	0	0	0	0	1
197653	Anabaena azotica	species	cellular organisms;Bacteria;Bacillati;Cyanobacteriota/Melainabacteria group;Cyanobacteriota;Cyanophyceae;Nostocales;Nostocaceae;Anabaena;Anabaena azotica	0	0	0	0	0	1
10	Cellvibrio	genus	cellular organisms;Bacteria;Pseudomonadati;Pseudomonadota;Gammaproteobacteria;Cellvibrionales;Cellvibrionaceae;Cellvibrio	0	0	0	0	0	1
538	Eikenella	genus	cellular organisms;Bacteria;Pseudomonadati;Pseudomonadota;Betaproteobacteria;Neisseriales;Neisseriaceae;Eikenella	0	0	0	0	0	1
1795832	Eikenella halliae	species	cellular organisms;Bacteria;Pseudomonadati;Pseudomonadota;Betaproteobacteria;Neisseriales;Neisseriaceae;Eikenella;Eikenella halliae	0	0	0	0	0	1
1415568	Marinobacter sp. LV10R510-11A	species	cellular organisms;Bacteria;Pseudomonadati;Pseudomonadota;Gammaproteobacteria;Pseudomonadales;Marinobacteraceae;Marinobacter;unclassified Marinobacter;Marinobacter sp. LV10R510-11A	0	0	0	0	0	1
75697	Castellaniella defragrans	species	cellular organisms;Bacteria;Pseudomonadati;Pseudomonadota;Betaproteobacteria;Burkholderiales;Alcaligenaceae;Castellaniella;Castellaniella defragrans	0	0	0	0	0	2
2685287	unclassified Avibacterium	no rank	cellular organisms;Bacteria;Pseudomonadati;Pseudomonadota;Gammaproteobacteria;Pasteurellales;Pasteurellaceae;Avibacterium;unclassified Avibacterium	0	0	0	0	0	1
516075	Providencia sneebia	species	cellular organisms;Bacteria;Pseudomonadati;Pseudomonadota;Gammaproteobacteria;Enterobacterales;Morganellaceae;Providencia;Providencia sneebia	0	0	0	0	0	1
2598453	Streptococcus sp. 116-D4	species	cellular organisms;Bacteria;Bacillati;Bacillota;Bacilli;Lactobacillales;Streptococcaceae;Streptococcus;unclassified Streptococcus;Streptococcus sp. 116-D4	0	0	0	0	0	2
564369	Luteibacter anthropi	species	cellular organisms;Bacteria;Pseudomonadati;Pseudomonadota;Gammaproteobacteria;Lysobacterales;Rhodanobacteraceae;Luteibacter;Luteibacter anthropi	0	0	0	0	0	1
2937864	Kushneria sp. AK178	species	cellular organisms;Bacteria;Pseudomonadati;Pseudomonadota;Gammaproteobacteria;Oceanospirillales;Halomonadaceae;Kushneria;unclassified Kushneria;Kushneria sp. AK178	0	0	0	0	0	1
155077	Cellvibrio japonicus	species	cellular organisms;Bacteria;Pseudomonadati;Pseudomonadota;Gammaproteobacteria;Cellvibrionales;Cellvibrionaceae;Cellvibrio;Cellvibrio japonicus	0	0	0	0	0	2
1796469	Gilvimarinus japonicus	species	cellular organisms;Bacteria;Pseudomonadati;Pseudomonadota;Gammaproteobacteria;Cellvibrionales;Cellvibrionaceae;Gilvimarinus;Gilvimarinus japonicus	0	0	0	0	0	1
2847045	Geoalkalibacter halelectricus	species	cellular organisms;Bacteria;Pseudomonadati;Thermodesulfobacteriota;Desulfuromonadia;Desulfuromonadales;Geoalkalibacteraceae;Geoalkalibacter;Geoalkalibacter halelectricus	0	0	0	0	0	1
3465833	Halomonas sp. LS-001	species	cellular organisms;Bacteria;Pseudomonadati;Pseudomonadota;Gammaproteobacteria;Oceanospirillales;Halomonadaceae;Halomonas;unclassified Halomonas;Halomonas sp. LS-001	0	0	0	0	0	1
2824158	Aquirhabdus	genus	cellular organisms;Bacteria;Pseudomonadati;Pseudomonadota;Gammaproteobacteria;Moraxellales;Moraxellaceae;Aquirhabdus	0	0	0	0	0	1
1699623	Psychrobacter sp. P11G3	species	cellular organisms;Bacteria;Pseudomonadati;Pseudomonadota;Gammaproteobacteria;Moraxellales;Moraxellaceae;Psychrobacter;unclassified Psychrobacter;Psychrobacter sp. P11G3	0	0	0	0	0	2
1737490	Agarilytica rhodophyticola	species	cellular organisms;Bacteria;Pseudomonadati;Pseudomonadota;Gammaproteobacteria;Cellvibrionales;Cellvibrionaceae;Agarilytica;Agarilytica rhodophyticola	0	0	0	0	0	2
1346287	Halomonas sp. A3H3	species	cellular organisms;Bacteria;Pseudomonadati;Pseudomonadota;Gammaproteobacteria;Oceanospirillales;Halomonadaceae;Halomonas;unclassified Halomonas;Halomonas sp. A3H3	0	0	0	0	0	2
2070759	Bacillus sp. MBGLi79	species	cellular organisms;Bacteria;Bacillati;Bacillota;Bacilli;Bacillales;Bacillaceae;Bacillus;unclassified Bacillus (in: firmicutes);Bacillus sp. MBGLi79	0	0	0	0	0	1
2924031	Salipaludibacillus sp. LMS25	species	cellular organisms;Bacteria;Bacillati;Bacillota;Bacilli;Bacillales;Bacillaceae;Salipaludibacillus;unclassified Salipaludibacillus;Salipaludibacillus sp. LMS25	0	0	0	0	0	1
113	Gemmata	genus	cellular organisms;Bacteria;Pseudomonadati;PVC group;Planctomycetota;Planctomycetia;Gemmatales;Gemmataceae;Gemmata	0	0	0	0	0	1
1796652	Turicimonas muris	species	cellular organisms;Bacteria;Pseudomonadati;Pseudomonadota;Betaproteobacteria;Burkholderiales;Sutterellaceae;Turicimonas;Turicimonas muris	0	0	0	0	0	1
203491	Fusobacteriales	order	cellular organisms;Bacteria;Fusobacteriati;Fusobacteriota;Fusobacteriia;Fusobacteriales	0	0	0	0	0	2
33923	Mycoplasmopsis felis	species	cellular organisms;Bacteria;Bacillati;Mycoplasmatota;Mycoplasmoidales;Metamycoplasmataceae;Mycoplasmopsis;Mycoplasmopsis felis	0	0	0	0	0	1
363952	Comamonas thiooxydans	species	cellular organisms;Bacteria;Pseudomonadati;Pseudomonadota;Betaproteobacteria;Burkholderiales;Comamonadaceae;Comamonas;Comamonas thiooxydans	0	0	0	0	0	1
51288	Kluyvera ascorbata	species	cellular organisms;Bacteria;Pseudomonadati;Pseudomonadota;Gammaproteobacteria;Enterobacterales;Enterobacteriaceae;Kluyvera;Kluyvera ascorbata	0	0	0	0	0	1
520	Bordetella pertussis	species	cellular organisms;Bacteria;Pseudomonadati;Pseudomonadota;Betaproteobacteria;Burkholderiales;Alcaligenaceae;Bordetella;Bordetella pertussis	0	0	0	0	0	1
2652177	Pelistega ratti	species	cellular organisms;Bacteria;Pseudomonadati;Pseudomonadota;Betaproteobacteria;Burkholderiales;Alcaligenaceae;Pelistega;Pelistega ratti	0	0	0	0	0	2
2778876	Methyloradius palustris	species	cellular organisms;Bacteria;Pseudomonadati;Pseudomonadota;Betaproteobacteria;Nitrosomonadales;Methylophilaceae;Methyloradius;Methyloradius palustris	0	0	0	0	0	1
2621516	unclassified Pasteurella	no rank	cellular organisms;Bacteria;Pseudomonadati;Pseudomonadota;Gammaproteobacteria;Pasteurellales;Pasteurellaceae;Pasteurella;unclassified Pasteurella	0	0	0	0	0	1
1914248	Motilimonas	genus	cellular organisms;Bacteria;Pseudomonadati;Pseudomonadota;Gammaproteobacteria;Alteromonadales;Alteromonadales genera incertae sedis;Motilimonas	0	0	0	0	0	1
214888	Williamsoniiplasma luminosum	species	cellular organisms;Bacteria;Bacillati;Mycoplasmatota;Mollicutes;Entomoplasmatales;Williamsoniiplasma;Williamsoniiplasma luminosum	0	0	0	0	0	1
50741	Marinobacter sp.	species	cellular organisms;Bacteria;Pseudomonadati;Pseudomonadota;Gammaproteobacteria;Pseudomonadales;Marinobacteraceae;Marinobacter;unclassified Marinobacter;Marinobacter sp.	0	0	0	0	0	2
3149179	Oryzobacter telluris	species	cellular organisms;Bacteria;Bacillati;Actinomycetota;Actinomycetes;Micrococcales;Intrasporangiaceae;Oryzobacter;Oryzobacter telluris	0	0	0	0	0	2
1378	Gemella	genus	cellular organisms;Bacteria;Bacillati;Bacillota;Bacilli;Bacillales;Gemellaceae;Gemella	0	0	0	0	0	1
3231487	Comamonas sp. GB3 AK4-5	species	cellular organisms;Bacteria;Pseudomonadati;Pseudomonadota;Betaproteobacteria;Burkholderiales;Comamonadaceae;Comamonas;unclassified Comamonas;Comamonas sp. GB3 AK4-5	0	0	0	0	0	2
1792846	Lysobacter firmicutimachus	species	cellular organisms;Bacteria;Pseudomonadati;Pseudomonadota;Gammaproteobacteria;Lysobacterales;Lysobacteraceae;Lysobacter;Lysobacter firmicutimachus	0	0	0	0	0	1
1783257	PVC group	clade	cellular organisms;Bacteria;Pseudomonadati;PVC group	0	0	0	0	0	2
657	Photobacterium	genus	cellular organisms;Bacteria;Pseudomonadati;Pseudomonadota;Gammaproteobacteria;Vibrionales;Vibrionaceae;Photobacterium	0	0	0	0	0	1
261963	Kangiella	genus	cellular organisms;Bacteria;Pseudomonadati;Pseudomonadota;Gammaproteobacteria;Kangiellales;Kangiellaceae;Kangiella	0	0	0	0	0	1
2709380	Starkeya sp. ORNL1	species	cellular organisms;Bacteria;Pseudomonadati;Pseudomonadota;Alphaproteobacteria;Hyphomicrobiales;Xanthobacteraceae;Starkeya;unclassified Starkeya;Starkeya sp. ORNL1	0	0	0	0	0	1
47885	Pseudomonas oryzihabitans	species	cellular organisms;Bacteria;Pseudomonadati;Pseudomonadota;Gammaproteobacteria;Pseudomonadales;Pseudomonadaceae;Pseudomonas;Pseudomonas putida group;Pseudomonas oryzihabitans	0	0	0	0	0	2
2760307	Paracoccus sp. MC1862	species	cellular organisms;Bacteria;Pseudomonadati;Pseudomonadota;Alphaproteobacteria;Rhodobacterales;Paracoccaceae;Paracoccus;unclassified Paracoccus (in: a-proteobacteria);Paracoccus sp. MC1862	0	0	0	0	0	1
138072	Candidatus Williamhamiltonella defendens	species	cellular organisms;Bacteria;Pseudomonadati;Pseudomonadota;Gammaproteobacteria;Enterobacterales;Enterobacteriaceae;Enterobacteriaceae incertae sedis;ant, tsetse, mealybug, aphid, etc. endosymbionts;aphid secondary symbionts;Candidatus Williamhamiltonella;Candidatus Williamhamiltonella defendens	0	0	0	0	0	2
196818	unclassified Shewanella	no rank	cellular organisms;Bacteria;Pseudomonadati;Pseudomonadota;Gammaproteobacteria;Alteromonadales;Shewanellaceae;Shewanella;unclassified Shewanella	0	0	0	0	0	1
2487118	Intestinibaculum porci	species	cellular organisms;Bacteria;Bacillati;Bacillota;Erysipelotrichia;Erysipelotrichales;Erysipelotrichaceae;Intestinibaculum;Intestinibaculum porci	0	0	0	0	0	1
518	Bordetella bronchiseptica	species	cellular organisms;Bacteria;Pseudomonadati;Pseudomonadota;Betaproteobacteria;Burkholderiales;Alcaligenaceae;Bordetella;Bordetella bronchiseptica	0	0	0	0	0	1
13075	Globicatella	genus	cellular organisms;Bacteria;Bacillati;Bacillota;Bacilli;Lactobacillales;Aerococcaceae;Globicatella	0	0	0	0	0	1
28187	Acetohalobium arabaticum	species	cellular organisms;Bacteria;Bacillati;Bacillota;Clostridia;Halanaerobiales;Halobacteroidaceae;Acetohalobium;Acetohalobium arabaticum	0	0	0	0	0	1
1016	Capnocytophaga	genus	cellular organisms;Bacteria;Pseudomonadati;FCB group;Bacteroidota/Chlorobiota group;Bacteroidota;Flavobacteriia;Flavobacteriales;Flavobacteriaceae;Capnocytophaga	0	0	0	0	0	1
1522312	Kingella negevensis	species	cellular organisms;Bacteria;Pseudomonadati;Pseudomonadota;Betaproteobacteria;Neisseriales;Neisseriaceae;Kingella;Kingella negevensis	0	0	0	0	0	3
92945	Ketogulonicigenium vulgare	species	cellular organisms;Bacteria;Pseudomonadati;Pseudomonadota;Alphaproteobacteria;Rhodobacterales;Roseobacteraceae;Ketogulonicigenium;Ketogulonicigenium vulgare	0	0	0	0	0	2
1182444	Fulvitalea axinellae	species	cellular organisms;Bacteria;Pseudomonadati;FCB group;Bacteroidota/Chlorobiota group;Bacteroidota;Cytophagia;Cytophagales;Persicobacteraceae;Fulvitalea;Fulvitalea axinellae	0	0	0	0	0	1
39643	Sorangium	genus	cellular organisms;Bacteria;Pseudomonadati;Myxococcota;Polyangia;Polyangiales;Polyangiaceae;Sorangium	0	0	0	0	0	1
28907	Caedibacter taeniospiralis	species	cellular organisms;Bacteria;Pseudomonadati;Pseudomonadota;Gammaproteobacteria;Thiotrichales;Fastidiosibacteraceae;Caedibacter;Caedibacter taeniospiralis	0	0	0	0	0	1
55209	Pantoea cypripedii	species	cellular organisms;Bacteria;Pseudomonadati;Pseudomonadota;Gammaproteobacteria;Enterobacterales;Erwiniaceae;Pantoea;Pantoea cypripedii	0	0	0	0	0	2
2740807	Aquisalimonas sp. 2447	species	cellular organisms;Bacteria;Pseudomonadati;Pseudomonadota;Gammaproteobacteria;Chromatiales;Ectothiorhodospiraceae;Aquisalimonas;unclassified Aquisalimonas;Aquisalimonas sp. 2447	0	0	0	0	0	1
194924	Desulfovibrionaceae	family	cellular organisms;Bacteria;Pseudomonadati;Thermodesulfobacteriota;Desulfovibrionia;Desulfovibrionales;Desulfovibrionaceae	0	0	0	0	0	1
2053287	Acinetobacter pseudolwoffii	species	cellular organisms;Bacteria;Pseudomonadati;Pseudomonadota;Gammaproteobacteria;Moraxellales;Moraxellaceae;Acinetobacter;Acinetobacter pseudolwoffii	0	0	0	0	0	2
2909669	Simiduia sp. 21SJ11W-1	species	cellular organisms;Bacteria;Pseudomonadati;Pseudomonadota;Gammaproteobacteria;Cellvibrionales;Cellvibrionaceae;Simiduia;unclassified Simiduia;Simiduia sp. 21SJ11W-1	0	0	0	0	0	1
2951085	Aminobacter sp. MET-1	species	cellular organisms;Bacteria;Pseudomonadati;Pseudomonadota;Alphaproteobacteria;Hyphomicrobiales;Phyllobacteriaceae;Aminobacter;unclassified Aminobacter;Aminobacter sp. MET-1	0	0	0	0	0	1
2709396	Neisseria yangbaofengii	species	cellular organisms;Bacteria;Pseudomonadati;Pseudomonadota;Betaproteobacteria;Neisseriales;Neisseriaceae;Neisseria;Neisseria yangbaofengii	0	0	0	0	0	4
168808	Sneathia	genus	cellular organisms;Bacteria;Fusobacteriati;Fusobacteriota;Fusobacteriia;Fusobacteriales;Leptotrichiaceae;Sneathia	0	0	0	0	0	1
2283318	Aquirhabdus parva	species	cellular organisms;Bacteria;Pseudomonadati;Pseudomonadota;Gammaproteobacteria;Moraxellales;Moraxellaceae;Aquirhabdus;Aquirhabdus parva	0	0	0	0	0	2
1032623	Otariodibacter oris	species	cellular organisms;Bacteria;Pseudomonadati;Pseudomonadota;Gammaproteobacteria;Pasteurellales;Pasteurellaceae;Otariodibacter;Otariodibacter oris	0	0	0	0	0	1
3068324	Stenotrophomonas sp. 24(2023)	species	cellular organisms;Bacteria;Pseudomonadati;Pseudomonadota;Gammaproteobacteria;Lysobacterales;Lysobacteraceae;Stenotrophomonas;unclassified Stenotrophomonas;Stenotrophomonas sp. 24(2023)	0	0	0	0	0	1
1432056	Mannheimia sp. USDA-ARS-USMARC-1261	species	cellular organisms;Bacteria;Pseudomonadati;Pseudomonadota;Gammaproteobacteria;Pasteurellales;Pasteurellaceae;Mannheimia;unclassified Mannheimia;Mannheimia sp. USDA-ARS-USMARC-1261	0	0	0	0	0	2
3679867	Bordetella sp. 2513F-2	species	cellular organisms;Bacteria;Pseudomonadati;Pseudomonadota;Betaproteobacteria;Burkholderiales;Alcaligenaceae;Bordetella;unclassified Bordetella;Bordetella sp. 2513F-2	0	0	0	0	0	1
2812896	Leptolyngbya sp. 7M	species	cellular organisms;Bacteria;Bacillati;Cyanobacteriota/Melainabacteria group;Cyanobacteriota;Cyanophyceae;Leptolyngbyales;Leptolyngbyaceae;Leptolyngbya group;Leptolyngbya;unclassified Leptolyngbya;Leptolyngbya sp. 7M	0	0	0	0	0	1
208602	Nocardia puris	species	cellular organisms;Bacteria;Bacillati;Actinomycetota;Actinomycetes;Mycobacteriales;Nocardiaceae;Nocardia;Nocardia puris	0	0	0	0	0	3
574976	Holophagaceae	family	cellular organisms;Bacteria;Pseudomonadati;Acidobacteriota;Holophagae;Holophagales;Holophagaceae	0	0	0	0	0	2
521720	Denitrificimonas caeni	species	cellular organisms;Bacteria;Pseudomonadati;Pseudomonadota;Gammaproteobacteria;Pseudomonadales;Pseudomonadaceae;Denitrificimonas;Denitrificimonas caeni	0	0	0	0	0	1
2034517	Larkinella sp.	species	cellular organisms;Bacteria;Pseudomonadati;FCB group;Bacteroidota/Chlorobiota group;Bacteroidota;Cytophagia;Cytophagales;Spirosomataceae;Larkinella;unclassified Larkinella;Larkinella sp.	0	0	0	0	0	1
267890	Shewanellaceae	family	cellular organisms;Bacteria;Pseudomonadati;Pseudomonadota;Gammaproteobacteria;Alteromonadales;Shewanellaceae	0	0	0	0	0	1
3384240	Dyella sp. 20L07	species	cellular organisms;Bacteria;Pseudomonadati;Pseudomonadota;Gammaproteobacteria;Lysobacterales;Rhodanobacteraceae;Dyella;unclassified Dyella;Dyella sp. 20L07	0	0	0	0	0	1
2917691	Deinococcus sp. KNUC1210	species	cellular organisms;Bacteria;Thermotogati;Deinococcota;Deinococci;Deinococcales;Deinococcaceae;Deinococcus;unclassified Deinococcus;Deinococcus sp. KNUC1210	0	0	0	0	0	1
657387	Kushneria phosphatilytica	species	cellular organisms;Bacteria;Pseudomonadati;Pseudomonadota;Gammaproteobacteria;Oceanospirillales;Halomonadaceae;Kushneria;Kushneria phosphatilytica	0	0	0	0	0	1
680	Vibrio campbellii	species	cellular organisms;Bacteria;Pseudomonadati;Pseudomonadota;Gammaproteobacteria;Vibrionales;Vibrionaceae;Vibrio;Vibrio harveyi group;Vibrio campbellii	0	0	0	0	0	2
13366	Brettanomyces	genus	cellular organisms;Eukaryota;Opisthokonta;Fungi;Dikarya;Ascomycota;saccharomyceta;Saccharomycotina;Pichiomycetes;Pichiales;Pichiaceae;Brettanomyces	0	0	0	0	0	1
2021234	Ahniella affigens	species	cellular organisms;Bacteria;Pseudomonadati;Pseudomonadota;Gammaproteobacteria;Lysobacterales;Rhodanobacteraceae;Ahniella;Ahniella affigens	0	0	0	0	0	1
507	Alcaligenes	genus	cellular organisms;Bacteria;Pseudomonadati;Pseudomonadota;Betaproteobacteria;Burkholderiales;Alcaligenaceae;Alcaligenes	0	0	0	0	0	1
122277	Pectobacterium	genus	cellular organisms;Bacteria;Pseudomonadati;Pseudomonadota;Gammaproteobacteria;Enterobacterales;Pectobacteriaceae;Pectobacterium	0	0	0	0	0	1
615	Serratia marcescens	species	cellular organisms;Bacteria;Pseudomonadati;Pseudomonadota;Gammaproteobacteria;Enterobacterales;Yersiniaceae;Serratia;Serratia marcescens	0	0	0	0	0	1
1325095	Bradyrhizobium guangzhouense	species	cellular organisms;Bacteria;Pseudomonadati;Pseudomonadota;Alphaproteobacteria;Hyphomicrobiales;Nitrobacteraceae;Bradyrhizobium;Bradyrhizobium guangzhouense	0	0	0	0	0	1
40214	Acinetobacter johnsonii	species	cellular organisms;Bacteria;Pseudomonadati;Pseudomonadota;Gammaproteobacteria;Moraxellales;Moraxellaceae;Acinetobacter;Acinetobacter johnsonii	0	0	0	0	0	1
2628974	unclassified Alishewanella	no rank	cellular organisms;Bacteria;Pseudomonadati;Pseudomonadota;Gammaproteobacteria;Alteromonadales;Alteromonadaceae;Alishewanella;unclassified Alishewanella	0	0	0	0	0	1
3405120	Candidiatus Paracoxiella cheracis	species	cellular organisms;Bacteria;Pseudomonadati;Pseudomonadota;Gammaproteobacteria;Legionellales;Coxiellaceae;Candidiatus Paracoxiella;Candidiatus Paracoxiella cheracis	0	0	0	0	0	1
153137	Epsilonretrovirus	genus	Viruses;Riboviria;Pararnavirae;Artverviricota;Revtraviricetes;Ortervirales;Retroviridae;Orthoretrovirinae;Epsilonretrovirus	0	0	0	0	0	1
2930213	Entomomonas sp. E2T0	species	cellular organisms;Bacteria;Pseudomonadati;Pseudomonadota;Gammaproteobacteria;Pseudomonadales;Pseudomonadaceae;Entomomonas;unclassified Entomomonas;Entomomonas sp. E2T0	0	0	0	0	0	2
640030	Neisseria zalophi	species	cellular organisms;Bacteria;Pseudomonadati;Pseudomonadota;Betaproteobacteria;Neisseriales;Neisseriaceae;Neisseria;Neisseria zalophi	0	0	0	0	0	1
2587163	Oceanicola sp. D3	species	cellular organisms;Bacteria;Pseudomonadati;Pseudomonadota;Alphaproteobacteria;Rhodobacterales;Roseobacteraceae;Oceanicola;unclassified Oceanicola;Oceanicola sp. D3	0	0	0	0	0	1
2585118	Alistipes communis	species	cellular organisms;Bacteria;Pseudomonadati;FCB group;Bacteroidota/Chlorobiota group;Bacteroidota;Bacteroidia;Bacteroidales;Rikenellaceae;Alistipes;Alistipes communis	0	0	0	0	0	1
495	Neisseria elongata	species	cellular organisms;Bacteria;Pseudomonadati;Pseudomonadota;Betaproteobacteria;Neisseriales;Neisseriaceae;Neisseria;Neisseria elongata	0	0	0	0	0	1
1871076	Flavobacterium azooxidireducens	species	cellular organisms;Bacteria;Pseudomonadati;FCB group;Bacteroidota/Chlorobiota group;Bacteroidota;Flavobacteriia;Flavobacteriales;Flavobacteriaceae;Flavobacterium;Flavobacterium azooxidireducens	0	0	0	0	0	1
3158171	Marinobacter sp. RI1	species	cellular organisms;Bacteria;Pseudomonadati;Pseudomonadota;Gammaproteobacteria;Pseudomonadales;Marinobacteraceae;Marinobacter;unclassified Marinobacter;Marinobacter sp. RI1	0	0	0	0	0	1
2818505	Myxococcota	phylum	cellular organisms;Bacteria;Pseudomonadati;Myxococcota	0	0	0	0	0	2
3454464	Aeoliella sp. SH292	species	cellular organisms;Bacteria;Pseudomonadati;PVC group;Planctomycetota;Planctomycetia;Pirellulales;Lacipirellulaceae;Aeoliella;unclassified Aeoliella;Aeoliella sp. SH292	0	0	0	0	0	1
1653831	Blattabacterium cuenoti	species	cellular organisms;Bacteria;Pseudomonadati;FCB group;Bacteroidota/Chlorobiota group;Bacteroidota;Flavobacteriia;Flavobacteriales;Blattabacteriaceae;Blattabacterium;Blattabacterium cuenoti	0	0	0	0	0	1
3069691	Tunturiibacter empetritectus	species	cellular organisms;Bacteria;Pseudomonadati;Acidobacteriota;Terriglobia;Terriglobales;Acidobacteriaceae;Tunturiibacter;Tunturiibacter empetritectus	0	0	0	0	0	1
379064	Cyanobacterium aponinum	species	cellular organisms;Bacteria;Bacillati;Cyanobacteriota/Melainabacteria group;Cyanobacteriota;Cyanophyceae;Oscillatoriophycideae;Chroococcales;Geminocystaceae;Cyanobacterium;Cyanobacterium aponinum	0	0	0	0	0	1
2901164	Stutzerimonas	genus	cellular organisms;Bacteria;Pseudomonadati;Pseudomonadota;Gammaproteobacteria;Pseudomonadales;Pseudomonadaceae;Stutzerimonas	0	0	0	0	0	1
48073	Microbulbifer	genus	cellular organisms;Bacteria;Pseudomonadati;Pseudomonadota;Gammaproteobacteria;Cellvibrionales;Microbulbiferaceae;Microbulbifer	0	0	0	0	0	4
1867846	Legionella clemsonensis	species	cellular organisms;Bacteria;Pseudomonadati;Pseudomonadota;Gammaproteobacteria;Legionellales;Legionellaceae;Legionella;Legionella clemsonensis	0	0	0	0	0	1
2810070	Acinetobacter sp. Colony158	species	cellular organisms;Bacteria;Pseudomonadati;Pseudomonadota;Gammaproteobacteria;Moraxellales;Moraxellaceae;Acinetobacter;unclassified Acinetobacter;Acinetobacter sp. Colony158	0	0	0	0	0	1
114186	Candidatus Carsonella ruddii	species	cellular organisms;Bacteria;Pseudomonadati;Pseudomonadota;Gammaproteobacteria;Oceanospirillales;Halomonadaceae;Zymobacter group;Candidatus Carsonella;Candidatus Carsonella ruddii	0	0	0	0	0	1
2862870	Salinarchaeum sp. IM2453	species	cellular organisms;Archaea;Methanobacteriati;Methanobacteriota;Stenosarchaea group;Halobacteria;Halobacteriales;Natronoarchaeaceae;Salinarchaeum;unclassified Salinarchaeum;Salinarchaeum sp. IM2453	0	0	0	0	0	1
1658616	Lentisphaera profundi	species	cellular organisms;Bacteria;Pseudomonadati;PVC group;Lentisphaerota;Lentisphaeria;Lentisphaerales;Lentisphaeraceae;Lentisphaera;Lentisphaera profundi	0	0	0	0	0	1
2609666	unclassified Halomonas	no rank	cellular organisms;Bacteria;Pseudomonadati;Pseudomonadota;Gammaproteobacteria;Oceanospirillales;Halomonadaceae;Halomonas;unclassified Halomonas	0	0	0	0	0	1
75612	Pseudomonas mandelii	species	cellular organisms;Bacteria;Pseudomonadati;Pseudomonadota;Gammaproteobacteria;Pseudomonadales;Pseudomonadaceae;Pseudomonas;Pseudomonas fluorescens group;Pseudomonas mandelii	0	0	0	0	0	1
3142973	Thermohahella caldifontis	species	cellular organisms;Bacteria;Pseudomonadati;Pseudomonadota;Gammaproteobacteria;Oceanospirillales;Hahellaceae;Thermohahella;Thermohahella caldifontis	0	0	0	0	0	1
2731755	Teredinibacter haidensis	species	cellular organisms;Bacteria;Pseudomonadati;Pseudomonadota;Gammaproteobacteria;Cellvibrionales;Cellvibrionaceae;Teredinibacter;Teredinibacter haidensis	0	0	0	0	0	1
666	Vibrio cholerae	species	cellular organisms;Bacteria;Pseudomonadati;Pseudomonadota;Gammaproteobacteria;Vibrionales;Vibrionaceae;Vibrio;Vibrio cholerae	0	0	0	0	0	1
2201356	Pseudomonas sp. 31-12	species	cellular organisms;Bacteria;Pseudomonadati;Pseudomonadota;Gammaproteobacteria;Pseudomonadales;Pseudomonadaceae;Pseudomonas;unclassified Pseudomonas;Pseudomonas sp. 31-12	0	0	0	0	0	1
2730848	Pseudomonas sp. ADAK18	species	cellular organisms;Bacteria;Pseudomonadati;Pseudomonadota;Gammaproteobacteria;Pseudomonadales;Pseudomonadaceae;Pseudomonas;unclassified Pseudomonas;Pseudomonas sp. ADAK18	0	0	0	0	0	1
1789224	Acinetobacter larvae	species	cellular organisms;Bacteria;Pseudomonadati;Pseudomonadota;Gammaproteobacteria;Moraxellales;Moraxellaceae;Acinetobacter;Acinetobacter larvae	0	0	0	0	0	1
31	Myxococcaceae	family	cellular organisms;Bacteria;Pseudomonadati;Myxococcota;Myxococcia;Myxococcales;Cystobacterineae;Myxococcaceae	0	0	0	0	0	1
186801	Clostridia	class	cellular organisms;Bacteria;Bacillati;Bacillota;Clostridia	0	0	0	0	0	1
2744027	Rasiella rasia	species	cellular organisms;Bacteria;Pseudomonadati;FCB group;Bacteroidota/Chlorobiota group;Bacteroidota;Flavobacteriia;Flavobacteriales;Flavobacteriaceae;Rasiella;Rasiella rasia	0	0	0	0	0	1
2008794	Zoogloeaceae	family	cellular organisms;Bacteria;Pseudomonadati;Pseudomonadota;Betaproteobacteria;Rhodocyclales;Zoogloeaceae	0	0	0	0	0	1
2891570	Pseudocitrobacter corydidari	species	cellular organisms;Bacteria;Pseudomonadati;Pseudomonadota;Gammaproteobacteria;Enterobacterales;Enterobacteriaceae;Pseudocitrobacter;Pseudocitrobacter corydidari	0	0	0	0	0	1
2803858	Nocardioides faecalis	species	cellular organisms;Bacteria;Bacillati;Actinomycetota;Actinomycetes;Propionibacteriales;Nocardioidaceae;Nocardioides;Nocardioides faecalis	0	0	0	0	0	1
1234144	Endozoicomonas gorgoniicola	species	cellular organisms;Bacteria;Pseudomonadati;Pseudomonadota;Gammaproteobacteria;Oceanospirillales;Endozoicomonadaceae;Endozoicomonas;Endozoicomonas gorgoniicola	0	0	0	0	0	1
334543	Psychrobacter arcticus	species	cellular organisms;Bacteria;Pseudomonadati;Pseudomonadota;Gammaproteobacteria;Moraxellales;Moraxellaceae;Psychrobacter;Psychrobacter arcticus	0	0	0	0	0	2
2623750	unclassified Neisseria	no rank	cellular organisms;Bacteria;Pseudomonadati;Pseudomonadota;Betaproteobacteria;Neisseriales;Neisseriaceae;Neisseria;unclassified Neisseria	0	0	0	0	0	1
1981157	Traversvirus	genus	Viruses;Duplodnaviria;Heunggongvirae;Uroviricota;Caudoviricetes;Caudoviricetes incertae sedis;Sepvirinae;Traversvirus	0	0	0	0	0	1
1193503	Gilliamella	genus	cellular organisms;Bacteria;Pseudomonadati;Pseudomonadota;Gammaproteobacteria;Orbales;Orbaceae;Gilliamella	0	0	0	0	0	1
55508	Janthinobacterium agaricidamnosum	species	cellular organisms;Bacteria;Pseudomonadati;Pseudomonadota;Betaproteobacteria;Burkholderiales;Oxalobacteraceae;Janthinobacterium;Janthinobacterium agaricidamnosum	0	0	0	0	0	1
1393	Brevibacillus brevis	species	cellular organisms;Bacteria;Bacillati;Bacillota;Bacilli;Bacillales;Paenibacillaceae;Brevibacillus;Brevibacillus brevis	0	0	0	0	0	1
192843	Rhodoferax ferrireducens	species	cellular organisms;Bacteria;Pseudomonadati;Pseudomonadota;Betaproteobacteria;Burkholderiales;Comamonadaceae;Rhodoferax;Rhodoferax ferrireducens	0	0	0	0	0	1
43769	Corynebacterium propinquum	species	cellular organisms;Bacteria;Bacillati;Actinomycetota;Actinomycetes;Mycobacteriales;Corynebacteriaceae;Corynebacterium;Corynebacterium propinquum	0	0	0	0	0	2
1689272	Vitreoscilla massiliensis	species	cellular organisms;Bacteria;Pseudomonadati;Pseudomonadota;Betaproteobacteria;Neisseriales;Neisseriaceae;Vitreoscilla;Vitreoscilla massiliensis	0	0	0	0	0	1
135620	Oceanospirillaceae	family	cellular organisms;Bacteria;Pseudomonadati;Pseudomonadota;Gammaproteobacteria;Oceanospirillales;Oceanospirillaceae	0	0	0	0	0	1
108980	Acinetobacter ursingii	species	cellular organisms;Bacteria;Pseudomonadati;Pseudomonadota;Gammaproteobacteria;Moraxellales;Moraxellaceae;Acinetobacter;Acinetobacter ursingii	0	0	0	0	0	1
61	Vitreoscilla stercoraria	species	cellular organisms;Bacteria;Pseudomonadati;Pseudomonadota;Betaproteobacteria;Neisseriales;Neisseriaceae;Vitreoscilla;Vitreoscilla stercoraria	0	0	0	0	0	1
2562282	Halomonas binhaiensis	species	cellular organisms;Bacteria;Pseudomonadati;Pseudomonadota;Gammaproteobacteria;Oceanospirillales;Halomonadaceae;Halomonas;Halomonas binhaiensis	0	0	0	0	0	2
69710	Treponema vincentii	species	cellular organisms;Bacteria;Pseudomonadati;Spirochaetota;Spirochaetia;Spirochaetales;Treponemataceae;Treponema;Treponema vincentii	0	0	0	0	0	1
1263550	Edwardsiella piscicida	species	cellular organisms;Bacteria;Pseudomonadati;Pseudomonadota;Gammaproteobacteria;Enterobacterales;Hafniaceae;Edwardsiella;Edwardsiella piscicida	0	0	0	0	0	1
2645081	unclassified Ottowia	no rank	cellular organisms;Bacteria;Pseudomonadati;Pseudomonadota;Betaproteobacteria;Burkholderiales;Comamonadaceae;Ottowia;unclassified Ottowia	0	0	0	0	0	1
929	Thermithiobacillus tepidarius	species	cellular organisms;Bacteria;Pseudomonadati;Pseudomonadota;Acidithiobacillia;Acidithiobacillales;Thermithiobacillaceae;Thermithiobacillus;Thermithiobacillus tepidarius	0	0	0	0	0	1
2766526	Salinarimonas sp.	species	cellular organisms;Bacteria;Pseudomonadati;Pseudomonadota;Alphaproteobacteria;Hyphomicrobiales;Salinarimonadaceae;Salinarimonas;unclassified Salinarimonas;Salinarimonas sp.	0	0	0	0	0	1
217	Helicobacter mustelae	species	cellular organisms;Bacteria;Pseudomonadati;Campylobacterota;Epsilonproteobacteria;Campylobacterales;Helicobacteraceae;Helicobacter;Helicobacter mustelae	0	0	0	0	0	1
171284	Mycoplasmopsis cynos	species	cellular organisms;Bacteria;Bacillati;Mycoplasmatota;Mycoplasmoidales;Metamycoplasmataceae;Mycoplasmopsis;Mycoplasmopsis cynos	0	0	0	0	0	1
40323	Stenotrophomonas	genus	cellular organisms;Bacteria;Pseudomonadati;Pseudomonadota;Gammaproteobacteria;Lysobacterales;Lysobacteraceae;Stenotrophomonas	0	0	0	0	0	1
297	Hydrogenophilus thermoluteolus	species	cellular organisms;Bacteria;Pseudomonadati;Pseudomonadota;Hydrogenophilia;Hydrogenophilales;Hydrogenophilaceae;Hydrogenophilus;Hydrogenophilus thermoluteolus	0	0	0	0	0	1
293552	Marinomonas polaris	species	cellular organisms;Bacteria;Pseudomonadati;Pseudomonadota;Gammaproteobacteria;Oceanospirillales;Oceanospirillaceae;Marinomonas;Marinomonas polaris	0	0	0	0	0	1
3080537	Rubellicoccus peritrichatus	species	cellular organisms;Bacteria;Pseudomonadati;PVC group;Verrucomicrobiota;Opitutia;Puniceicoccales;Cerasicoccaceae;Rubellicoccus;Rubellicoccus peritrichatus	0	0	0	0	0	1
2686358	Paraglaciecola sp. L3A3	species	cellular organisms;Bacteria;Pseudomonadati;Pseudomonadota;Gammaproteobacteria;Alteromonadales;Alteromonadaceae;Paraglaciecola;unclassified Paraglaciecola;Paraglaciecola sp. L3A3	0	0	0	0	0	1
2866201	Enterobacter sp. Colony194	species	cellular organisms;Bacteria;Pseudomonadati;Pseudomonadota;Gammaproteobacteria;Enterobacterales;Enterobacteriaceae;Enterobacter;unclassified Enterobacter;Enterobacter sp. Colony194	0	0	0	0	0	1
1183412	Agrobacterium deltae	species	cellular organisms;Bacteria;Pseudomonadati;Pseudomonadota;Alphaproteobacteria;Hyphomicrobiales;Rhizobiaceae;Rhizobium/Agrobacterium group;Agrobacterium;Agrobacterium deltae	0	0	0	0	0	1
2893019	Alcaligenes sp. MMA	species	cellular organisms;Bacteria;Pseudomonadati;Pseudomonadota;Betaproteobacteria;Burkholderiales;Alcaligenaceae;Alcaligenes;unclassified Alcaligenes;Alcaligenes sp. MMA	0	0	0	0	0	1
630	Yersinia enterocolitica	species	cellular organisms;Bacteria;Pseudomonadati;Pseudomonadota;Gammaproteobacteria;Enterobacterales;Yersiniaceae;Yersinia;Yersinia enterocolitica	0	0	0	0	0	1
2636026	unclassified Agarivorans	no rank	cellular organisms;Bacteria;Pseudomonadati;Pseudomonadota;Gammaproteobacteria;Alteromonadales;Alteromonadaceae;Agarivorans;unclassified Agarivorans	0	0	0	0	0	1
1389922	Achromobacter mucicolens	species	cellular organisms;Bacteria;Pseudomonadati;Pseudomonadota;Betaproteobacteria;Burkholderiales;Alcaligenaceae;Achromobacter;Achromobacter mucicolens	0	0	0	0	0	1
2127060	Rhodopirellula sp. P2	species	cellular organisms;Bacteria;Pseudomonadati;PVC group;Planctomycetota;Planctomycetia;Pirellulales;Pirellulaceae;Rhodopirellula;unclassified Rhodopirellula;Rhodopirellula sp. P2	0	0	0	0	0	1
1009682	Jeongeupia sp. HS-3	species	cellular organisms;Bacteria;Pseudomonadati;Pseudomonadota;Betaproteobacteria;Neisseriales;Chitinibacteraceae;Jeongeupia;unclassified Jeongeupia;Jeongeupia sp. HS-3	0	0	0	0	0	3
256325	Psychrobacter maritimus	species	cellular organisms;Bacteria;Pseudomonadati;Pseudomonadota;Gammaproteobacteria;Moraxellales;Moraxellaceae;Psychrobacter;Psychrobacter maritimus	0	0	0	0	0	1
